build	Set up job	﻿2026-02-24T01:16:40.1497201Z Current runner version: '2.331.0'
build	Set up job	2026-02-24T01:16:40.1524357Z ##[group]Runner Image Provisioner
build	Set up job	2026-02-24T01:16:40.1525263Z Hosted Compute Agent
build	Set up job	2026-02-24T01:16:40.1525849Z Version: 20260123.484
build	Set up job	2026-02-24T01:16:40.1526467Z Commit: 6bd6555ca37d84114959e1c76d2c01448ff61c5d
build	Set up job	2026-02-24T01:16:40.1527153Z Build Date: 2026-01-23T19:41:17Z
build	Set up job	2026-02-24T01:16:40.1527798Z Worker ID: {f9b6933a-0cf4-4497-bb15-d393064d3497}
build	Set up job	2026-02-24T01:16:40.1528523Z Azure Region: westus
build	Set up job	2026-02-24T01:16:40.1529015Z ##[endgroup]
build	Set up job	2026-02-24T01:16:40.1530498Z ##[group]Operating System
build	Set up job	2026-02-24T01:16:40.1531274Z Ubuntu
build	Set up job	2026-02-24T01:16:40.1531731Z 24.04.3
build	Set up job	2026-02-24T01:16:40.1532130Z LTS
build	Set up job	2026-02-24T01:16:40.1532686Z ##[endgroup]
build	Set up job	2026-02-24T01:16:40.1533179Z ##[group]Runner Image
build	Set up job	2026-02-24T01:16:40.1533681Z Image: ubuntu-24.04
build	Set up job	2026-02-24T01:16:40.1534248Z Version: 20260201.15.1
build	Set up job	2026-02-24T01:16:40.1535199Z Included Software: https://github.com/actions/runner-images/blob/ubuntu24/20260201.15/images/ubuntu/Ubuntu2404-Readme.md
build	Set up job	2026-02-24T01:16:40.1536888Z Image Release: https://github.com/actions/runner-images/releases/tag/ubuntu24%2F20260201.15
build	Set up job	2026-02-24T01:16:40.1537762Z ##[endgroup]
build	Set up job	2026-02-24T01:16:40.1538855Z ##[group]GITHUB_TOKEN Permissions
build	Set up job	2026-02-24T01:16:40.1541156Z Contents: read
build	Set up job	2026-02-24T01:16:40.1541685Z Metadata: read
build	Set up job	2026-02-24T01:16:40.1542289Z Packages: read
build	Set up job	2026-02-24T01:16:40.1542747Z ##[endgroup]
build	Set up job	2026-02-24T01:16:40.1545027Z Secret source: Actions
build	Set up job	2026-02-24T01:16:40.1545771Z Prepare workflow directory
build	Set up job	2026-02-24T01:16:40.1880914Z Prepare all required actions
build	Set up job	2026-02-24T01:16:40.1918371Z Getting action download info
build	Set up job	2026-02-24T01:16:40.7106073Z Download action repository 'actions/checkout@v4' (SHA:34e114876b0b11c390a56381ad16ebd13914f8d5)
build	Set up job	2026-02-24T01:16:40.8216089Z Download action repository 'actions/setup-python@v5' (SHA:a26af69be951a213d495a4c3e4e4022e16d87065)
build	Set up job	2026-02-24T01:16:40.9021607Z Download action repository 'actions/upload-artifact@v4' (SHA:ea165f8d65b6e75b540449e92b4886f43607fa02)
build	Set up job	2026-02-24T01:16:41.1248303Z Complete job name: build
build	Run actions/checkout@v4	﻿2026-02-24T01:16:41.1965150Z ##[group]Run actions/checkout@v4
build	Run actions/checkout@v4	2026-02-24T01:16:41.1965986Z with:
build	Run actions/checkout@v4	2026-02-24T01:16:41.1966399Z   repository: xhall-beep/APEXYX_ORI_AI
build	Run actions/checkout@v4	2026-02-24T01:16:41.1967068Z   token: ***
build	Run actions/checkout@v4	2026-02-24T01:16:41.1967454Z   ssh-strict: true
build	Run actions/checkout@v4	2026-02-24T01:16:41.1967838Z   ssh-user: git
build	Run actions/checkout@v4	2026-02-24T01:16:41.1968242Z   persist-credentials: true
build	Run actions/checkout@v4	2026-02-24T01:16:41.1968677Z   clean: true
build	Run actions/checkout@v4	2026-02-24T01:16:41.1969067Z   sparse-checkout-cone-mode: true
build	Run actions/checkout@v4	2026-02-24T01:16:41.1969548Z   fetch-depth: 1
build	Run actions/checkout@v4	2026-02-24T01:16:41.1969987Z   fetch-tags: false
build	Run actions/checkout@v4	2026-02-24T01:16:41.1970431Z   show-progress: true
build	Run actions/checkout@v4	2026-02-24T01:16:41.1971053Z   lfs: false
build	Run actions/checkout@v4	2026-02-24T01:16:41.1971468Z   submodules: false
build	Run actions/checkout@v4	2026-02-24T01:16:41.1971905Z   set-safe-directory: true
build	Run actions/checkout@v4	2026-02-24T01:16:41.1972740Z ##[endgroup]
build	Run actions/checkout@v4	2026-02-24T01:16:41.3038584Z Syncing repository: xhall-beep/APEXYX_ORI_AI
build	Run actions/checkout@v4	2026-02-24T01:16:41.3040800Z ##[group]Getting Git version info
build	Run actions/checkout@v4	2026-02-24T01:16:41.3041609Z Working directory is '/home/runner/work/APEXYX_ORI_AI/APEXYX_ORI_AI'
build	Run actions/checkout@v4	2026-02-24T01:16:41.3042737Z [command]/usr/bin/git version
build	Run actions/checkout@v4	2026-02-24T01:16:41.3114092Z git version 2.52.0
build	Run actions/checkout@v4	2026-02-24T01:16:41.3139741Z ##[endgroup]
build	Run actions/checkout@v4	2026-02-24T01:16:41.3154207Z Temporarily overriding HOME='/home/runner/work/_temp/8231da0c-4bbf-49ef-9530-f7d65a80b3b7' before making global git config changes
build	Run actions/checkout@v4	2026-02-24T01:16:41.3155887Z Adding repository directory to the temporary git global config as a safe directory
build	Run actions/checkout@v4	2026-02-24T01:16:41.3167080Z [command]/usr/bin/git config --global --add safe.directory /home/runner/work/APEXYX_ORI_AI/APEXYX_ORI_AI
build	Run actions/checkout@v4	2026-02-24T01:16:41.3204653Z Deleting the contents of '/home/runner/work/APEXYX_ORI_AI/APEXYX_ORI_AI'
build	Run actions/checkout@v4	2026-02-24T01:16:41.3207799Z ##[group]Initializing the repository
build	Run actions/checkout@v4	2026-02-24T01:16:41.3212238Z [command]/usr/bin/git init /home/runner/work/APEXYX_ORI_AI/APEXYX_ORI_AI
build	Run actions/checkout@v4	2026-02-24T01:16:41.3314669Z hint: Using 'master' as the name for the initial branch. This default branch name
build	Run actions/checkout@v4	2026-02-24T01:16:41.3315858Z hint: will change to "main" in Git 3.0. To configure the initial branch name
build	Run actions/checkout@v4	2026-02-24T01:16:41.3317157Z hint: to use in all of your new repositories, which will suppress this warning,
build	Run actions/checkout@v4	2026-02-24T01:16:41.3318035Z hint: call:
build	Run actions/checkout@v4	2026-02-24T01:16:41.3318656Z hint:
build	Run actions/checkout@v4	2026-02-24T01:16:41.3319429Z hint: 	git config --global init.defaultBranch <name>
build	Run actions/checkout@v4	2026-02-24T01:16:41.3320135Z hint:
build	Run actions/checkout@v4	2026-02-24T01:16:41.3321048Z hint: Names commonly chosen instead of 'master' are 'main', 'trunk' and
build	Run actions/checkout@v4	2026-02-24T01:16:41.3322141Z hint: 'development'. The just-created branch can be renamed via this command:
build	Run actions/checkout@v4	2026-02-24T01:16:41.3322988Z hint:
build	Run actions/checkout@v4	2026-02-24T01:16:41.3323419Z hint: 	git branch -m <name>
build	Run actions/checkout@v4	2026-02-24T01:16:41.3324036Z hint:
build	Run actions/checkout@v4	2026-02-24T01:16:41.3324826Z hint: Disable this message with "git config set advice.defaultBranchName false"
build	Run actions/checkout@v4	2026-02-24T01:16:41.3326089Z Initialized empty Git repository in /home/runner/work/APEXYX_ORI_AI/APEXYX_ORI_AI/.git/
build	Run actions/checkout@v4	2026-02-24T01:16:41.3329857Z [command]/usr/bin/git remote add origin https://github.com/xhall-beep/APEXYX_ORI_AI
build	Run actions/checkout@v4	2026-02-24T01:16:41.3363132Z ##[endgroup]
build	Run actions/checkout@v4	2026-02-24T01:16:41.3364349Z ##[group]Disabling automatic garbage collection
build	Run actions/checkout@v4	2026-02-24T01:16:41.3367950Z [command]/usr/bin/git config --local gc.auto 0
build	Run actions/checkout@v4	2026-02-24T01:16:41.3396570Z ##[endgroup]
build	Run actions/checkout@v4	2026-02-24T01:16:41.3397753Z ##[group]Setting up auth
build	Run actions/checkout@v4	2026-02-24T01:16:41.3404245Z [command]/usr/bin/git config --local --name-only --get-regexp core\.sshCommand
build	Run actions/checkout@v4	2026-02-24T01:16:41.3434805Z [command]/usr/bin/git submodule foreach --recursive sh -c "git config --local --name-only --get-regexp 'core\.sshCommand' && git config --local --unset-all 'core.sshCommand' || :"
build	Run actions/checkout@v4	2026-02-24T01:16:41.3774129Z [command]/usr/bin/git config --local --name-only --get-regexp http\.https\:\/\/github\.com\/\.extraheader
build	Run actions/checkout@v4	2026-02-24T01:16:41.3804021Z [command]/usr/bin/git submodule foreach --recursive sh -c "git config --local --name-only --get-regexp 'http\.https\:\/\/github\.com\/\.extraheader' && git config --local --unset-all 'http.https://github.com/.extraheader' || :"
build	Run actions/checkout@v4	2026-02-24T01:16:41.4020958Z [command]/usr/bin/git config --local --name-only --get-regexp ^includeIf\.gitdir:
build	Run actions/checkout@v4	2026-02-24T01:16:41.4050881Z [command]/usr/bin/git submodule foreach --recursive git config --local --show-origin --name-only --get-regexp remote.origin.url
build	Run actions/checkout@v4	2026-02-24T01:16:41.4276708Z [command]/usr/bin/git config --local http.https://github.com/.extraheader AUTHORIZATION: basic ***
build	Run actions/checkout@v4	2026-02-24T01:16:41.4315948Z ##[endgroup]
build	Run actions/checkout@v4	2026-02-24T01:16:41.4323868Z ##[group]Fetching the repository
build	Run actions/checkout@v4	2026-02-24T01:16:41.4325282Z [command]/usr/bin/git -c protocol.version=2 fetch --no-tags --prune --no-recurse-submodules --depth=1 origin +98dc99d70012ddcdc530e203b3b360a71aade786:refs/remotes/origin/main
build	Run actions/checkout@v4	2026-02-24T01:16:44.2518817Z From https://github.com/xhall-beep/APEXYX_ORI_AI
build	Run actions/checkout@v4	2026-02-24T01:16:44.2520087Z  * [new ref]         98dc99d70012ddcdc530e203b3b360a71aade786 -> origin/main
build	Run actions/checkout@v4	2026-02-24T01:16:44.2550711Z ##[endgroup]
build	Run actions/checkout@v4	2026-02-24T01:16:44.2551290Z ##[group]Determining the checkout info
build	Run actions/checkout@v4	2026-02-24T01:16:44.2553126Z ##[endgroup]
build	Run actions/checkout@v4	2026-02-24T01:16:44.2557917Z [command]/usr/bin/git sparse-checkout disable
build	Run actions/checkout@v4	2026-02-24T01:16:44.2596502Z [command]/usr/bin/git config --local --unset-all extensions.worktreeConfig
build	Run actions/checkout@v4	2026-02-24T01:16:44.2621156Z ##[group]Checking out the ref
build	Run actions/checkout@v4	2026-02-24T01:16:44.2624907Z [command]/usr/bin/git checkout --progress --force -B main refs/remotes/origin/main
build	Run actions/checkout@v4	2026-02-24T01:16:44.9021701Z Switched to a new branch 'main'
build	Run actions/checkout@v4	2026-02-24T01:16:44.9022793Z branch 'main' set up to track 'origin/main'.
build	Run actions/checkout@v4	2026-02-24T01:16:44.9059393Z ##[endgroup]
build	Run actions/checkout@v4	2026-02-24T01:16:44.9098422Z [command]/usr/bin/git log -1 --format=%H
build	Run actions/checkout@v4	2026-02-24T01:16:44.9120244Z 98dc99d70012ddcdc530e203b3b360a71aade786
build	Set up Python	﻿2026-02-24T01:16:44.9355399Z ##[group]Run actions/setup-python@v5
build	Set up Python	2026-02-24T01:16:44.9355778Z with:
build	Set up Python	2026-02-24T01:16:44.9356000Z   python-version: 3.11
build	Set up Python	2026-02-24T01:16:44.9356243Z   check-latest: false
build	Set up Python	2026-02-24T01:16:44.9356617Z   token: ***
build	Set up Python	2026-02-24T01:16:44.9356845Z   update-environment: true
build	Set up Python	2026-02-24T01:16:44.9357113Z   allow-prereleases: false
build	Set up Python	2026-02-24T01:16:44.9357610Z   freethreaded: false
build	Set up Python	2026-02-24T01:16:44.9357852Z ##[endgroup]
build	Set up Python	2026-02-24T01:16:45.1022963Z ##[group]Installed versions
build	Set up Python	2026-02-24T01:16:45.1133240Z Successfully set up CPython (3.11.14)
build	Set up Python	2026-02-24T01:16:45.1134339Z ##[endgroup]
build	Install System Dependencies	﻿2026-02-24T01:16:45.1251722Z ##[group]Run sudo apt-get update
build	Install System Dependencies	2026-02-24T01:16:45.1252161Z [36;1msudo apt-get update[0m
build	Install System Dependencies	2026-02-24T01:16:45.1252921Z [36;1msudo apt-get install -y build-essential libffi-dev libssl-dev python3-dev zip unzip openjdk-17-jdk wget zlib1g-dev autoconf libtool pkg-config cmake libstdc++6 lld[0m
build	Install System Dependencies	2026-02-24T01:16:45.1302809Z shell: /usr/bin/bash -e {0}
build	Install System Dependencies	2026-02-24T01:16:45.1303166Z env:
build	Install System Dependencies	2026-02-24T01:16:45.1303464Z   pythonLocation: /opt/hostedtoolcache/Python/3.11.14/x64
build	Install System Dependencies	2026-02-24T01:16:45.1303930Z   PKG_CONFIG_PATH: /opt/hostedtoolcache/Python/3.11.14/x64/lib/pkgconfig
build	Install System Dependencies	2026-02-24T01:16:45.1304383Z   Python_ROOT_DIR: /opt/hostedtoolcache/Python/3.11.14/x64
build	Install System Dependencies	2026-02-24T01:16:45.1304783Z   Python2_ROOT_DIR: /opt/hostedtoolcache/Python/3.11.14/x64
build	Install System Dependencies	2026-02-24T01:16:45.1305220Z   Python3_ROOT_DIR: /opt/hostedtoolcache/Python/3.11.14/x64
build	Install System Dependencies	2026-02-24T01:16:45.1305637Z   LD_LIBRARY_PATH: /opt/hostedtoolcache/Python/3.11.14/x64/lib
build	Install System Dependencies	2026-02-24T01:16:45.1305985Z ##[endgroup]
build	Install System Dependencies	2026-02-24T01:16:45.2054518Z Get:1 file:/etc/apt/apt-mirrors.txt Mirrorlist [144 B]
build	Install System Dependencies	2026-02-24T01:16:45.2381499Z Hit:2 http://azure.archive.ubuntu.com/ubuntu noble InRelease
build	Install System Dependencies	2026-02-24T01:16:45.2384472Z Get:6 https://packages.microsoft.com/repos/azure-cli noble InRelease [3564 B]
build	Install System Dependencies	2026-02-24T01:16:45.2396310Z Get:3 http://azure.archive.ubuntu.com/ubuntu noble-updates InRelease [126 kB]
build	Install System Dependencies	2026-02-24T01:16:45.2438028Z Get:7 https://packages.microsoft.com/ubuntu/24.04/prod noble InRelease [3600 B]
build	Install System Dependencies	2026-02-24T01:16:45.2456493Z Get:4 http://azure.archive.ubuntu.com/ubuntu noble-backports InRelease [126 kB]
build	Install System Dependencies	2026-02-24T01:16:45.2474807Z Get:5 http://azure.archive.ubuntu.com/ubuntu noble-security InRelease [126 kB]
build	Install System Dependencies	2026-02-24T01:16:45.3706239Z Get:8 https://packages.microsoft.com/repos/azure-cli noble/main amd64 Packages [2129 B]
build	Install System Dependencies	2026-02-24T01:16:45.4106746Z Get:9 http://azure.archive.ubuntu.com/ubuntu noble-updates/main amd64 Packages [1782 kB]
build	Install System Dependencies	2026-02-24T01:16:45.4238022Z Get:10 http://azure.archive.ubuntu.com/ubuntu noble-updates/main Translation-en [330 kB]
build	Install System Dependencies	2026-02-24T01:16:45.4248193Z Get:11 http://azure.archive.ubuntu.com/ubuntu noble-updates/main amd64 Components [175 kB]
build	Install System Dependencies	2026-02-24T01:16:45.4282182Z Get:12 http://azure.archive.ubuntu.com/ubuntu noble-updates/main amd64 c-n-f Metadata [16.5 kB]
build	Install System Dependencies	2026-02-24T01:16:45.4294833Z Get:13 http://azure.archive.ubuntu.com/ubuntu noble-updates/universe amd64 Packages [1557 kB]
build	Install System Dependencies	2026-02-24T01:16:45.4392224Z Get:14 http://azure.archive.ubuntu.com/ubuntu noble-updates/universe Translation-en [316 kB]
build	Install System Dependencies	2026-02-24T01:16:45.4447199Z Get:15 http://azure.archive.ubuntu.com/ubuntu noble-updates/universe amd64 Components [386 kB]
build	Install System Dependencies	2026-02-24T01:16:45.4463609Z Get:16 http://azure.archive.ubuntu.com/ubuntu noble-updates/universe amd64 c-n-f Metadata [32.6 kB]
build	Install System Dependencies	2026-02-24T01:16:45.4503926Z Get:17 http://azure.archive.ubuntu.com/ubuntu noble-updates/restricted amd64 Packages [2687 kB]
build	Install System Dependencies	2026-02-24T01:16:45.4677839Z Get:18 http://azure.archive.ubuntu.com/ubuntu noble-updates/restricted Translation-en [621 kB]
build	Install System Dependencies	2026-02-24T01:16:45.4734335Z Get:23 https://packages.microsoft.com/ubuntu/24.04/prod noble/main armhf Packages [11.4 kB]
build	Install System Dependencies	2026-02-24T01:16:45.4803185Z Get:24 https://packages.microsoft.com/ubuntu/24.04/prod noble/main all Packages [643 B]
build	Install System Dependencies	2026-02-24T01:16:45.4838910Z Get:25 https://packages.microsoft.com/ubuntu/24.04/prod noble/main arm64 Packages [74.1 kB]
build	Install System Dependencies	2026-02-24T01:16:45.4941535Z Get:26 https://packages.microsoft.com/ubuntu/24.04/prod noble/main amd64 Packages [94.3 kB]
build	Install System Dependencies	2026-02-24T01:16:45.5171873Z Get:19 http://azure.archive.ubuntu.com/ubuntu noble-updates/restricted amd64 Components [212 B]
build	Install System Dependencies	2026-02-24T01:16:45.5182994Z Get:20 http://azure.archive.ubuntu.com/ubuntu noble-updates/multiverse amd64 Packages [32.1 kB]
build	Install System Dependencies	2026-02-24T01:16:45.5193096Z Get:21 http://azure.archive.ubuntu.com/ubuntu noble-updates/multiverse Translation-en [7044 B]
build	Install System Dependencies	2026-02-24T01:16:45.5205088Z Get:22 http://azure.archive.ubuntu.com/ubuntu noble-updates/multiverse amd64 Components [940 B]
build	Install System Dependencies	2026-02-24T01:16:45.5362108Z Get:27 http://azure.archive.ubuntu.com/ubuntu noble-backports/main amd64 Components [7304 B]
build	Install System Dependencies	2026-02-24T01:16:45.5378263Z Get:28 http://azure.archive.ubuntu.com/ubuntu noble-backports/universe amd64 Components [10.5 kB]
build	Install System Dependencies	2026-02-24T01:16:45.5389381Z Get:29 http://azure.archive.ubuntu.com/ubuntu noble-backports/restricted amd64 Components [216 B]
build	Install System Dependencies	2026-02-24T01:16:45.5400381Z Get:30 http://azure.archive.ubuntu.com/ubuntu noble-backports/multiverse amd64 Components [212 B]
build	Install System Dependencies	2026-02-24T01:16:45.5873309Z Get:31 http://azure.archive.ubuntu.com/ubuntu noble-security/main amd64 Packages [1477 kB]
build	Install System Dependencies	2026-02-24T01:16:45.5959318Z Get:32 http://azure.archive.ubuntu.com/ubuntu noble-security/main Translation-en [237 kB]
build	Install System Dependencies	2026-02-24T01:16:45.5983208Z Get:33 http://azure.archive.ubuntu.com/ubuntu noble-security/main amd64 Components [21.5 kB]
build	Install System Dependencies	2026-02-24T01:16:45.5997210Z Get:34 http://azure.archive.ubuntu.com/ubuntu noble-security/main amd64 c-n-f Metadata [9936 B]
build	Install System Dependencies	2026-02-24T01:16:45.6009074Z Get:35 http://azure.archive.ubuntu.com/ubuntu noble-security/universe amd64 Packages [936 kB]
build	Install System Dependencies	2026-02-24T01:16:45.6060996Z Get:36 http://azure.archive.ubuntu.com/ubuntu noble-security/universe Translation-en [216 kB]
build	Install System Dependencies	2026-02-24T01:16:45.6526535Z Get:37 http://azure.archive.ubuntu.com/ubuntu noble-security/universe amd64 Components [74.2 kB]
build	Install System Dependencies	2026-02-24T01:16:45.6539539Z Get:38 http://azure.archive.ubuntu.com/ubuntu noble-security/universe amd64 c-n-f Metadata [20.0 kB]
build	Install System Dependencies	2026-02-24T01:16:45.6552854Z Get:39 http://azure.archive.ubuntu.com/ubuntu noble-security/restricted amd64 Packages [2528 kB]
build	Install System Dependencies	2026-02-24T01:16:45.6670366Z Get:40 http://azure.archive.ubuntu.com/ubuntu noble-security/restricted Translation-en [584 kB]
build	Install System Dependencies	2026-02-24T01:16:45.6705157Z Get:41 http://azure.archive.ubuntu.com/ubuntu noble-security/restricted amd64 Components [212 B]
build	Install System Dependencies	2026-02-24T01:16:45.6715586Z Get:42 http://azure.archive.ubuntu.com/ubuntu noble-security/multiverse Translation-en [6732 B]
build	Install System Dependencies	2026-02-24T01:16:45.6726136Z Get:43 http://azure.archive.ubuntu.com/ubuntu noble-security/multiverse amd64 Components [212 B]
build	Install System Dependencies	2026-02-24T01:16:54.6345444Z Fetched 14.6 MB in 2s (8680 kB/s)
build	Install System Dependencies	2026-02-24T01:16:55.4262446Z Reading package lists...
build	Install System Dependencies	2026-02-24T01:16:55.4594802Z Reading package lists...
build	Install System Dependencies	2026-02-24T01:16:55.6418814Z Building dependency tree...
build	Install System Dependencies	2026-02-24T01:16:55.6429379Z Reading state information...
build	Install System Dependencies	2026-02-24T01:16:55.8156053Z libffi-dev is already the newest version (3.4.6-1build1).
build	Install System Dependencies	2026-02-24T01:16:55.8156948Z libffi-dev set to manually installed.
build	Install System Dependencies	2026-02-24T01:16:55.8158038Z libssl-dev is already the newest version (3.0.13-0ubuntu3.7).
build	Install System Dependencies	2026-02-24T01:16:55.8159202Z python3-dev is already the newest version (3.12.3-0ubuntu2.1).
build	Install System Dependencies	2026-02-24T01:16:55.8160160Z zip is already the newest version (3.0-13ubuntu0.2).
build	Install System Dependencies	2026-02-24T01:16:55.8161222Z unzip is already the newest version (6.0-28ubuntu4.1).
build	Install System Dependencies	2026-02-24T01:16:55.8162054Z wget is already the newest version (1.21.4-1ubuntu4.1).
build	Install System Dependencies	2026-02-24T01:16:55.8162880Z zlib1g-dev is already the newest version (1:1.3.dfsg-3.1ubuntu2.1).
build	Install System Dependencies	2026-02-24T01:16:55.8163719Z autoconf is already the newest version (2.71-3).
build	Install System Dependencies	2026-02-24T01:16:55.8164486Z libtool is already the newest version (2.4.7-7build1).
build	Install System Dependencies	2026-02-24T01:16:55.8165329Z pkg-config is already the newest version (1.8.1-2build1).
build	Install System Dependencies	2026-02-24T01:16:55.8166130Z The following additional packages will be installed:
build	Install System Dependencies	2026-02-24T01:16:55.8167065Z   ca-certificates-java cmake-data cpp-14 cpp-14-x86-64-linux-gnu g++-14
build	Install System Dependencies	2026-02-24T01:16:55.8168071Z   g++-14-x86-64-linux-gnu gcc-14 gcc-14-base gcc-14-x86-64-linux-gnu
build	Install System Dependencies	2026-02-24T01:16:55.8169047Z   gfortran-14 gfortran-14-x86-64-linux-gnu lib32gcc-s1 lib32stdc++6 libasan8
build	Install System Dependencies	2026-02-24T01:16:55.8169759Z   libatk-wrapper-java libatk-wrapper-java-jni libatomic1 libcc1-0
build	Install System Dependencies	2026-02-24T01:16:55.8170293Z   libgcc-14-dev libgcc-s1 libgfortran-14-dev libgfortran5 libgif7 libgomp1
build	Install System Dependencies	2026-02-24T01:16:55.8171576Z   libhwasan0 libice-dev libitm1 libjsoncpp25 liblsan0 libobjc4 libpcsclite1
build	Install System Dependencies	2026-02-24T01:16:55.8172081Z   libpthread-stubs0-dev libquadmath0 librhash0 libsm-dev libstdc++-14-dev
build	Install System Dependencies	2026-02-24T01:16:55.8172556Z   libtsan2 libubsan1 libx11-dev libxau-dev libxcb-shape0 libxcb1-dev
build	Install System Dependencies	2026-02-24T01:16:55.8173190Z   libxdmcp-dev libxt-dev libxv1 libxxf86dga1 openjdk-17-jdk-headless
build	Install System Dependencies	2026-02-24T01:16:55.8173943Z   openjdk-17-jre openjdk-17-jre-headless x11-utils x11proto-dev
build	Install System Dependencies	2026-02-24T01:16:55.8174525Z   xorg-sgml-doctools xtrans-dev
build	Install System Dependencies	2026-02-24T01:16:55.8174927Z Suggested packages:
build	Install System Dependencies	2026-02-24T01:16:55.8175603Z   cmake-doc cmake-format elpa-cmake-mode ninja-build gcc-14-locales cpp-14-doc
build	Install System Dependencies	2026-02-24T01:16:55.8176449Z   g++-14-multilib gcc-14-doc gcc-14-multilib gfortran-14-multilib
build	Install System Dependencies	2026-02-24T01:16:55.8177029Z   gfortran-14-doc libcoarrays-dev libice-doc pcscd libsm-doc libstdc++-14-doc
build	Install System Dependencies	2026-02-24T01:16:55.8177539Z   libx11-doc libxcb-doc libxt-doc openjdk-17-demo openjdk-17-source visualvm
build	Install System Dependencies	2026-02-24T01:16:55.8178034Z   libnss-mdns fonts-ipafont-gothic fonts-ipafont-mincho fonts-wqy-microhei
build	Install System Dependencies	2026-02-24T01:16:55.8178436Z   | fonts-wqy-zenhei fonts-indic mesa-utils
build	Install System Dependencies	2026-02-24T01:16:55.8178700Z Recommended packages:
build	Install System Dependencies	2026-02-24T01:16:55.8178912Z   luit
build	Install System Dependencies	2026-02-24T01:16:55.8608023Z The following NEW packages will be installed:
build	Install System Dependencies	2026-02-24T01:16:55.8610902Z   build-essential ca-certificates-java cmake cmake-data libatk-wrapper-java
build	Install System Dependencies	2026-02-24T01:16:55.8614298Z   libatk-wrapper-java-jni libgif7 libice-dev libjsoncpp25 libpcsclite1
build	Install System Dependencies	2026-02-24T01:16:55.8618388Z   libpthread-stubs0-dev librhash0 libsm-dev libx11-dev libxau-dev
build	Install System Dependencies	2026-02-24T01:16:55.8621437Z   libxcb-shape0 libxcb1-dev libxdmcp-dev libxt-dev libxv1 libxxf86dga1 lld
build	Install System Dependencies	2026-02-24T01:16:55.8622356Z   openjdk-17-jdk openjdk-17-jdk-headless openjdk-17-jre
build	Install System Dependencies	2026-02-24T01:16:55.8624639Z   openjdk-17-jre-headless x11-utils x11proto-dev xorg-sgml-doctools xtrans-dev
build	Install System Dependencies	2026-02-24T01:16:55.8630131Z The following packages will be upgraded:
build	Install System Dependencies	2026-02-24T01:16:55.8631007Z   cpp-14 cpp-14-x86-64-linux-gnu g++-14 g++-14-x86-64-linux-gnu gcc-14
build	Install System Dependencies	2026-02-24T01:16:55.8641509Z   gcc-14-base gcc-14-x86-64-linux-gnu gfortran-14 gfortran-14-x86-64-linux-gnu
build	Install System Dependencies	2026-02-24T01:16:55.8642415Z   lib32gcc-s1 lib32stdc++6 libasan8 libatomic1 libcc1-0 libgcc-14-dev
build	Install System Dependencies	2026-02-24T01:16:55.8643262Z   libgcc-s1 libgfortran-14-dev libgfortran5 libgomp1 libhwasan0 libitm1
build	Install System Dependencies	2026-02-24T01:16:55.8644101Z   liblsan0 libobjc4 libquadmath0 libstdc++-14-dev libstdc++6 libtsan2
build	Install System Dependencies	2026-02-24T01:16:55.8644656Z   libubsan1
build	Install System Dependencies	2026-02-24T01:16:55.8880093Z 28 upgraded, 30 newly installed, 0 to remove and 136 not upgraded.
build	Install System Dependencies	2026-02-24T01:16:55.8880812Z Need to get 219 MB of archives.
build	Install System Dependencies	2026-02-24T01:16:55.8881150Z After this operation, 332 MB of additional disk space will be used.
build	Install System Dependencies	2026-02-24T01:16:55.8881825Z Get:1 file:/etc/apt/apt-mirrors.txt Mirrorlist [144 B]
build	Install System Dependencies	2026-02-24T01:16:55.9705513Z Get:2 http://azure.archive.ubuntu.com/ubuntu noble-updates/main amd64 libgomp1 amd64 14.2.0-4ubuntu2~24.04.1 [148 kB]
build	Install System Dependencies	2026-02-24T01:16:56.0357716Z Get:3 http://azure.archive.ubuntu.com/ubuntu noble-updates/main amd64 libitm1 amd64 14.2.0-4ubuntu2~24.04.1 [29.7 kB]
build	Install System Dependencies	2026-02-24T01:16:56.0966334Z Get:4 http://azure.archive.ubuntu.com/ubuntu noble-updates/main amd64 libatomic1 amd64 14.2.0-4ubuntu2~24.04.1 [10.5 kB]
build	Install System Dependencies	2026-02-24T01:16:56.1574188Z Get:5 http://azure.archive.ubuntu.com/ubuntu noble-updates/main amd64 libasan8 amd64 14.2.0-4ubuntu2~24.04.1 [3027 kB]
build	Install System Dependencies	2026-02-24T01:16:56.2768772Z Get:6 http://azure.archive.ubuntu.com/ubuntu noble-updates/main amd64 liblsan0 amd64 14.2.0-4ubuntu2~24.04.1 [1322 kB]
build	Install System Dependencies	2026-02-24T01:16:56.3621098Z Get:7 http://azure.archive.ubuntu.com/ubuntu noble-updates/main amd64 libtsan2 amd64 14.2.0-4ubuntu2~24.04.1 [2772 kB]
build	Install System Dependencies	2026-02-24T01:16:56.5110936Z Get:8 http://azure.archive.ubuntu.com/ubuntu noble-updates/main amd64 libubsan1 amd64 14.2.0-4ubuntu2~24.04.1 [1184 kB]
build	Install System Dependencies	2026-02-24T01:16:56.6101870Z Get:9 http://azure.archive.ubuntu.com/ubuntu noble-updates/main amd64 libhwasan0 amd64 14.2.0-4ubuntu2~24.04.1 [1641 kB]
build	Install System Dependencies	2026-02-24T01:16:56.7043598Z Get:10 http://azure.archive.ubuntu.com/ubuntu noble-updates/main amd64 libquadmath0 amd64 14.2.0-4ubuntu2~24.04.1 [153 kB]
build	Install System Dependencies	2026-02-24T01:16:56.7674068Z Get:11 http://azure.archive.ubuntu.com/ubuntu noble-updates/main amd64 libgfortran5 amd64 14.2.0-4ubuntu2~24.04.1 [916 kB]
build	Install System Dependencies	2026-02-24T01:16:56.8481619Z Get:12 http://azure.archive.ubuntu.com/ubuntu noble-updates/universe amd64 g++-14-x86-64-linux-gnu amd64 14.2.0-4ubuntu2~24.04.1 [13.4 MB]
build	Install System Dependencies	2026-02-24T01:16:57.1612605Z Get:13 http://azure.archive.ubuntu.com/ubuntu noble-updates/universe amd64 g++-14 amd64 14.2.0-4ubuntu2~24.04.1 [19.0 kB]
build	Install System Dependencies	2026-02-24T01:16:57.2225800Z Get:14 http://azure.archive.ubuntu.com/ubuntu noble-updates/universe amd64 gfortran-14 amd64 14.2.0-4ubuntu2~24.04.1 [11.6 kB]
build	Install System Dependencies	2026-02-24T01:16:57.2838253Z Get:15 http://azure.archive.ubuntu.com/ubuntu noble-updates/universe amd64 gcc-14 amd64 14.2.0-4ubuntu2~24.04.1 [522 kB]
build	Install System Dependencies	2026-02-24T01:16:57.3530335Z Get:16 http://azure.archive.ubuntu.com/ubuntu noble-updates/universe amd64 cpp-14 amd64 14.2.0-4ubuntu2~24.04.1 [1038 B]
build	Install System Dependencies	2026-02-24T01:16:57.4139068Z Get:17 http://azure.archive.ubuntu.com/ubuntu noble-updates/universe amd64 cpp-14-x86-64-linux-gnu amd64 14.2.0-4ubuntu2~24.04.1 [11.9 MB]
build	Install System Dependencies	2026-02-24T01:16:57.6988145Z Get:18 http://azure.archive.ubuntu.com/ubuntu noble-updates/main amd64 libcc1-0 amd64 14.2.0-4ubuntu2~24.04.1 [48.0 kB]
build	Install System Dependencies	2026-02-24T01:16:57.7606579Z Get:19 http://azure.archive.ubuntu.com/ubuntu noble-updates/universe amd64 gcc-14-x86-64-linux-gnu amd64 14.2.0-4ubuntu2~24.04.1 [23.4 MB]
build	Install System Dependencies	2026-02-24T01:16:58.2878747Z Get:20 http://azure.archive.ubuntu.com/ubuntu noble-updates/universe amd64 gfortran-14-x86-64-linux-gnu amd64 14.2.0-4ubuntu2~24.04.1 [12.6 MB]
build	Install System Dependencies	2026-02-24T01:16:58.5994555Z Get:21 http://azure.archive.ubuntu.com/ubuntu noble-updates/universe amd64 libgfortran-14-dev amd64 14.2.0-4ubuntu2~24.04.1 [966 kB]
build	Install System Dependencies	2026-02-24T01:16:58.6775508Z Get:22 http://azure.archive.ubuntu.com/ubuntu noble-updates/main amd64 libgcc-14-dev amd64 14.2.0-4ubuntu2~24.04.1 [2820 kB]
build	Install System Dependencies	2026-02-24T01:16:58.7910302Z Get:23 http://azure.archive.ubuntu.com/ubuntu noble-updates/main amd64 gcc-14-base amd64 14.2.0-4ubuntu2~24.04.1 [51.0 kB]
build	Install System Dependencies	2026-02-24T01:16:58.8566911Z Get:24 http://azure.archive.ubuntu.com/ubuntu noble-updates/main amd64 libstdc++6 amd64 14.2.0-4ubuntu2~24.04.1 [792 kB]
build	Install System Dependencies	2026-02-24T01:16:58.9369628Z Get:25 http://azure.archive.ubuntu.com/ubuntu noble-updates/universe amd64 libstdc++-14-dev amd64 14.2.0-4ubuntu2~24.04.1 [2507 kB]
build	Install System Dependencies	2026-02-24T01:16:59.0697420Z Get:26 http://azure.archive.ubuntu.com/ubuntu noble-updates/universe amd64 libobjc4 amd64 14.2.0-4ubuntu2~24.04.1 [47.1 kB]
build	Install System Dependencies	2026-02-24T01:16:59.1354352Z Get:27 http://azure.archive.ubuntu.com/ubuntu noble-updates/main amd64 lib32gcc-s1 amd64 14.2.0-4ubuntu2~24.04.1 [92.3 kB]
build	Install System Dependencies	2026-02-24T01:16:59.2032791Z Get:28 http://azure.archive.ubuntu.com/ubuntu noble-updates/main amd64 lib32stdc++6 amd64 14.2.0-4ubuntu2~24.04.1 [814 kB]
build	Install System Dependencies	2026-02-24T01:16:59.2832886Z Get:29 http://azure.archive.ubuntu.com/ubuntu noble-updates/main amd64 libgcc-s1 amd64 14.2.0-4ubuntu2~24.04.1 [78.4 kB]
build	Install System Dependencies	2026-02-24T01:16:59.3489747Z Get:30 http://azure.archive.ubuntu.com/ubuntu noble/main amd64 build-essential amd64 12.10ubuntu1 [4928 B]
build	Install System Dependencies	2026-02-24T01:16:59.4146474Z Get:31 http://azure.archive.ubuntu.com/ubuntu noble/main amd64 ca-certificates-java all 20240118 [11.6 kB]
build	Install System Dependencies	2026-02-24T01:16:59.4794536Z Get:32 http://azure.archive.ubuntu.com/ubuntu noble/main amd64 libjsoncpp25 amd64 1.9.5-6build1 [82.8 kB]
build	Install System Dependencies	2026-02-24T01:16:59.5450155Z Get:33 http://azure.archive.ubuntu.com/ubuntu noble/main amd64 librhash0 amd64 1.4.3-3build1 [129 kB]
build	Install System Dependencies	2026-02-24T01:16:59.6124918Z Get:34 http://azure.archive.ubuntu.com/ubuntu noble/main amd64 cmake-data all 3.28.3-1build7 [2155 kB]
build	Install System Dependencies	2026-02-24T01:16:59.7210047Z Get:35 http://azure.archive.ubuntu.com/ubuntu noble/main amd64 cmake amd64 3.28.3-1build7 [11.2 MB]
build	Install System Dependencies	2026-02-24T01:17:00.1347182Z Get:36 http://azure.archive.ubuntu.com/ubuntu noble/main amd64 libxcb-shape0 amd64 1.15-1ubuntu2 [6100 B]
build	Install System Dependencies	2026-02-24T01:17:00.1999557Z Get:37 http://azure.archive.ubuntu.com/ubuntu noble/main amd64 libxv1 amd64 2:1.0.11-1.1build1 [10.7 kB]
build	Install System Dependencies	2026-02-24T01:17:00.2659251Z Get:38 http://azure.archive.ubuntu.com/ubuntu noble/main amd64 libxxf86dga1 amd64 2:1.1.5-1build1 [11.6 kB]
build	Install System Dependencies	2026-02-24T01:17:00.3267550Z Get:39 http://azure.archive.ubuntu.com/ubuntu noble/main amd64 x11-utils amd64 7.7+6build2 [189 kB]
build	Install System Dependencies	2026-02-24T01:17:00.4541292Z Get:40 http://azure.archive.ubuntu.com/ubuntu noble/main amd64 libatk-wrapper-java all 0.40.0-3build2 [54.3 kB]
build	Install System Dependencies	2026-02-24T01:17:00.6495334Z Get:41 http://azure.archive.ubuntu.com/ubuntu noble/main amd64 libatk-wrapper-java-jni amd64 0.40.0-3build2 [46.4 kB]
build	Install System Dependencies	2026-02-24T01:17:00.7256280Z Get:42 http://azure.archive.ubuntu.com/ubuntu noble/main amd64 libgif7 amd64 5.2.2-1ubuntu1 [35.2 kB]
build	Install System Dependencies	2026-02-24T01:17:00.7985775Z Get:43 http://azure.archive.ubuntu.com/ubuntu noble/main amd64 xorg-sgml-doctools all 1:1.11-1.1 [10.9 kB]
build	Install System Dependencies	2026-02-24T01:17:00.8653912Z Get:44 http://azure.archive.ubuntu.com/ubuntu noble/main amd64 x11proto-dev all 2023.2-1 [602 kB]
build	Install System Dependencies	2026-02-24T01:17:00.9476368Z Get:45 http://azure.archive.ubuntu.com/ubuntu noble/main amd64 libice-dev amd64 2:1.0.10-1build3 [51.0 kB]
build	Install System Dependencies	2026-02-24T01:17:01.1058854Z Get:46 http://azure.archive.ubuntu.com/ubuntu noble/main amd64 libpcsclite1 amd64 2.0.3-1build1 [21.4 kB]
build	Install System Dependencies	2026-02-24T01:17:01.1873157Z Get:47 http://azure.archive.ubuntu.com/ubuntu noble/main amd64 libpthread-stubs0-dev amd64 0.4-1build3 [4746 B]
build	Install System Dependencies	2026-02-24T01:17:01.2497702Z Get:48 http://azure.archive.ubuntu.com/ubuntu noble/main amd64 libsm-dev amd64 2:1.2.3-1build3 [17.8 kB]
build	Install System Dependencies	2026-02-24T01:17:01.3153454Z Get:49 http://azure.archive.ubuntu.com/ubuntu noble/main amd64 libxau-dev amd64 1:1.0.9-1build6 [9570 B]
build	Install System Dependencies	2026-02-24T01:17:01.3769437Z Get:50 http://azure.archive.ubuntu.com/ubuntu noble/main amd64 libxdmcp-dev amd64 1:1.1.3-0ubuntu6 [26.5 kB]
build	Install System Dependencies	2026-02-24T01:17:01.4391615Z Get:51 http://azure.archive.ubuntu.com/ubuntu noble/main amd64 xtrans-dev all 1.4.0-1 [68.9 kB]
build	Install System Dependencies	2026-02-24T01:17:01.5017356Z Get:52 http://azure.archive.ubuntu.com/ubuntu noble/main amd64 libxcb1-dev amd64 1.15-1ubuntu2 [85.8 kB]
build	Install System Dependencies	2026-02-24T01:17:01.5766989Z Get:53 http://azure.archive.ubuntu.com/ubuntu noble/main amd64 libx11-dev amd64 2:1.8.7-1build1 [732 kB]
build	Install System Dependencies	2026-02-24T01:17:01.6613405Z Get:54 http://azure.archive.ubuntu.com/ubuntu noble/main amd64 libxt-dev amd64 1:1.2.1-1.2build1 [394 kB]
build	Install System Dependencies	2026-02-24T01:17:01.7440370Z Get:55 http://azure.archive.ubuntu.com/ubuntu noble/universe amd64 lld amd64 1:18.0-59~exp2 [5494 B]
build	Install System Dependencies	2026-02-24T01:17:01.8095744Z Get:56 http://azure.archive.ubuntu.com/ubuntu noble-updates/main amd64 openjdk-17-jre-headless amd64 17.0.18+8-1~24.04.1 [48.0 MB]
build	Install System Dependencies	2026-02-24T01:17:03.7752921Z Get:57 http://azure.archive.ubuntu.com/ubuntu noble-updates/main amd64 openjdk-17-jre amd64 17.0.18+8-1~24.04.1 [234 kB]
build	Install System Dependencies	2026-02-24T01:17:03.8488798Z Get:58 http://azure.archive.ubuntu.com/ubuntu noble-updates/main amd64 openjdk-17-jdk-headless amd64 17.0.18+8-1~24.04.1 [71.5 MB]
build	Install System Dependencies	2026-02-24T01:17:06.7845537Z Get:59 http://azure.archive.ubuntu.com/ubuntu noble-updates/main amd64 openjdk-17-jdk amd64 17.0.18+8-1~24.04.1 [1533 kB]
build	Install System Dependencies	2026-02-24T01:17:07.1249378Z Fetched 219 MB in 11s (19.9 MB/s)
build	Install System Dependencies	2026-02-24T01:17:07.1761373Z (Reading database ... 
build	Install System Dependencies	2026-02-24T01:17:07.1761897Z (Reading database ... 5%
build	Install System Dependencies	2026-02-24T01:17:07.1762361Z (Reading database ... 10%
build	Install System Dependencies	2026-02-24T01:17:07.1762788Z (Reading database ... 15%
build	Install System Dependencies	2026-02-24T01:17:07.1763197Z (Reading database ... 20%
build	Install System Dependencies	2026-02-24T01:17:07.1763607Z (Reading database ... 25%
build	Install System Dependencies	2026-02-24T01:17:07.1764150Z (Reading database ... 30%
build	Install System Dependencies	2026-02-24T01:17:07.1764571Z (Reading database ... 35%
build	Install System Dependencies	2026-02-24T01:17:07.1764978Z (Reading database ... 40%
build	Install System Dependencies	2026-02-24T01:17:07.1765250Z (Reading database ... 45%
build	Install System Dependencies	2026-02-24T01:17:07.1765509Z (Reading database ... 50%
build	Install System Dependencies	2026-02-24T01:17:07.1870896Z (Reading database ... 55%
build	Install System Dependencies	2026-02-24T01:17:07.2826020Z (Reading database ... 60%
build	Install System Dependencies	2026-02-24T01:17:07.4292390Z (Reading database ... 65%
build	Install System Dependencies	2026-02-24T01:17:07.4705039Z (Reading database ... 70%
build	Install System Dependencies	2026-02-24T01:17:07.5724826Z (Reading database ... 75%
build	Install System Dependencies	2026-02-24T01:17:07.7172808Z (Reading database ... 80%
build	Install System Dependencies	2026-02-24T01:17:07.8592372Z (Reading database ... 85%
build	Install System Dependencies	2026-02-24T01:17:08.0160789Z (Reading database ... 90%
build	Install System Dependencies	2026-02-24T01:17:08.1251410Z (Reading database ... 95%
build	Install System Dependencies	2026-02-24T01:17:08.1251811Z (Reading database ... 100%
build	Install System Dependencies	2026-02-24T01:17:08.1252496Z (Reading database ... 217745 files and directories currently installed.)
build	Install System Dependencies	2026-02-24T01:17:08.1297263Z Preparing to unpack .../00-libgomp1_14.2.0-4ubuntu2~24.04.1_amd64.deb ...
build	Install System Dependencies	2026-02-24T01:17:08.1433776Z Unpacking libgomp1:amd64 (14.2.0-4ubuntu2~24.04.1) over (14.2.0-4ubuntu2~24.04) ...
build	Install System Dependencies	2026-02-24T01:17:08.1831689Z Preparing to unpack .../01-libitm1_14.2.0-4ubuntu2~24.04.1_amd64.deb ...
build	Install System Dependencies	2026-02-24T01:17:08.1870122Z Unpacking libitm1:amd64 (14.2.0-4ubuntu2~24.04.1) over (14.2.0-4ubuntu2~24.04) ...
build	Install System Dependencies	2026-02-24T01:17:08.2255625Z Preparing to unpack .../02-libatomic1_14.2.0-4ubuntu2~24.04.1_amd64.deb ...
build	Install System Dependencies	2026-02-24T01:17:08.2295009Z Unpacking libatomic1:amd64 (14.2.0-4ubuntu2~24.04.1) over (14.2.0-4ubuntu2~24.04) ...
build	Install System Dependencies	2026-02-24T01:17:08.2672289Z Preparing to unpack .../03-libasan8_14.2.0-4ubuntu2~24.04.1_amd64.deb ...
build	Install System Dependencies	2026-02-24T01:17:08.2794434Z Unpacking libasan8:amd64 (14.2.0-4ubuntu2~24.04.1) over (14.2.0-4ubuntu2~24.04) ...
build	Install System Dependencies	2026-02-24T01:17:08.3678009Z Preparing to unpack .../04-liblsan0_14.2.0-4ubuntu2~24.04.1_amd64.deb ...
build	Install System Dependencies	2026-02-24T01:17:08.3715254Z Unpacking liblsan0:amd64 (14.2.0-4ubuntu2~24.04.1) over (14.2.0-4ubuntu2~24.04) ...
build	Install System Dependencies	2026-02-24T01:17:08.4267851Z Preparing to unpack .../05-libtsan2_14.2.0-4ubuntu2~24.04.1_amd64.deb ...
build	Install System Dependencies	2026-02-24T01:17:08.4298564Z Unpacking libtsan2:amd64 (14.2.0-4ubuntu2~24.04.1) over (14.2.0-4ubuntu2~24.04) ...
build	Install System Dependencies	2026-02-24T01:17:08.5087645Z Preparing to unpack .../06-libubsan1_14.2.0-4ubuntu2~24.04.1_amd64.deb ...
build	Install System Dependencies	2026-02-24T01:17:08.5126801Z Unpacking libubsan1:amd64 (14.2.0-4ubuntu2~24.04.1) over (14.2.0-4ubuntu2~24.04) ...
build	Install System Dependencies	2026-02-24T01:17:08.5647947Z Preparing to unpack .../07-libhwasan0_14.2.0-4ubuntu2~24.04.1_amd64.deb ...
build	Install System Dependencies	2026-02-24T01:17:08.5730938Z Unpacking libhwasan0:amd64 (14.2.0-4ubuntu2~24.04.1) over (14.2.0-4ubuntu2~24.04) ...
build	Install System Dependencies	2026-02-24T01:17:08.6318425Z Preparing to unpack .../08-libquadmath0_14.2.0-4ubuntu2~24.04.1_amd64.deb ...
build	Install System Dependencies	2026-02-24T01:17:08.6352037Z Unpacking libquadmath0:amd64 (14.2.0-4ubuntu2~24.04.1) over (14.2.0-4ubuntu2~24.04) ...
build	Install System Dependencies	2026-02-24T01:17:08.6751182Z Preparing to unpack .../09-libgfortran5_14.2.0-4ubuntu2~24.04.1_amd64.deb ...
build	Install System Dependencies	2026-02-24T01:17:08.6873590Z Unpacking libgfortran5:amd64 (14.2.0-4ubuntu2~24.04.1) over (14.2.0-4ubuntu2~24.04) ...
build	Install System Dependencies	2026-02-24T01:17:08.7366043Z Preparing to unpack .../10-g++-14-x86-64-linux-gnu_14.2.0-4ubuntu2~24.04.1_amd64.deb ...
build	Install System Dependencies	2026-02-24T01:17:08.7399643Z Unpacking g++-14-x86-64-linux-gnu (14.2.0-4ubuntu2~24.04.1) over (14.2.0-4ubuntu2~24.04) ...
build	Install System Dependencies	2026-02-24T01:17:08.9362946Z Preparing to unpack .../11-g++-14_14.2.0-4ubuntu2~24.04.1_amd64.deb ...
build	Install System Dependencies	2026-02-24T01:17:08.9393071Z Unpacking g++-14 (14.2.0-4ubuntu2~24.04.1) over (14.2.0-4ubuntu2~24.04) ...
build	Install System Dependencies	2026-02-24T01:17:08.9799645Z Preparing to unpack .../12-gfortran-14_14.2.0-4ubuntu2~24.04.1_amd64.deb ...
build	Install System Dependencies	2026-02-24T01:17:08.9832645Z Unpacking gfortran-14 (14.2.0-4ubuntu2~24.04.1) over (14.2.0-4ubuntu2~24.04) ...
build	Install System Dependencies	2026-02-24T01:17:09.0248522Z Preparing to unpack .../13-gcc-14_14.2.0-4ubuntu2~24.04.1_amd64.deb ...
build	Install System Dependencies	2026-02-24T01:17:09.0278471Z Unpacking gcc-14 (14.2.0-4ubuntu2~24.04.1) over (14.2.0-4ubuntu2~24.04) ...
build	Install System Dependencies	2026-02-24T01:17:09.0904746Z Preparing to unpack .../14-cpp-14_14.2.0-4ubuntu2~24.04.1_amd64.deb ...
build	Install System Dependencies	2026-02-24T01:17:09.0936037Z Unpacking cpp-14 (14.2.0-4ubuntu2~24.04.1) over (14.2.0-4ubuntu2~24.04) ...
build	Install System Dependencies	2026-02-24T01:17:09.1310308Z Preparing to unpack .../15-cpp-14-x86-64-linux-gnu_14.2.0-4ubuntu2~24.04.1_amd64.deb ...
build	Install System Dependencies	2026-02-24T01:17:09.1344461Z Unpacking cpp-14-x86-64-linux-gnu (14.2.0-4ubuntu2~24.04.1) over (14.2.0-4ubuntu2~24.04) ...
build	Install System Dependencies	2026-02-24T01:17:09.3020849Z Preparing to unpack .../16-libcc1-0_14.2.0-4ubuntu2~24.04.1_amd64.deb ...
build	Install System Dependencies	2026-02-24T01:17:09.3105129Z Unpacking libcc1-0:amd64 (14.2.0-4ubuntu2~24.04.1) over (14.2.0-4ubuntu2~24.04) ...
build	Install System Dependencies	2026-02-24T01:17:09.3477062Z Preparing to unpack .../17-gcc-14-x86-64-linux-gnu_14.2.0-4ubuntu2~24.04.1_amd64.deb ...
build	Install System Dependencies	2026-02-24T01:17:09.3506107Z Unpacking gcc-14-x86-64-linux-gnu (14.2.0-4ubuntu2~24.04.1) over (14.2.0-4ubuntu2~24.04) ...
build	Install System Dependencies	2026-02-24T01:17:09.6663650Z Preparing to unpack .../18-gfortran-14-x86-64-linux-gnu_14.2.0-4ubuntu2~24.04.1_amd64.deb ...
build	Install System Dependencies	2026-02-24T01:17:09.6693008Z Unpacking gfortran-14-x86-64-linux-gnu (14.2.0-4ubuntu2~24.04.1) over (14.2.0-4ubuntu2~24.04) ...
build	Install System Dependencies	2026-02-24T01:17:09.8452663Z Preparing to unpack .../19-libgfortran-14-dev_14.2.0-4ubuntu2~24.04.1_amd64.deb ...
build	Install System Dependencies	2026-02-24T01:17:09.8480176Z Unpacking libgfortran-14-dev:amd64 (14.2.0-4ubuntu2~24.04.1) over (14.2.0-4ubuntu2~24.04) ...
build	Install System Dependencies	2026-02-24T01:17:09.9050958Z Preparing to unpack .../20-libgcc-14-dev_14.2.0-4ubuntu2~24.04.1_amd64.deb ...
build	Install System Dependencies	2026-02-24T01:17:09.9081151Z Unpacking libgcc-14-dev:amd64 (14.2.0-4ubuntu2~24.04.1) over (14.2.0-4ubuntu2~24.04) ...
build	Install System Dependencies	2026-02-24T01:17:10.0332938Z Preparing to unpack .../21-gcc-14-base_14.2.0-4ubuntu2~24.04.1_amd64.deb ...
build	Install System Dependencies	2026-02-24T01:17:10.0361482Z Unpacking gcc-14-base:amd64 (14.2.0-4ubuntu2~24.04.1) over (14.2.0-4ubuntu2~24.04) ...
build	Install System Dependencies	2026-02-24T01:17:10.0790338Z Setting up gcc-14-base:amd64 (14.2.0-4ubuntu2~24.04.1) ...
build	Install System Dependencies	2026-02-24T01:17:10.1136386Z (Reading database ... 
build	Install System Dependencies	2026-02-24T01:17:10.1136908Z (Reading database ... 5%
build	Install System Dependencies	2026-02-24T01:17:10.1137277Z (Reading database ... 10%
build	Install System Dependencies	2026-02-24T01:17:10.1137645Z (Reading database ... 15%
build	Install System Dependencies	2026-02-24T01:17:10.1138004Z (Reading database ... 20%
build	Install System Dependencies	2026-02-24T01:17:10.1138364Z (Reading database ... 25%
build	Install System Dependencies	2026-02-24T01:17:10.1138713Z (Reading database ... 30%
build	Install System Dependencies	2026-02-24T01:17:10.1139060Z (Reading database ... 35%
build	Install System Dependencies	2026-02-24T01:17:10.1139407Z (Reading database ... 40%
build	Install System Dependencies	2026-02-24T01:17:10.1140000Z (Reading database ... 45%
build	Install System Dependencies	2026-02-24T01:17:10.1140456Z (Reading database ... 50%
build	Install System Dependencies	2026-02-24T01:17:10.1153968Z (Reading database ... 55%
build	Install System Dependencies	2026-02-24T01:17:10.1261283Z (Reading database ... 60%
build	Install System Dependencies	2026-02-24T01:17:10.1285495Z (Reading database ... 65%
build	Install System Dependencies	2026-02-24T01:17:10.1302343Z (Reading database ... 70%
build	Install System Dependencies	2026-02-24T01:17:10.1326239Z (Reading database ... 75%
build	Install System Dependencies	2026-02-24T01:17:10.1465101Z (Reading database ... 80%
build	Install System Dependencies	2026-02-24T01:17:10.1506312Z (Reading database ... 85%
build	Install System Dependencies	2026-02-24T01:17:10.1575666Z (Reading database ... 90%
build	Install System Dependencies	2026-02-24T01:17:10.1869491Z (Reading database ... 95%
build	Install System Dependencies	2026-02-24T01:17:10.1869877Z (Reading database ... 100%
build	Install System Dependencies	2026-02-24T01:17:10.1870375Z (Reading database ... 217745 files and directories currently installed.)
build	Install System Dependencies	2026-02-24T01:17:10.1914320Z Preparing to unpack .../libstdc++6_14.2.0-4ubuntu2~24.04.1_amd64.deb ...
build	Install System Dependencies	2026-02-24T01:17:10.2417190Z Unpacking libstdc++6:amd64 (14.2.0-4ubuntu2~24.04.1) over (14.2.0-4ubuntu2~24.04) ...
build	Install System Dependencies	2026-02-24T01:17:10.2928694Z Setting up libstdc++6:amd64 (14.2.0-4ubuntu2~24.04.1) ...
build	Install System Dependencies	2026-02-24T01:17:10.3245971Z (Reading database ... 
build	Install System Dependencies	2026-02-24T01:17:10.3246420Z (Reading database ... 5%
build	Install System Dependencies	2026-02-24T01:17:10.3246789Z (Reading database ... 10%
build	Install System Dependencies	2026-02-24T01:17:10.3247169Z (Reading database ... 15%
build	Install System Dependencies	2026-02-24T01:17:10.3247549Z (Reading database ... 20%
build	Install System Dependencies	2026-02-24T01:17:10.3247913Z (Reading database ... 25%
build	Install System Dependencies	2026-02-24T01:17:10.3248271Z (Reading database ... 30%
build	Install System Dependencies	2026-02-24T01:17:10.3248617Z (Reading database ... 35%
build	Install System Dependencies	2026-02-24T01:17:10.3248977Z (Reading database ... 40%
build	Install System Dependencies	2026-02-24T01:17:10.3249338Z (Reading database ... 45%
build	Install System Dependencies	2026-02-24T01:17:10.3249694Z (Reading database ... 50%
build	Install System Dependencies	2026-02-24T01:17:10.3263971Z (Reading database ... 55%
build	Install System Dependencies	2026-02-24T01:17:10.3366758Z (Reading database ... 60%
build	Install System Dependencies	2026-02-24T01:17:10.3389911Z (Reading database ... 65%
build	Install System Dependencies	2026-02-24T01:17:10.3406546Z (Reading database ... 70%
build	Install System Dependencies	2026-02-24T01:17:10.3429930Z (Reading database ... 75%
build	Install System Dependencies	2026-02-24T01:17:10.3564396Z (Reading database ... 80%
build	Install System Dependencies	2026-02-24T01:17:10.3602797Z (Reading database ... 85%
build	Install System Dependencies	2026-02-24T01:17:10.3664511Z (Reading database ... 90%
build	Install System Dependencies	2026-02-24T01:17:10.3928513Z (Reading database ... 95%
build	Install System Dependencies	2026-02-24T01:17:10.3928984Z (Reading database ... 100%
build	Install System Dependencies	2026-02-24T01:17:10.3929574Z (Reading database ... 217745 files and directories currently installed.)
build	Install System Dependencies	2026-02-24T01:17:10.3971940Z Preparing to unpack .../libstdc++-14-dev_14.2.0-4ubuntu2~24.04.1_amd64.deb ...
build	Install System Dependencies	2026-02-24T01:17:10.4005937Z Unpacking libstdc++-14-dev:amd64 (14.2.0-4ubuntu2~24.04.1) over (14.2.0-4ubuntu2~24.04) ...
build	Install System Dependencies	2026-02-24T01:17:10.7072799Z Preparing to unpack .../libobjc4_14.2.0-4ubuntu2~24.04.1_amd64.deb ...
build	Install System Dependencies	2026-02-24T01:17:10.7153069Z Unpacking libobjc4:amd64 (14.2.0-4ubuntu2~24.04.1) over (14.2.0-4ubuntu2~24.04) ...
build	Install System Dependencies	2026-02-24T01:17:10.7539086Z Preparing to unpack .../lib32gcc-s1_14.2.0-4ubuntu2~24.04.1_amd64.deb ...
build	Install System Dependencies	2026-02-24T01:17:10.8240036Z Unpacking lib32gcc-s1 (14.2.0-4ubuntu2~24.04.1) over (14.2.0-4ubuntu2~24.04) ...
build	Install System Dependencies	2026-02-24T01:17:10.8668551Z Preparing to unpack .../lib32stdc++6_14.2.0-4ubuntu2~24.04.1_amd64.deb ...
build	Install System Dependencies	2026-02-24T01:17:10.8786431Z Unpacking lib32stdc++6 (14.2.0-4ubuntu2~24.04.1) over (14.2.0-4ubuntu2~24.04) ...
build	Install System Dependencies	2026-02-24T01:17:10.9335294Z Preparing to unpack .../libgcc-s1_14.2.0-4ubuntu2~24.04.1_amd64.deb ...
build	Install System Dependencies	2026-02-24T01:17:10.9368239Z Unpacking libgcc-s1:amd64 (14.2.0-4ubuntu2~24.04.1) over (14.2.0-4ubuntu2~24.04) ...
build	Install System Dependencies	2026-02-24T01:17:10.9784125Z Setting up libgcc-s1:amd64 (14.2.0-4ubuntu2~24.04.1) ...
build	Install System Dependencies	2026-02-24T01:17:11.0063075Z Selecting previously unselected package build-essential.
build	Install System Dependencies	2026-02-24T01:17:11.0117185Z (Reading database ... 
build	Install System Dependencies	2026-02-24T01:17:11.0117637Z (Reading database ... 5%
build	Install System Dependencies	2026-02-24T01:17:11.0118018Z (Reading database ... 10%
build	Install System Dependencies	2026-02-24T01:17:11.0118377Z (Reading database ... 15%
build	Install System Dependencies	2026-02-24T01:17:11.0118728Z (Reading database ... 20%
build	Install System Dependencies	2026-02-24T01:17:11.0119493Z (Reading database ... 25%
build	Install System Dependencies	2026-02-24T01:17:11.0119869Z (Reading database ... 30%
build	Install System Dependencies	2026-02-24T01:17:11.0120223Z (Reading database ... 35%
build	Install System Dependencies	2026-02-24T01:17:11.0120729Z (Reading database ... 40%
build	Install System Dependencies	2026-02-24T01:17:11.0121099Z (Reading database ... 45%
build	Install System Dependencies	2026-02-24T01:17:11.0121445Z (Reading database ... 50%
build	Install System Dependencies	2026-02-24T01:17:11.0134585Z (Reading database ... 55%
build	Install System Dependencies	2026-02-24T01:17:11.0235396Z (Reading database ... 60%
build	Install System Dependencies	2026-02-24T01:17:11.0258446Z (Reading database ... 65%
build	Install System Dependencies	2026-02-24T01:17:11.0274815Z (Reading database ... 70%
build	Install System Dependencies	2026-02-24T01:17:11.0298008Z (Reading database ... 75%
build	Install System Dependencies	2026-02-24T01:17:11.0433466Z (Reading database ... 80%
build	Install System Dependencies	2026-02-24T01:17:11.0471412Z (Reading database ... 85%
build	Install System Dependencies	2026-02-24T01:17:11.0531319Z (Reading database ... 90%
build	Install System Dependencies	2026-02-24T01:17:11.0803245Z (Reading database ... 95%
build	Install System Dependencies	2026-02-24T01:17:11.0803744Z (Reading database ... 100%
build	Install System Dependencies	2026-02-24T01:17:11.0804325Z (Reading database ... 217745 files and directories currently installed.)
build	Install System Dependencies	2026-02-24T01:17:11.0847523Z Preparing to unpack .../00-build-essential_12.10ubuntu1_amd64.deb ...
build	Install System Dependencies	2026-02-24T01:17:11.0858061Z Unpacking build-essential (12.10ubuntu1) ...
build	Install System Dependencies	2026-02-24T01:17:11.1095770Z Selecting previously unselected package ca-certificates-java.
build	Install System Dependencies	2026-02-24T01:17:11.1231489Z Preparing to unpack .../01-ca-certificates-java_20240118_all.deb ...
build	Install System Dependencies	2026-02-24T01:17:11.1265893Z Unpacking ca-certificates-java (20240118) ...
build	Install System Dependencies	2026-02-24T01:17:11.1508546Z Selecting previously unselected package libjsoncpp25:amd64.
build	Install System Dependencies	2026-02-24T01:17:11.1642545Z Preparing to unpack .../02-libjsoncpp25_1.9.5-6build1_amd64.deb ...
build	Install System Dependencies	2026-02-24T01:17:11.1656915Z Unpacking libjsoncpp25:amd64 (1.9.5-6build1) ...
build	Install System Dependencies	2026-02-24T01:17:11.1885844Z Selecting previously unselected package librhash0:amd64.
build	Install System Dependencies	2026-02-24T01:17:11.2017687Z Preparing to unpack .../03-librhash0_1.4.3-3build1_amd64.deb ...
build	Install System Dependencies	2026-02-24T01:17:11.2027054Z Unpacking librhash0:amd64 (1.4.3-3build1) ...
build	Install System Dependencies	2026-02-24T01:17:11.2275691Z Selecting previously unselected package cmake-data.
build	Install System Dependencies	2026-02-24T01:17:11.2406637Z Preparing to unpack .../04-cmake-data_3.28.3-1build7_all.deb ...
build	Install System Dependencies	2026-02-24T01:17:11.2519893Z Unpacking cmake-data (3.28.3-1build7) ...
build	Install System Dependencies	2026-02-24T01:17:11.8181273Z Selecting previously unselected package cmake.
build	Install System Dependencies	2026-02-24T01:17:11.8329070Z Preparing to unpack .../05-cmake_3.28.3-1build7_amd64.deb ...
build	Install System Dependencies	2026-02-24T01:17:11.8339632Z Unpacking cmake (3.28.3-1build7) ...
build	Install System Dependencies	2026-02-24T01:17:11.9943722Z Selecting previously unselected package libxcb-shape0:amd64.
build	Install System Dependencies	2026-02-24T01:17:12.0078440Z Preparing to unpack .../06-libxcb-shape0_1.15-1ubuntu2_amd64.deb ...
build	Install System Dependencies	2026-02-24T01:17:12.0088485Z Unpacking libxcb-shape0:amd64 (1.15-1ubuntu2) ...
build	Install System Dependencies	2026-02-24T01:17:12.0362748Z Selecting previously unselected package libxv1:amd64.
build	Install System Dependencies	2026-02-24T01:17:12.0497001Z Preparing to unpack .../07-libxv1_2%3a1.0.11-1.1build1_amd64.deb ...
build	Install System Dependencies	2026-02-24T01:17:12.0507440Z Unpacking libxv1:amd64 (2:1.0.11-1.1build1) ...
build	Install System Dependencies	2026-02-24T01:17:12.0737656Z Selecting previously unselected package libxxf86dga1:amd64.
build	Install System Dependencies	2026-02-24T01:17:12.0875369Z Preparing to unpack .../08-libxxf86dga1_2%3a1.1.5-1build1_amd64.deb ...
build	Install System Dependencies	2026-02-24T01:17:12.0885195Z Unpacking libxxf86dga1:amd64 (2:1.1.5-1build1) ...
build	Install System Dependencies	2026-02-24T01:17:12.1107551Z Selecting previously unselected package x11-utils.
build	Install System Dependencies	2026-02-24T01:17:12.1246791Z Preparing to unpack .../09-x11-utils_7.7+6build2_amd64.deb ...
build	Install System Dependencies	2026-02-24T01:17:12.1256927Z Unpacking x11-utils (7.7+6build2) ...
build	Install System Dependencies	2026-02-24T01:17:12.1665263Z Selecting previously unselected package libatk-wrapper-java.
build	Install System Dependencies	2026-02-24T01:17:12.1800387Z Preparing to unpack .../10-libatk-wrapper-java_0.40.0-3build2_all.deb ...
build	Install System Dependencies	2026-02-24T01:17:12.1808364Z Unpacking libatk-wrapper-java (0.40.0-3build2) ...
build	Install System Dependencies	2026-02-24T01:17:12.2014381Z Selecting previously unselected package libatk-wrapper-java-jni:amd64.
build	Install System Dependencies	2026-02-24T01:17:12.2151425Z Preparing to unpack .../11-libatk-wrapper-java-jni_0.40.0-3build2_amd64.deb ...
build	Install System Dependencies	2026-02-24T01:17:12.2161574Z Unpacking libatk-wrapper-java-jni:amd64 (0.40.0-3build2) ...
build	Install System Dependencies	2026-02-24T01:17:12.2408894Z Selecting previously unselected package libgif7:amd64.
build	Install System Dependencies	2026-02-24T01:17:12.2551108Z Preparing to unpack .../12-libgif7_5.2.2-1ubuntu1_amd64.deb ...
build	Install System Dependencies	2026-02-24T01:17:12.2561756Z Unpacking libgif7:amd64 (5.2.2-1ubuntu1) ...
build	Install System Dependencies	2026-02-24T01:17:12.2778173Z Selecting previously unselected package xorg-sgml-doctools.
build	Install System Dependencies	2026-02-24T01:17:12.2914569Z Preparing to unpack .../13-xorg-sgml-doctools_1%3a1.11-1.1_all.deb ...
build	Install System Dependencies	2026-02-24T01:17:12.2924479Z Unpacking xorg-sgml-doctools (1:1.11-1.1) ...
build	Install System Dependencies	2026-02-24T01:17:12.3174846Z Selecting previously unselected package x11proto-dev.
build	Install System Dependencies	2026-02-24T01:17:12.3311889Z Preparing to unpack .../14-x11proto-dev_2023.2-1_all.deb ...
build	Install System Dependencies	2026-02-24T01:17:12.3321640Z Unpacking x11proto-dev (2023.2-1) ...
build	Install System Dependencies	2026-02-24T01:17:12.3830662Z Selecting previously unselected package libice-dev:amd64.
build	Install System Dependencies	2026-02-24T01:17:12.3966592Z Preparing to unpack .../15-libice-dev_2%3a1.0.10-1build3_amd64.deb ...
build	Install System Dependencies	2026-02-24T01:17:12.3975185Z Unpacking libice-dev:amd64 (2:1.0.10-1build3) ...
build	Install System Dependencies	2026-02-24T01:17:12.4206852Z Selecting previously unselected package libpcsclite1:amd64.
build	Install System Dependencies	2026-02-24T01:17:12.4342806Z Preparing to unpack .../16-libpcsclite1_2.0.3-1build1_amd64.deb ...
build	Install System Dependencies	2026-02-24T01:17:12.4351882Z Unpacking libpcsclite1:amd64 (2.0.3-1build1) ...
build	Install System Dependencies	2026-02-24T01:17:12.4560298Z Selecting previously unselected package libpthread-stubs0-dev:amd64.
build	Install System Dependencies	2026-02-24T01:17:12.4697811Z Preparing to unpack .../17-libpthread-stubs0-dev_0.4-1build3_amd64.deb ...
build	Install System Dependencies	2026-02-24T01:17:12.4706604Z Unpacking libpthread-stubs0-dev:amd64 (0.4-1build3) ...
build	Install System Dependencies	2026-02-24T01:17:12.4914999Z Selecting previously unselected package libsm-dev:amd64.
build	Install System Dependencies	2026-02-24T01:17:12.5050753Z Preparing to unpack .../18-libsm-dev_2%3a1.2.3-1build3_amd64.deb ...
build	Install System Dependencies	2026-02-24T01:17:12.5059305Z Unpacking libsm-dev:amd64 (2:1.2.3-1build3) ...
build	Install System Dependencies	2026-02-24T01:17:12.5263915Z Selecting previously unselected package libxau-dev:amd64.
build	Install System Dependencies	2026-02-24T01:17:12.5399389Z Preparing to unpack .../19-libxau-dev_1%3a1.0.9-1build6_amd64.deb ...
build	Install System Dependencies	2026-02-24T01:17:12.5408062Z Unpacking libxau-dev:amd64 (1:1.0.9-1build6) ...
build	Install System Dependencies	2026-02-24T01:17:12.5824605Z Selecting previously unselected package libxdmcp-dev:amd64.
build	Install System Dependencies	2026-02-24T01:17:12.5959783Z Preparing to unpack .../20-libxdmcp-dev_1%3a1.1.3-0ubuntu6_amd64.deb ...
build	Install System Dependencies	2026-02-24T01:17:12.5968560Z Unpacking libxdmcp-dev:amd64 (1:1.1.3-0ubuntu6) ...
build	Install System Dependencies	2026-02-24T01:17:12.6254166Z Selecting previously unselected package xtrans-dev.
build	Install System Dependencies	2026-02-24T01:17:12.6391391Z Preparing to unpack .../21-xtrans-dev_1.4.0-1_all.deb ...
build	Install System Dependencies	2026-02-24T01:17:12.6399765Z Unpacking xtrans-dev (1.4.0-1) ...
build	Install System Dependencies	2026-02-24T01:17:12.6643109Z Selecting previously unselected package libxcb1-dev:amd64.
build	Install System Dependencies	2026-02-24T01:17:12.6777472Z Preparing to unpack .../22-libxcb1-dev_1.15-1ubuntu2_amd64.deb ...
build	Install System Dependencies	2026-02-24T01:17:12.6786401Z Unpacking libxcb1-dev:amd64 (1.15-1ubuntu2) ...
build	Install System Dependencies	2026-02-24T01:17:12.7012359Z Selecting previously unselected package libx11-dev:amd64.
build	Install System Dependencies	2026-02-24T01:17:12.7147206Z Preparing to unpack .../23-libx11-dev_2%3a1.8.7-1build1_amd64.deb ...
build	Install System Dependencies	2026-02-24T01:17:12.7157583Z Unpacking libx11-dev:amd64 (2:1.8.7-1build1) ...
build	Install System Dependencies	2026-02-24T01:17:12.7470283Z Selecting previously unselected package libxt-dev:amd64.
build	Install System Dependencies	2026-02-24T01:17:12.7605689Z Preparing to unpack .../24-libxt-dev_1%3a1.2.1-1.2build1_amd64.deb ...
build	Install System Dependencies	2026-02-24T01:17:12.7614709Z Unpacking libxt-dev:amd64 (1:1.2.1-1.2build1) ...
build	Install System Dependencies	2026-02-24T01:17:12.8255227Z Selecting previously unselected package lld:amd64.
build	Install System Dependencies	2026-02-24T01:17:12.8392738Z Preparing to unpack .../25-lld_1%3a18.0-59~exp2_amd64.deb ...
build	Install System Dependencies	2026-02-24T01:17:12.8401228Z Unpacking lld:amd64 (1:18.0-59~exp2) ...
build	Install System Dependencies	2026-02-24T01:17:12.8659526Z Selecting previously unselected package openjdk-17-jre-headless:amd64.
build	Install System Dependencies	2026-02-24T01:17:12.8797326Z Preparing to unpack .../26-openjdk-17-jre-headless_17.0.18+8-1~24.04.1_amd64.deb ...
build	Install System Dependencies	2026-02-24T01:17:12.8807499Z Unpacking openjdk-17-jre-headless:amd64 (17.0.18+8-1~24.04.1) ...
build	Install System Dependencies	2026-02-24T01:17:13.5720891Z Selecting previously unselected package openjdk-17-jre:amd64.
build	Install System Dependencies	2026-02-24T01:17:13.5858184Z Preparing to unpack .../27-openjdk-17-jre_17.0.18+8-1~24.04.1_amd64.deb ...
build	Install System Dependencies	2026-02-24T01:17:13.5867102Z Unpacking openjdk-17-jre:amd64 (17.0.18+8-1~24.04.1) ...
build	Install System Dependencies	2026-02-24T01:17:13.6383794Z Selecting previously unselected package openjdk-17-jdk-headless:amd64.
build	Install System Dependencies	2026-02-24T01:17:13.6519178Z Preparing to unpack .../28-openjdk-17-jdk-headless_17.0.18+8-1~24.04.1_amd64.deb ...
build	Install System Dependencies	2026-02-24T01:17:13.6551270Z Unpacking openjdk-17-jdk-headless:amd64 (17.0.18+8-1~24.04.1) ...
build	Install System Dependencies	2026-02-24T01:17:13.9131836Z Selecting previously unselected package openjdk-17-jdk:amd64.
build	Install System Dependencies	2026-02-24T01:17:13.9268154Z Preparing to unpack .../29-openjdk-17-jdk_17.0.18+8-1~24.04.1_amd64.deb ...
build	Install System Dependencies	2026-02-24T01:17:13.9275896Z Unpacking openjdk-17-jdk:amd64 (17.0.18+8-1~24.04.1) ...
build	Install System Dependencies	2026-02-24T01:17:13.9744921Z Setting up lld:amd64 (1:18.0-59~exp2) ...
build	Install System Dependencies	2026-02-24T01:17:13.9770834Z Setting up libxcb-shape0:amd64 (1.15-1ubuntu2) ...
build	Install System Dependencies	2026-02-24T01:17:13.9794635Z Setting up libxxf86dga1:amd64 (2:1.1.5-1build1) ...
build	Install System Dependencies	2026-02-24T01:17:13.9818468Z Setting up libobjc4:amd64 (14.2.0-4ubuntu2~24.04.1) ...
build	Install System Dependencies	2026-02-24T01:17:13.9842620Z Setting up libgomp1:amd64 (14.2.0-4ubuntu2~24.04.1) ...
build	Install System Dependencies	2026-02-24T01:17:13.9865229Z Setting up libpthread-stubs0-dev:amd64 (0.4-1build3) ...
build	Install System Dependencies	2026-02-24T01:17:13.9890876Z Setting up xtrans-dev (1.4.0-1) ...
build	Install System Dependencies	2026-02-24T01:17:13.9911860Z Setting up lib32gcc-s1 (14.2.0-4ubuntu2~24.04.1) ...
build	Install System Dependencies	2026-02-24T01:17:13.9935290Z Setting up lib32stdc++6 (14.2.0-4ubuntu2~24.04.1) ...
build	Install System Dependencies	2026-02-24T01:17:13.9967703Z Setting up libquadmath0:amd64 (14.2.0-4ubuntu2~24.04.1) ...
build	Install System Dependencies	2026-02-24T01:17:13.9990730Z Setting up libxv1:amd64 (2:1.0.11-1.1build1) ...
build	Install System Dependencies	2026-02-24T01:17:14.0013037Z Setting up libatomic1:amd64 (14.2.0-4ubuntu2~24.04.1) ...
build	Install System Dependencies	2026-02-24T01:17:14.0035154Z Setting up libjsoncpp25:amd64 (1.9.5-6build1) ...
build	Install System Dependencies	2026-02-24T01:17:14.0057994Z Setting up cpp-14-x86-64-linux-gnu (14.2.0-4ubuntu2~24.04.1) ...
build	Install System Dependencies	2026-02-24T01:17:14.0082083Z Setting up libpcsclite1:amd64 (2.0.3-1build1) ...
build	Install System Dependencies	2026-02-24T01:17:14.0104966Z Setting up libgfortran5:amd64 (14.2.0-4ubuntu2~24.04.1) ...
build	Install System Dependencies	2026-02-24T01:17:14.0129283Z Setting up cpp-14 (14.2.0-4ubuntu2~24.04.1) ...
build	Install System Dependencies	2026-02-24T01:17:14.0177741Z Setting up libubsan1:amd64 (14.2.0-4ubuntu2~24.04.1) ...
build	Install System Dependencies	2026-02-24T01:17:14.0202154Z Setting up libgif7:amd64 (5.2.2-1ubuntu1) ...
build	Install System Dependencies	2026-02-24T01:17:14.0224580Z Setting up libhwasan0:amd64 (14.2.0-4ubuntu2~24.04.1) ...
build	Install System Dependencies	2026-02-24T01:17:14.0244955Z Setting up librhash0:amd64 (1.4.3-3build1) ...
build	Install System Dependencies	2026-02-24T01:17:14.0267174Z Setting up libasan8:amd64 (14.2.0-4ubuntu2~24.04.1) ...
build	Install System Dependencies	2026-02-24T01:17:14.0289525Z Setting up x11-utils (7.7+6build2) ...
build	Install System Dependencies	2026-02-24T01:17:14.0391999Z Setting up build-essential (12.10ubuntu1) ...
build	Install System Dependencies	2026-02-24T01:17:14.0418069Z Setting up xorg-sgml-doctools (1:1.11-1.1) ...
build	Install System Dependencies	2026-02-24T01:17:14.0440457Z Setting up cmake-data (3.28.3-1build7) ...
build	Install System Dependencies	2026-02-24T01:17:14.0506087Z Setting up libatk-wrapper-java (0.40.0-3build2) ...
build	Install System Dependencies	2026-02-24T01:17:14.0526931Z Setting up libtsan2:amd64 (14.2.0-4ubuntu2~24.04.1) ...
build	Install System Dependencies	2026-02-24T01:17:14.0548379Z Setting up ca-certificates-java (20240118) ...
build	Install System Dependencies	2026-02-24T01:17:15.8288324Z Adding debian:ACCVRAIZ1.pem
build	Install System Dependencies	2026-02-24T01:17:15.8312419Z Adding debian:AC_RAIZ_FNMT-RCM.pem
build	Install System Dependencies	2026-02-24T01:17:15.9380145Z Adding debian:AC_RAIZ_FNMT-RCM_SERVIDORES_SEGUROS.pem
build	Install System Dependencies	2026-02-24T01:17:15.9403385Z Adding debian:ANF_Secure_Server_Root_CA.pem
build	Install System Dependencies	2026-02-24T01:17:15.9424661Z Adding debian:Actalis_Authentication_Root_CA.pem
build	Install System Dependencies	2026-02-24T01:17:15.9438145Z Adding debian:AffirmTrust_Commercial.pem
build	Install System Dependencies	2026-02-24T01:17:15.9451832Z Adding debian:AffirmTrust_Networking.pem
build	Install System Dependencies	2026-02-24T01:17:15.9471290Z Adding debian:AffirmTrust_Premium.pem
build	Install System Dependencies	2026-02-24T01:17:15.9481252Z Adding debian:AffirmTrust_Premium_ECC.pem
build	Install System Dependencies	2026-02-24T01:17:15.9496836Z Adding debian:Amazon_Root_CA_1.pem
build	Install System Dependencies	2026-02-24T01:17:15.9516934Z Adding debian:Amazon_Root_CA_2.pem
build	Install System Dependencies	2026-02-24T01:17:15.9526349Z Adding debian:Amazon_Root_CA_3.pem
build	Install System Dependencies	2026-02-24T01:17:15.9536511Z Adding debian:Amazon_Root_CA_4.pem
build	Install System Dependencies	2026-02-24T01:17:15.9551540Z Adding debian:Atos_TrustedRoot_2011.pem
build	Install System Dependencies	2026-02-24T01:17:15.9562614Z Adding debian:Atos_TrustedRoot_Root_CA_ECC_TLS_2021.pem
build	Install System Dependencies	2026-02-24T01:17:15.9773235Z Adding debian:Atos_TrustedRoot_Root_CA_RSA_TLS_2021.pem
build	Install System Dependencies	2026-02-24T01:17:15.9795694Z Adding debian:Autoridad_de_Certificacion_Firmaprofesional_CIF_A62634068.pem
build	Install System Dependencies	2026-02-24T01:17:15.9816911Z Adding debian:BJCA_Global_Root_CA1.pem
build	Install System Dependencies	2026-02-24T01:17:15.9827854Z Adding debian:BJCA_Global_Root_CA2.pem
build	Install System Dependencies	2026-02-24T01:17:15.9841545Z Adding debian:Baltimore_CyberTrust_Root.pem
build	Install System Dependencies	2026-02-24T01:17:15.9860970Z Adding debian:Buypass_Class_2_Root_CA.pem
build	Install System Dependencies	2026-02-24T01:17:15.9883825Z Adding debian:Buypass_Class_3_Root_CA.pem
build	Install System Dependencies	2026-02-24T01:17:15.9908906Z Adding debian:CA_Disig_Root_R2.pem
build	Install System Dependencies	2026-02-24T01:17:15.9929438Z Adding debian:CFCA_EV_ROOT.pem
build	Install System Dependencies	2026-02-24T01:17:15.9946436Z Adding debian:COMODO_Certification_Authority.pem
build	Install System Dependencies	2026-02-24T01:17:15.9958048Z Adding debian:COMODO_ECC_Certification_Authority.pem
build	Install System Dependencies	2026-02-24T01:17:15.9977799Z Adding debian:COMODO_RSA_Certification_Authority.pem
build	Install System Dependencies	2026-02-24T01:17:15.9986738Z Adding debian:Certainly_Root_E1.pem
build	Install System Dependencies	2026-02-24T01:17:16.0004998Z Adding debian:Certainly_Root_R1.pem
build	Install System Dependencies	2026-02-24T01:17:16.0076018Z Adding debian:Certigna.pem
build	Install System Dependencies	2026-02-24T01:17:16.0100024Z Adding debian:Certigna_Root_CA.pem
build	Install System Dependencies	2026-02-24T01:17:16.0111032Z Adding debian:Certum_EC-384_CA.pem
build	Install System Dependencies	2026-02-24T01:17:16.0125675Z Adding debian:Certum_Trusted_Network_CA.pem
build	Install System Dependencies	2026-02-24T01:17:16.0146680Z Adding debian:Certum_Trusted_Network_CA_2.pem
build	Install System Dependencies	2026-02-24T01:17:16.0168121Z Adding debian:Certum_Trusted_Root_CA.pem
build	Install System Dependencies	2026-02-24T01:17:16.0178457Z Adding debian:CommScope_Public_Trust_ECC_Root-01.pem
build	Install System Dependencies	2026-02-24T01:17:16.0190255Z Adding debian:CommScope_Public_Trust_ECC_Root-02.pem
build	Install System Dependencies	2026-02-24T01:17:16.0211394Z Adding debian:CommScope_Public_Trust_RSA_Root-01.pem
build	Install System Dependencies	2026-02-24T01:17:16.0231131Z Adding debian:CommScope_Public_Trust_RSA_Root-02.pem
build	Install System Dependencies	2026-02-24T01:17:16.0252102Z Adding debian:Comodo_AAA_Services_root.pem
build	Install System Dependencies	2026-02-24T01:17:16.0268575Z Adding debian:D-TRUST_BR_Root_CA_1_2020.pem
build	Install System Dependencies	2026-02-24T01:17:16.0284836Z Adding debian:D-TRUST_EV_Root_CA_1_2020.pem
build	Install System Dependencies	2026-02-24T01:17:16.0303928Z Adding debian:D-TRUST_Root_Class_3_CA_2_2009.pem
build	Install System Dependencies	2026-02-24T01:17:16.0320914Z Adding debian:D-TRUST_Root_Class_3_CA_2_EV_2009.pem
build	Install System Dependencies	2026-02-24T01:17:16.0333605Z Adding debian:DigiCert_Assured_ID_Root_CA.pem
build	Install System Dependencies	2026-02-24T01:17:16.0345933Z Adding debian:DigiCert_Assured_ID_Root_G2.pem
build	Install System Dependencies	2026-02-24T01:17:16.0354876Z Adding debian:DigiCert_Assured_ID_Root_G3.pem
build	Install System Dependencies	2026-02-24T01:17:16.0368075Z Adding debian:DigiCert_Global_Root_CA.pem
build	Install System Dependencies	2026-02-24T01:17:16.0380953Z Adding debian:DigiCert_Global_Root_G2.pem
build	Install System Dependencies	2026-02-24T01:17:16.0391013Z Adding debian:DigiCert_Global_Root_G3.pem
build	Install System Dependencies	2026-02-24T01:17:16.0408257Z Adding debian:DigiCert_High_Assurance_EV_Root_CA.pem
build	Install System Dependencies	2026-02-24T01:17:16.0416736Z Adding debian:DigiCert_TLS_ECC_P384_Root_G5.pem
build	Install System Dependencies	2026-02-24T01:17:16.0434237Z Adding debian:DigiCert_TLS_RSA4096_Root_G5.pem
build	Install System Dependencies	2026-02-24T01:17:16.0452292Z Adding debian:DigiCert_Trusted_Root_G4.pem
build	Install System Dependencies	2026-02-24T01:17:16.0467321Z Adding debian:Entrust.net_Premium_2048_Secure_Server_CA.pem
build	Install System Dependencies	2026-02-24T01:17:16.0489584Z Adding debian:Entrust_Root_Certification_Authority.pem
build	Install System Dependencies	2026-02-24T01:17:16.0501414Z Adding debian:Entrust_Root_Certification_Authority_-_EC1.pem
build	Install System Dependencies	2026-02-24T01:17:16.0515788Z Adding debian:Entrust_Root_Certification_Authority_-_G2.pem
build	Install System Dependencies	2026-02-24T01:17:16.0536842Z Adding debian:Entrust_Root_Certification_Authority_-_G4.pem
build	Install System Dependencies	2026-02-24T01:17:16.0555560Z Adding debian:GDCA_TrustAUTH_R5_ROOT.pem
build	Install System Dependencies	2026-02-24T01:17:16.0575822Z Adding debian:GLOBALTRUST_2020.pem
build	Install System Dependencies	2026-02-24T01:17:16.0592933Z Adding debian:GTS_Root_R1.pem
build	Install System Dependencies	2026-02-24T01:17:16.0610903Z Adding debian:GTS_Root_R2.pem
build	Install System Dependencies	2026-02-24T01:17:16.0620191Z Adding debian:GTS_Root_R3.pem
build	Install System Dependencies	2026-02-24T01:17:16.0631360Z Adding debian:GTS_Root_R4.pem
build	Install System Dependencies	2026-02-24T01:17:16.0639502Z Adding debian:GlobalSign_ECC_Root_CA_-_R4.pem
build	Install System Dependencies	2026-02-24T01:17:16.0648349Z Adding debian:GlobalSign_ECC_Root_CA_-_R5.pem
build	Install System Dependencies	2026-02-24T01:17:16.0661346Z Adding debian:GlobalSign_Root_CA.pem
build	Install System Dependencies	2026-02-24T01:17:16.0674030Z Adding debian:GlobalSign_Root_CA_-_R3.pem
build	Install System Dependencies	2026-02-24T01:17:16.0694298Z Adding debian:GlobalSign_Root_CA_-_R6.pem
build	Install System Dependencies	2026-02-24T01:17:16.0703341Z Adding debian:GlobalSign_Root_E46.pem
build	Install System Dependencies	2026-02-24T01:17:16.0724030Z Adding debian:GlobalSign_Root_R46.pem
build	Install System Dependencies	2026-02-24T01:17:16.0769056Z Adding debian:Go_Daddy_Class_2_CA.pem
build	Install System Dependencies	2026-02-24T01:17:16.0769670Z Adding debian:Go_Daddy_Root_Certificate_Authority_-_G2.pem
build	Install System Dependencies	2026-02-24T01:17:16.0791546Z Adding debian:HARICA_TLS_ECC_Root_CA_2021.pem
build	Install System Dependencies	2026-02-24T01:17:16.0799714Z Adding debian:HARICA_TLS_RSA_Root_CA_2021.pem
build	Install System Dependencies	2026-02-24T01:17:16.0810031Z Adding debian:Hellenic_Academic_and_Research_Institutions_ECC_RootCA_2015.pem
build	Install System Dependencies	2026-02-24T01:17:16.0829576Z Adding debian:Hellenic_Academic_and_Research_Institutions_RootCA_2015.pem
build	Install System Dependencies	2026-02-24T01:17:16.0847855Z Adding debian:HiPKI_Root_CA_-_G1.pem
build	Install System Dependencies	2026-02-24T01:17:16.0866469Z Adding debian:Hongkong_Post_Root_CA_3.pem
build	Install System Dependencies	2026-02-24T01:17:16.0883413Z Adding debian:ISRG_Root_X1.pem
build	Install System Dependencies	2026-02-24T01:17:16.0892205Z Adding debian:ISRG_Root_X2.pem
build	Install System Dependencies	2026-02-24T01:17:16.0912296Z Adding debian:IdenTrust_Commercial_Root_CA_1.pem
build	Install System Dependencies	2026-02-24T01:17:16.0931219Z Adding debian:IdenTrust_Public_Sector_Root_CA_1.pem
build	Install System Dependencies	2026-02-24T01:17:16.0948007Z Adding debian:Izenpe.com.pem
build	Install System Dependencies	2026-02-24T01:17:16.0968580Z Adding debian:Microsec_e-Szigno_Root_CA_2009.pem
build	Install System Dependencies	2026-02-24T01:17:16.0979965Z Adding debian:Microsoft_ECC_Root_Certificate_Authority_2017.pem
build	Install System Dependencies	2026-02-24T01:17:16.0997605Z Adding debian:Microsoft_RSA_Root_Certificate_Authority_2017.pem
build	Install System Dependencies	2026-02-24T01:17:16.1014775Z Adding debian:NAVER_Global_Root_Certification_Authority.pem
build	Install System Dependencies	2026-02-24T01:17:16.1041157Z Adding debian:NetLock_Arany_=Class_Gold=_Főtanúsítvány.pem
build	Install System Dependencies	2026-02-24T01:17:16.1053719Z Adding debian:OISTE_WISeKey_Global_Root_GB_CA.pem
build	Install System Dependencies	2026-02-24T01:17:16.1063423Z Adding debian:OISTE_WISeKey_Global_Root_GC_CA.pem
build	Install System Dependencies	2026-02-24T01:17:16.1080404Z Adding debian:QuoVadis_Root_CA_1_G3.pem
build	Install System Dependencies	2026-02-24T01:17:16.1098643Z Adding debian:QuoVadis_Root_CA_2.pem
build	Install System Dependencies	2026-02-24T01:17:16.1116441Z Adding debian:QuoVadis_Root_CA_2_G3.pem
build	Install System Dependencies	2026-02-24T01:17:16.1138271Z Adding debian:QuoVadis_Root_CA_3.pem
build	Install System Dependencies	2026-02-24T01:17:16.1158724Z Adding debian:QuoVadis_Root_CA_3_G3.pem
build	Install System Dependencies	2026-02-24T01:17:16.1172093Z Adding debian:SSL.com_EV_Root_Certification_Authority_ECC.pem
build	Install System Dependencies	2026-02-24T01:17:16.1191144Z Adding debian:SSL.com_EV_Root_Certification_Authority_RSA_R2.pem
build	Install System Dependencies	2026-02-24T01:17:16.1202507Z Adding debian:SSL.com_Root_Certification_Authority_ECC.pem
build	Install System Dependencies	2026-02-24T01:17:16.1219947Z Adding debian:SSL.com_Root_Certification_Authority_RSA.pem
build	Install System Dependencies	2026-02-24T01:17:16.1228495Z Adding debian:SSL.com_TLS_ECC_Root_CA_2022.pem
build	Install System Dependencies	2026-02-24T01:17:16.1246599Z Adding debian:SSL.com_TLS_RSA_Root_CA_2022.pem
build	Install System Dependencies	2026-02-24T01:17:16.1258779Z Adding debian:SZAFIR_ROOT_CA2.pem
build	Install System Dependencies	2026-02-24T01:17:16.1269714Z Adding debian:Sectigo_Public_Server_Authentication_Root_E46.pem
build	Install System Dependencies	2026-02-24T01:17:16.1293571Z Adding debian:Sectigo_Public_Server_Authentication_Root_R46.pem
build	Install System Dependencies	2026-02-24T01:17:16.1306004Z Adding debian:SecureSign_RootCA11.pem
build	Install System Dependencies	2026-02-24T01:17:16.1319265Z Adding debian:SecureTrust_CA.pem
build	Install System Dependencies	2026-02-24T01:17:16.1333216Z Adding debian:Secure_Global_CA.pem
build	Install System Dependencies	2026-02-24T01:17:16.1342078Z Adding debian:Security_Communication_ECC_RootCA1.pem
build	Install System Dependencies	2026-02-24T01:17:16.1356443Z Adding debian:Security_Communication_RootCA2.pem
build	Install System Dependencies	2026-02-24T01:17:16.1373805Z Adding debian:Security_Communication_RootCA3.pem
build	Install System Dependencies	2026-02-24T01:17:16.1386642Z Adding debian:Security_Communication_Root_CA.pem
build	Install System Dependencies	2026-02-24T01:17:16.1401345Z Adding debian:Starfield_Class_2_CA.pem
build	Install System Dependencies	2026-02-24T01:17:16.1413921Z Adding debian:Starfield_Root_Certificate_Authority_-_G2.pem
build	Install System Dependencies	2026-02-24T01:17:16.1426948Z Adding debian:Starfield_Services_Root_Certificate_Authority_-_G2.pem
build	Install System Dependencies	2026-02-24T01:17:16.1444433Z Adding debian:SwissSign_Gold_CA_-_G2.pem
build	Install System Dependencies	2026-02-24T01:17:16.1461161Z Adding debian:SwissSign_Silver_CA_-_G2.pem
build	Install System Dependencies	2026-02-24T01:17:16.1472520Z Adding debian:T-TeleSec_GlobalRoot_Class_2.pem
build	Install System Dependencies	2026-02-24T01:17:16.1484720Z Adding debian:T-TeleSec_GlobalRoot_Class_3.pem
build	Install System Dependencies	2026-02-24T01:17:16.1497848Z Adding debian:TUBITAK_Kamu_SM_SSL_Kok_Sertifikasi_-_Surum_1.pem
build	Install System Dependencies	2026-02-24T01:17:16.1513967Z Adding debian:TWCA_Global_Root_CA.pem
build	Install System Dependencies	2026-02-24T01:17:16.1524599Z Adding debian:TWCA_Root_Certification_Authority.pem
build	Install System Dependencies	2026-02-24T01:17:16.1539361Z Adding debian:TeliaSonera_Root_CA_v1.pem
build	Install System Dependencies	2026-02-24T01:17:16.1555219Z Adding debian:Telia_Root_CA_v2.pem
build	Install System Dependencies	2026-02-24T01:17:16.1573570Z Adding debian:TrustAsia_Global_Root_CA_G3.pem
build	Install System Dependencies	2026-02-24T01:17:16.1583508Z Adding debian:TrustAsia_Global_Root_CA_G4.pem
build	Install System Dependencies	2026-02-24T01:17:16.1607441Z Adding debian:Trustwave_Global_Certification_Authority.pem
build	Install System Dependencies	2026-02-24T01:17:16.1618128Z Adding debian:Trustwave_Global_ECC_P256_Certification_Authority.pem
build	Install System Dependencies	2026-02-24T01:17:16.1632633Z Adding debian:Trustwave_Global_ECC_P384_Certification_Authority.pem
build	Install System Dependencies	2026-02-24T01:17:16.1650106Z Adding debian:TunTrust_Root_CA.pem
build	Install System Dependencies	2026-02-24T01:17:16.1664896Z Adding debian:UCA_Extended_Validation_Root.pem
build	Install System Dependencies	2026-02-24T01:17:16.1681606Z Adding debian:UCA_Global_G2_Root.pem
build	Install System Dependencies	2026-02-24T01:17:16.1690486Z Adding debian:USERTrust_ECC_Certification_Authority.pem
build	Install System Dependencies	2026-02-24T01:17:16.1706731Z Adding debian:USERTrust_RSA_Certification_Authority.pem
build	Install System Dependencies	2026-02-24T01:17:16.1720265Z Adding debian:XRamp_Global_CA_Root.pem
build	Install System Dependencies	2026-02-24T01:17:16.1731261Z Adding debian:certSIGN_ROOT_CA.pem
build	Install System Dependencies	2026-02-24T01:17:16.1746269Z Adding debian:certSIGN_Root_CA_G2.pem
build	Install System Dependencies	2026-02-24T01:17:16.1755161Z Adding debian:e-Szigno_Root_CA_2017.pem
build	Install System Dependencies	2026-02-24T01:17:16.1770903Z Adding debian:ePKI_Root_Certification_Authority.pem
build	Install System Dependencies	2026-02-24T01:17:16.1778743Z Adding debian:emSign_ECC_Root_CA_-_C3.pem
build	Install System Dependencies	2026-02-24T01:17:16.1786715Z Adding debian:emSign_ECC_Root_CA_-_G3.pem
build	Install System Dependencies	2026-02-24T01:17:16.1796935Z Adding debian:emSign_Root_CA_-_C1.pem
build	Install System Dependencies	2026-02-24T01:17:16.1807420Z Adding debian:emSign_Root_CA_-_G1.pem
build	Install System Dependencies	2026-02-24T01:17:16.1814815Z Adding debian:vTrus_ECC_Root_CA.pem
build	Install System Dependencies	2026-02-24T01:17:16.1829339Z Adding debian:vTrus_Root_CA.pem
build	Install System Dependencies	2026-02-24T01:17:16.2674695Z done.
build	Install System Dependencies	2026-02-24T01:17:16.2704139Z Setting up libcc1-0:amd64 (14.2.0-4ubuntu2~24.04.1) ...
build	Install System Dependencies	2026-02-24T01:17:16.2725761Z Setting up liblsan0:amd64 (14.2.0-4ubuntu2~24.04.1) ...
build	Install System Dependencies	2026-02-24T01:17:16.2750185Z Setting up libitm1:amd64 (14.2.0-4ubuntu2~24.04.1) ...
build	Install System Dependencies	2026-02-24T01:17:16.2771705Z Setting up libatk-wrapper-java-jni:amd64 (0.40.0-3build2) ...
build	Install System Dependencies	2026-02-24T01:17:16.2793279Z Setting up openjdk-17-jre-headless:amd64 (17.0.18+8-1~24.04.1) ...
build	Install System Dependencies	2026-02-24T01:17:16.3383007Z Setting up cmake (3.28.3-1build7) ...
build	Install System Dependencies	2026-02-24T01:17:16.3408778Z Setting up libgcc-14-dev:amd64 (14.2.0-4ubuntu2~24.04.1) ...
build	Install System Dependencies	2026-02-24T01:17:16.3432621Z Setting up libstdc++-14-dev:amd64 (14.2.0-4ubuntu2~24.04.1) ...
build	Install System Dependencies	2026-02-24T01:17:16.3455290Z Setting up libgfortran-14-dev:amd64 (14.2.0-4ubuntu2~24.04.1) ...
build	Install System Dependencies	2026-02-24T01:17:16.3477259Z Setting up gcc-14-x86-64-linux-gnu (14.2.0-4ubuntu2~24.04.1) ...
build	Install System Dependencies	2026-02-24T01:17:16.3500813Z Setting up gcc-14 (14.2.0-4ubuntu2~24.04.1) ...
build	Install System Dependencies	2026-02-24T01:17:16.3521778Z Setting up gfortran-14-x86-64-linux-gnu (14.2.0-4ubuntu2~24.04.1) ...
build	Install System Dependencies	2026-02-24T01:17:16.3546762Z Setting up g++-14-x86-64-linux-gnu (14.2.0-4ubuntu2~24.04.1) ...
build	Install System Dependencies	2026-02-24T01:17:16.3567776Z Setting up g++-14 (14.2.0-4ubuntu2~24.04.1) ...
build	Install System Dependencies	2026-02-24T01:17:16.3592478Z Setting up gfortran-14 (14.2.0-4ubuntu2~24.04.1) ...
build	Install System Dependencies	2026-02-24T01:17:16.4248893Z Processing triggers for libc-bin (2.39-0ubuntu8.6) ...
build	Install System Dependencies	2026-02-24T01:17:16.4570222Z Processing triggers for man-db (2.12.0-4build2) ...
build	Install System Dependencies	2026-02-24T01:17:16.4595129Z Not building database; man-db/auto-update is not 'true'.
build	Install System Dependencies	2026-02-24T01:17:16.4622427Z Processing triggers for sgml-base (1.31) ...
build	Install System Dependencies	2026-02-24T01:17:16.4731809Z Setting up x11proto-dev (2023.2-1) ...
build	Install System Dependencies	2026-02-24T01:17:16.4759204Z Setting up libxau-dev:amd64 (1:1.0.9-1build6) ...
build	Install System Dependencies	2026-02-24T01:17:16.4783738Z Processing triggers for hicolor-icon-theme (0.17-2) ...
build	Install System Dependencies	2026-02-24T01:17:17.3422959Z Setting up libice-dev:amd64 (2:1.0.10-1build3) ...
build	Install System Dependencies	2026-02-24T01:17:17.3445585Z Setting up libsm-dev:amd64 (2:1.2.3-1build3) ...
build	Install System Dependencies	2026-02-24T01:17:17.3489896Z Setting up libxdmcp-dev:amd64 (1:1.1.3-0ubuntu6) ...
build	Install System Dependencies	2026-02-24T01:17:17.3519121Z Setting up libxcb1-dev:amd64 (1.15-1ubuntu2) ...
build	Install System Dependencies	2026-02-24T01:17:17.3552807Z Setting up libx11-dev:amd64 (2:1.8.7-1build1) ...
build	Install System Dependencies	2026-02-24T01:17:17.3585159Z Setting up libxt-dev:amd64 (1:1.2.1-1.2build1) ...
build	Install System Dependencies	2026-02-24T01:17:17.3652427Z Processing triggers for ca-certificates-java (20240118) ...
build	Install System Dependencies	2026-02-24T01:17:17.3963326Z done.
build	Install System Dependencies	2026-02-24T01:17:17.4001809Z Setting up openjdk-17-jre:amd64 (17.0.18+8-1~24.04.1) ...
build	Install System Dependencies	2026-02-24T01:17:17.4059113Z Setting up openjdk-17-jdk-headless:amd64 (17.0.18+8-1~24.04.1) ...
build	Install System Dependencies	2026-02-24T01:17:17.5250015Z Setting up openjdk-17-jdk:amd64 (17.0.18+8-1~24.04.1) ...
build	Install System Dependencies	2026-02-24T01:17:18.1863134Z 
build	Install System Dependencies	2026-02-24T01:17:18.1863609Z Running kernel seems to be up-to-date.
build	Install System Dependencies	2026-02-24T01:17:18.1863911Z 
build	Install System Dependencies	2026-02-24T01:17:18.1864016Z Restarting services...
build	Install System Dependencies	2026-02-24T01:17:18.2164640Z  systemctl restart multipathd.service packagekit.service php8.3-fpm.service
build	Install System Dependencies	2026-02-24T01:17:18.6203715Z 
build	Install System Dependencies	2026-02-24T01:17:18.6204427Z Service restarts being deferred:
build	Install System Dependencies	2026-02-24T01:17:18.6205050Z  systemctl restart hosted-compute-agent.service
build	Install System Dependencies	2026-02-24T01:17:18.6205490Z 
build	Install System Dependencies	2026-02-24T01:17:18.6205652Z No containers need to be restarted.
build	Install System Dependencies	2026-02-24T01:17:18.6206954Z 
build	Install System Dependencies	2026-02-24T01:17:18.6207250Z No user sessions are running outdated binaries.
build	Install System Dependencies	2026-02-24T01:17:18.6207677Z 
build	Install System Dependencies	2026-02-24T01:17:18.6208074Z No VM guests are running outdated hypervisor (qemu) binaries on this host.
build	Install Build Tools	﻿2026-02-24T01:17:19.5618304Z ##[group]Run pip install --upgrade pip
build	Install Build Tools	2026-02-24T01:17:19.5618656Z [36;1mpip install --upgrade pip[0m
build	Install Build Tools	2026-02-24T01:17:19.5618980Z [36;1mpip install "buildozer>=1.5.0" "Cython==0.29.33" virtualenv[0m
build	Install Build Tools	2026-02-24T01:17:19.5652786Z shell: /usr/bin/bash -e {0}
build	Install Build Tools	2026-02-24T01:17:19.5653031Z env:
build	Install Build Tools	2026-02-24T01:17:19.5653277Z   pythonLocation: /opt/hostedtoolcache/Python/3.11.14/x64
build	Install Build Tools	2026-02-24T01:17:19.5653714Z   PKG_CONFIG_PATH: /opt/hostedtoolcache/Python/3.11.14/x64/lib/pkgconfig
build	Install Build Tools	2026-02-24T01:17:19.5654141Z   Python_ROOT_DIR: /opt/hostedtoolcache/Python/3.11.14/x64
build	Install Build Tools	2026-02-24T01:17:19.5654510Z   Python2_ROOT_DIR: /opt/hostedtoolcache/Python/3.11.14/x64
build	Install Build Tools	2026-02-24T01:17:19.5654881Z   Python3_ROOT_DIR: /opt/hostedtoolcache/Python/3.11.14/x64
build	Install Build Tools	2026-02-24T01:17:19.5655247Z   LD_LIBRARY_PATH: /opt/hostedtoolcache/Python/3.11.14/x64/lib
build	Install Build Tools	2026-02-24T01:17:19.5655550Z ##[endgroup]
build	Install Build Tools	2026-02-24T01:17:20.2864636Z Requirement already satisfied: pip in /opt/hostedtoolcache/Python/3.11.14/x64/lib/python3.11/site-packages (26.0)
build	Install Build Tools	2026-02-24T01:17:20.3831242Z Collecting pip
build	Install Build Tools	2026-02-24T01:17:20.4392583Z   Downloading pip-26.0.1-py3-none-any.whl.metadata (4.7 kB)
build	Install Build Tools	2026-02-24T01:17:20.4458061Z Downloading pip-26.0.1-py3-none-any.whl (1.8 MB)
build	Install Build Tools	2026-02-24T01:17:20.4893674Z    ━━━━━━━━━━━━━━━━━━━━━━━━━━━━━━━━━━━━━━━━ 1.8/1.8 MB 146.5 MB/s  0:00:00
build	Install Build Tools	2026-02-24T01:17:20.5101906Z Installing collected packages: pip
build	Install Build Tools	2026-02-24T01:17:20.5103637Z   Attempting uninstall: pip
build	Install Build Tools	2026-02-24T01:17:20.5118241Z     Found existing installation: pip 26.0
build	Install Build Tools	2026-02-24T01:17:20.5807661Z     Uninstalling pip-26.0:
build	Install Build Tools	2026-02-24T01:17:20.5864664Z       Successfully uninstalled pip-26.0
build	Install Build Tools	2026-02-24T01:17:21.3795939Z Successfully installed pip-26.0.1
build	Install Build Tools	2026-02-24T01:17:21.9466336Z Collecting buildozer>=1.5.0
build	Install Build Tools	2026-02-24T01:17:22.0017851Z   Downloading buildozer-1.5.0-py3-none-any.whl.metadata (139 kB)
build	Install Build Tools	2026-02-24T01:17:22.2568349Z Collecting Cython==0.29.33
build	Install Build Tools	2026-02-24T01:17:22.2766471Z   Downloading Cython-0.29.33-cp311-cp311-manylinux_2_17_x86_64.manylinux2014_x86_64.manylinux_2_24_x86_64.whl.metadata (3.1 kB)
build	Install Build Tools	2026-02-24T01:17:22.3145520Z Collecting virtualenv
build	Install Build Tools	2026-02-24T01:17:22.3182656Z   Downloading virtualenv-20.39.0-py3-none-any.whl.metadata (3.5 kB)
build	Install Build Tools	2026-02-24T01:17:22.3299209Z Collecting pexpect (from buildozer>=1.5.0)
build	Install Build Tools	2026-02-24T01:17:22.3338834Z   Downloading pexpect-4.9.0-py2.py3-none-any.whl.metadata (2.5 kB)
build	Install Build Tools	2026-02-24T01:17:22.3490302Z Collecting sh (from buildozer>=1.5.0)
build	Install Build Tools	2026-02-24T01:17:22.3537320Z   Downloading sh-2.2.2-py3-none-any.whl.metadata (3.7 kB)
build	Install Build Tools	2026-02-24T01:17:22.3647725Z Collecting distlib<1,>=0.3.7 (from virtualenv)
build	Install Build Tools	2026-02-24T01:17:22.3683190Z   Downloading distlib-0.4.0-py2.py3-none-any.whl.metadata (5.2 kB)
build	Install Build Tools	2026-02-24T01:17:22.3854234Z Collecting filelock<4,>=3.24.2 (from virtualenv)
build	Install Build Tools	2026-02-24T01:17:22.3890995Z   Downloading filelock-3.24.3-py3-none-any.whl.metadata (2.0 kB)
build	Install Build Tools	2026-02-24T01:17:22.4047984Z Collecting platformdirs<5,>=3.9.1 (from virtualenv)
build	Install Build Tools	2026-02-24T01:17:22.4081363Z   Downloading platformdirs-4.9.2-py3-none-any.whl.metadata (4.7 kB)
build	Install Build Tools	2026-02-24T01:17:22.4197898Z Collecting ptyprocess>=0.5 (from pexpect->buildozer>=1.5.0)
build	Install Build Tools	2026-02-24T01:17:22.4229434Z   Downloading ptyprocess-0.7.0-py2.py3-none-any.whl.metadata (1.3 kB)
build	Install Build Tools	2026-02-24T01:17:22.4314063Z Downloading Cython-0.29.33-cp311-cp311-manylinux_2_17_x86_64.manylinux2014_x86_64.manylinux_2_24_x86_64.whl (1.9 MB)
build	Install Build Tools	2026-02-24T01:17:22.4479992Z    ━━━━━━━━━━━━━━━━━━━━━━━━━━━━━━━━━━━━━━━━ 1.9/1.9 MB 157.5 MB/s  0:00:00
build	Install Build Tools	2026-02-24T01:17:22.4527890Z Downloading buildozer-1.5.0-py3-none-any.whl (86 kB)
build	Install Build Tools	2026-02-24T01:17:22.4584478Z Downloading virtualenv-20.39.0-py3-none-any.whl (5.8 MB)
build	Install Build Tools	2026-02-24T01:17:22.4829727Z    ━━━━━━━━━━━━━━━━━━━━━━━━━━━━━━━━━━━━━━━━ 5.8/5.8 MB 252.6 MB/s  0:00:00
build	Install Build Tools	2026-02-24T01:17:22.4867621Z Downloading distlib-0.4.0-py2.py3-none-any.whl (469 kB)
build	Install Build Tools	2026-02-24T01:17:22.4941403Z Downloading filelock-3.24.3-py3-none-any.whl (24 kB)
build	Install Build Tools	2026-02-24T01:17:22.4997189Z Downloading platformdirs-4.9.2-py3-none-any.whl (21 kB)
build	Install Build Tools	2026-02-24T01:17:22.5052683Z Downloading pexpect-4.9.0-py2.py3-none-any.whl (63 kB)
build	Install Build Tools	2026-02-24T01:17:22.5110460Z Downloading ptyprocess-0.7.0-py2.py3-none-any.whl (13 kB)
build	Install Build Tools	2026-02-24T01:17:22.5169946Z Downloading sh-2.2.2-py3-none-any.whl (38 kB)
build	Install Build Tools	2026-02-24T01:17:22.5522562Z Installing collected packages: ptyprocess, distlib, sh, platformdirs, pexpect, filelock, Cython, virtualenv, buildozer
build	Install Build Tools	2026-02-24T01:17:23.3835242Z 
build	Install Build Tools	2026-02-24T01:17:23.3847615Z Successfully installed Cython-0.29.33 buildozer-1.5.0 distlib-0.4.0 filelock-3.24.3 pexpect-4.9.0 platformdirs-4.9.2 ptyprocess-0.7.0 sh-2.2.2 virtualenv-20.39.0
build	Forge APK (Verbose)	﻿2026-02-24T01:17:23.4541441Z ##[group]Run # The --verbose flag will tell us EXACTLY why it failed
build	Forge APK (Verbose)	2026-02-24T01:17:23.4541987Z [36;1m# The --verbose flag will tell us EXACTLY why it failed[0m
build	Forge APK (Verbose)	2026-02-24T01:17:23.4542382Z [36;1m# We force accept licenses to prevent hang-ups[0m
build	Forge APK (Verbose)	2026-02-24T01:17:23.4542729Z [36;1myes | buildozer --verbose android debug[0m
build	Forge APK (Verbose)	2026-02-24T01:17:23.4576561Z shell: /usr/bin/bash -e {0}
build	Forge APK (Verbose)	2026-02-24T01:17:23.4576807Z env:
build	Forge APK (Verbose)	2026-02-24T01:17:23.4577059Z   pythonLocation: /opt/hostedtoolcache/Python/3.11.14/x64
build	Forge APK (Verbose)	2026-02-24T01:17:23.4577499Z   PKG_CONFIG_PATH: /opt/hostedtoolcache/Python/3.11.14/x64/lib/pkgconfig
build	Forge APK (Verbose)	2026-02-24T01:17:23.4577944Z   Python_ROOT_DIR: /opt/hostedtoolcache/Python/3.11.14/x64
build	Forge APK (Verbose)	2026-02-24T01:17:23.4578331Z   Python2_ROOT_DIR: /opt/hostedtoolcache/Python/3.11.14/x64
build	Forge APK (Verbose)	2026-02-24T01:17:23.4578727Z   Python3_ROOT_DIR: /opt/hostedtoolcache/Python/3.11.14/x64
build	Forge APK (Verbose)	2026-02-24T01:17:23.4579334Z   LD_LIBRARY_PATH: /opt/hostedtoolcache/Python/3.11.14/x64/lib
build	Forge APK (Verbose)	2026-02-24T01:17:23.4579655Z ##[endgroup]
build	Forge APK (Verbose)	2026-02-24T01:17:24.8137873Z Cloning into 'python-for-android'...
build	Forge APK (Verbose)	2026-02-24T01:17:24.8138750Z [0m[1;34m# Check configuration tokens[0m
build	Forge APK (Verbose)	2026-02-24T01:17:24.8139298Z [0m[1;34m# Ensure build layout[0m
build	Forge APK (Verbose)	2026-02-24T01:17:24.8139874Z [0m[1;30m# Create directory /home/runner/.buildozer[0m
build	Forge APK (Verbose)	2026-02-24T01:17:24.8140729Z [0m[1;30m# Create directory /home/runner/.buildozer/cache[0m
build	Forge APK (Verbose)	2026-02-24T01:17:24.8141501Z [0m[1;30m# Create directory /home/runner/work/APEXYX_ORI_AI/APEXYX_ORI_AI/.buildozer[0m
build	Forge APK (Verbose)	2026-02-24T01:17:24.8142125Z [0m[1;30m# Create directory /home/runner/work/APEXYX_ORI_AI/APEXYX_ORI_AI/bin[0m
build	Forge APK (Verbose)	2026-02-24T01:17:24.8142743Z [0m[1;30m# Create directory /home/runner/work/APEXYX_ORI_AI/APEXYX_ORI_AI/.buildozer/applibs[0m
build	Forge APK (Verbose)	2026-02-24T01:17:24.8143385Z [0m[1;30m# Create directory /home/runner/.buildozer/android/platform/android/platform[0m
build	Forge APK (Verbose)	2026-02-24T01:17:24.8144089Z [0m[1;30m# Create directory /home/runner/work/APEXYX_ORI_AI/APEXYX_ORI_AI/.buildozer/android/platform[0m
build	Forge APK (Verbose)	2026-02-24T01:17:24.8144783Z [0m[1;30m# Create directory /home/runner/work/APEXYX_ORI_AI/APEXYX_ORI_AI/.buildozer/android/app[0m
build	Forge APK (Verbose)	2026-02-24T01:17:24.8145278Z [0m[1;34m# Check configuration tokens[0m
build	Forge APK (Verbose)	2026-02-24T01:17:24.8145564Z [0m[1;34m# Preparing build[0m
build	Forge APK (Verbose)	2026-02-24T01:17:24.8145851Z [0m[1;34m# Check requirements for android[0m
build	Forge APK (Verbose)	2026-02-24T01:17:24.8146153Z [0m[1;30m# Search for Git (git)[0m
build	Forge APK (Verbose)	2026-02-24T01:17:24.8146462Z [0m[1;30m#  -> found at /usr/bin/git[0m
build	Forge APK (Verbose)	2026-02-24T01:17:24.8146751Z [0m[1;30m# Search for Cython (cython)[0m
build	Forge APK (Verbose)	2026-02-24T01:17:24.8147152Z [0m[1;30m#  -> found at /opt/hostedtoolcache/Python/3.11.14/x64/bin/cython[0m
build	Forge APK (Verbose)	2026-02-24T01:17:24.8147568Z [0m[1;30m# Search for Java compiler (javac)[0m
build	Forge APK (Verbose)	2026-02-24T01:17:24.8147965Z [0m[1;30m#  -> found at /usr/lib/jvm/temurin-17-jdk-amd64/bin/javac[0m
build	Forge APK (Verbose)	2026-02-24T01:17:24.8148357Z [0m[1;30m# Search for Java keytool (keytool)[0m
build	Forge APK (Verbose)	2026-02-24T01:17:24.8148989Z [0m[1;30m#  -> found at /usr/lib/jvm/temurin-17-jdk-amd64/bin/keytool[0m
build	Forge APK (Verbose)	2026-02-24T01:17:24.8149474Z [0m[1;34m# Install platform[0m
build	Forge APK (Verbose)	2026-02-24T01:17:24.8150388Z [0m[1;30m# Run ['git', 'clone', '-b', 'master', '--single-branch', 'https://github.com/kivy/python-for-android.git', 'python-for-android'][0m
build	Forge APK (Verbose)	2026-02-24T01:17:24.8151592Z [0m[1;30m# Cwd /home/runner/work/APEXYX_ORI_AI/APEXYX_ORI_AI/.buildozer/android/platform[0m
build	Forge APK (Verbose)	2026-02-24T01:17:27.4209791Z [0m[1;30m# Run ['/opt/hostedtoolcache/Python/3.11.14/x64/bin/python', '-m', 'pip', 'install', '-q', '--user', 'appdirs', 'colorama>=0.3.3', 'jinja2', 'sh>=1.10, <2.0; sys_platform!="win32"', 'build', 'toml', 'packaging', 'setuptools'][0m
build	Forge APK (Verbose)	2026-02-24T01:17:27.4211911Z [0m[1;30m# Cwd None[0m
build	Forge APK (Verbose)	2026-02-24T01:17:47.8574210Z [0m[1;34m# Android ANT is missing, downloading[0m
build	Forge APK (Verbose)	2026-02-24T01:17:47.8575588Z [0m[1;30m# Downloading https://archive.apache.org/dist/ant/binaries/apache-ant-1.9.4-bin.tar.gz[0m
build	Forge APK (Verbose)	2026-02-24T01:17:47.8576708Z [0m[1;30m# Run ['tar', 'xzf', 'apache-ant-1.9.4-bin.tar.gz'][0m
build	Forge APK (Verbose)	2026-02-24T01:17:47.8577601Z [0m[1;30m# Cwd /home/runner/.buildozer/android/platform/apache-ant-1.9.4[0m
build	Forge APK (Verbose)	2026-02-24T01:17:47.8578717Z [0m[1;34m# Apache ANT installation done.[0m
build	Forge APK (Verbose)	2026-02-24T01:17:47.8579218Z [0m[1;34m# Android SDK is missing, downloading[0m
build	Forge APK (Verbose)	2026-02-24T01:17:47.8580100Z [0m[1;30m# Downloading https://dl.google.com/android/repository/commandlinetools-linux-6514223_latest.zip[0m
build	Forge APK (Verbose)	2026-02-24T01:17:47.8581167Z [0m[1;34m# Unpacking Android SDK[0m
build	Forge APK (Verbose)	2026-02-24T01:17:47.8582091Z [0m[1;30m# Run ['unzip', '-q', '/home/runner/.buildozer/android/platform/android-sdk/commandlinetools-linux-6514223_latest.zip'][0m
build	Forge APK (Verbose)	2026-02-24T01:17:47.8583108Z [0m[1;30m# Cwd /home/runner/.buildozer/android/platform/android-sdk[0m
build	Forge APK (Verbose)	2026-02-24T01:17:47.8583730Z [0m[1;34m# Android SDK tools base installation done.[0m
build	Forge APK (Verbose)	2026-02-24T01:17:47.8584312Z [0m[1;34m# Recommended android's NDK version by p4a is: 25b[0m
build	Forge APK (Verbose)	2026-02-24T01:17:47.8585086Z [0m[1;34m# Android NDK is missing, downloading[0m
build	Forge APK (Verbose)	2026-02-24T01:17:47.8585840Z [0m[1;30m# Downloading https://dl.google.com/android/repository/android-ndk-r27c-linux.zip[0m
build	Forge APK (Verbose)	2026-02-24T01:17:47.8586531Z [0m[1;34m# Unpacking Android NDK[0m
build	Forge APK (Verbose)	2026-02-24T01:17:47.8587254Z [0m[1;30m# Run ['unzip', '-q', '/home/runner/.buildozer/android/platform/android-ndk-r27c-linux.zip'][0m
build	Forge APK (Verbose)	2026-02-24T01:17:47.8588068Z [0m[1;30m# Cwd /home/runner/.buildozer/android/platform[0m
build	Forge APK (Verbose)	2026-02-24T01:18:02.5554136Z [0m[1;30m# Rename /home/runner/.buildozer/android/platform/android-ndk-r27c to /home/runner/.buildozer/android/platform/android-ndk-r27c[0m
build	Forge APK (Verbose)	2026-02-24T01:18:02.5555978Z [0m[1;34m# Android NDK installation done.[0m
build	Forge APK (Verbose)	2026-02-24T01:18:02.5556778Z [0m[1;34m# Installing/updating SDK platform tools if necessary[0m
build	Forge APK (Verbose)	2026-02-24T01:18:02.5558497Z [0m[1;30m# Run ['/home/runner/.buildozer/android/platform/android-sdk/tools/bin/sdkmanager', '--sdk_root=/home/runner/.buildozer/android/platform/android-sdk', 'platform-tools'][0m
build	Forge APK (Verbose)	2026-02-24T01:18:02.5560155Z [0m[1;30m# Cwd /home/runner/.buildozer/android/platform/android-sdk[0m
build	Forge APK (Verbose)	2026-02-24T01:18:03.6337216Z Loading package information...                                                  
build	Forge APK (Verbose)	2026-02-24T01:18:03.6803328Z Loading local repository...                                                     
build	Forge APK (Verbose)	2026-02-24T01:18:03.6808013Z [                                       ] 3% Loading local repository...        
build	Forge APK (Verbose)	2026-02-24T01:18:04.7921770Z [                                       ] 3% Fetch remote repository...         
build	Forge APK (Verbose)	2026-02-24T01:18:05.1867557Z [=                                      ] 3% Fetch remote repository...         
build	Forge APK (Verbose)	2026-02-24T01:18:05.2463170Z [=                                      ] 4% Fetch remote repository...         
build	Forge APK (Verbose)	2026-02-24T01:18:05.2966957Z [=                                      ] 5% Fetch remote repository...         
build	Forge APK (Verbose)	2026-02-24T01:18:05.3382316Z [==                                     ] 5% Fetch remote repository...         
build	Forge APK (Verbose)	2026-02-24T01:18:05.3804777Z [==                                     ] 6% Fetch remote repository...         
build	Forge APK (Verbose)	2026-02-24T01:18:05.5176937Z [==                                     ] 7% Fetch remote repository...         
build	Forge APK (Verbose)	2026-02-24T01:18:05.5202311Z [===                                    ] 8% Fetch remote repository...         
build	Forge APK (Verbose)	2026-02-24T01:18:05.5309662Z [===                                    ] 8% Computing updates...               
build	Forge APK (Verbose)	2026-02-24T01:18:05.5382727Z [===                                    ] 10% Computing updates...              
build	Forge APK (Verbose)	2026-02-24T01:18:05.5397034Z License android-sdk-license:
build	Forge APK (Verbose)	2026-02-24T01:18:05.5397465Z ---------------------------------------
build	Forge APK (Verbose)	2026-02-24T01:18:05.5397892Z Terms and Conditions
build	Forge APK (Verbose)	2026-02-24T01:18:05.5398095Z 
build	Forge APK (Verbose)	2026-02-24T01:18:05.5398353Z This is the Android Software Development Kit License Agreement
build	Forge APK (Verbose)	2026-02-24T01:18:05.5398793Z 
build	Forge APK (Verbose)	2026-02-24T01:18:05.5398932Z 1. Introduction
build	Forge APK (Verbose)	2026-02-24T01:18:05.5399121Z 
build	Forge APK (Verbose)	2026-02-24T01:18:05.5431529Z 1.1 The Android Software Development Kit (referred to in the License Agreement as the "SDK" and specifically including the Android system files, packaged APIs, and Google APIs add-ons) is licensed to you subject to the terms of the License Agreement. The License Agreement forms a legally binding contract between you and Google in relation to your use of the SDK.
build	Forge APK (Verbose)	2026-02-24T01:18:05.5434211Z 
build	Forge APK (Verbose)	2026-02-24T01:18:05.5435433Z 1.2 "Android" means the Android software stack for devices, as made available under the Android Open Source Project, which is located at the following URL: http://source.android.com/, as updated from time to time.
build	Forge APK (Verbose)	2026-02-24T01:18:05.5436775Z 
build	Forge APK (Verbose)	2026-02-24T01:18:05.5438787Z 1.3 A "compatible implementation" means any Android device that (i) complies with the Android Compatibility Definition document, which can be found at the Android compatibility website (http://source.android.com/compatibility) and which may be updated from time to time; and (ii) successfully passes the Android Compatibility Test Suite (CTS).
build	Forge APK (Verbose)	2026-02-24T01:18:05.5441383Z 
build	Forge APK (Verbose)	2026-02-24T01:18:05.5442238Z 1.4 "Google" means Google Inc., a Delaware corporation with principal place of business at 1600 Amphitheatre Parkway, Mountain View, CA 94043, United States.
build	Forge APK (Verbose)	2026-02-24T01:18:05.5443260Z 
build	Forge APK (Verbose)	2026-02-24T01:18:05.5443270Z 
build	Forge APK (Verbose)	2026-02-24T01:18:05.5443428Z 2. Accepting the License Agreement
build	Forge APK (Verbose)	2026-02-24T01:18:05.5443719Z 
build	Forge APK (Verbose)	2026-02-24T01:18:05.5444405Z 2.1 In order to use the SDK, you must first agree to the License Agreement. You may not use the SDK if you do not accept the License Agreement.
build	Forge APK (Verbose)	2026-02-24T01:18:05.5445261Z 
build	Forge APK (Verbose)	2026-02-24T01:18:05.5445631Z 2.2 By clicking to accept, you hereby agree to the terms of the License Agreement.
build	Forge APK (Verbose)	2026-02-24T01:18:05.5446169Z 
build	Forge APK (Verbose)	2026-02-24T01:18:05.5447508Z 2.3 You may not use the SDK and may not accept the License Agreement if you are a person barred from receiving the SDK under the laws of the United States or other countries, including the country in which you are resident or from which you use the SDK.
build	Forge APK (Verbose)	2026-02-24T01:18:05.5449034Z 
build	Forge APK (Verbose)	2026-02-24T01:18:05.5451266Z 2.4 If you are agreeing to be bound by the License Agreement on behalf of your employer or other entity, you represent and warrant that you have full legal authority to bind your employer or such entity to the License Agreement. If you do not have the requisite authority, you may not accept the License Agreement or use the SDK on behalf of your employer or other entity.
build	Forge APK (Verbose)	2026-02-24T01:18:05.5453498Z 
build	Forge APK (Verbose)	2026-02-24T01:18:05.5453511Z 
build	Forge APK (Verbose)	2026-02-24T01:18:05.5453658Z 3. SDK License from Google
build	Forge APK (Verbose)	2026-02-24T01:18:05.5453907Z 
build	Forge APK (Verbose)	2026-02-24T01:18:05.5455403Z 3.1 Subject to the terms of the License Agreement, Google grants you a limited, worldwide, royalty-free, non-assignable, non-exclusive, and non-sublicensable license to use the SDK solely to develop applications for compatible implementations of Android.
build	Forge APK (Verbose)	2026-02-24T01:18:05.5457028Z 
build	Forge APK (Verbose)	2026-02-24T01:18:05.5458910Z 3.2 You may not use this SDK to develop applications for other platforms (including non-compatible implementations of Android) or to develop another SDK. You are of course free to develop applications for other platforms, including non-compatible implementations of Android, provided that this SDK is not used for that purpose.
build	Forge APK (Verbose)	2026-02-24T01:18:05.5461214Z 
build	Forge APK (Verbose)	2026-02-24T01:18:05.5463427Z 3.3 You agree that Google or third parties own all legal right, title and interest in and to the SDK, including any Intellectual Property Rights that subsist in the SDK. "Intellectual Property Rights" means any and all rights under patent law, copyright law, trade secret law, trademark law, and any and all other proprietary rights. Google reserves all rights not expressly granted to you.
build	Forge APK (Verbose)	2026-02-24T01:18:05.5465789Z 
build	Forge APK (Verbose)	2026-02-24T01:18:05.5467673Z 3.4 You may not use the SDK for any purpose not expressly permitted by the License Agreement. Except to the extent required by applicable third party licenses, you may not copy (except for backup purposes), modify, adapt, redistribute, decompile, reverse engineer, disassemble, or create derivative works of the SDK or any part of the SDK.
build	Forge APK (Verbose)	2026-02-24T01:18:05.5469718Z 
build	Forge APK (Verbose)	2026-02-24T01:18:05.5471006Z 3.5 Use, reproduction and distribution of components of the SDK licensed under an open source software license are governed solely by the terms of that open source software license and not the License Agreement.
build	Forge APK (Verbose)	2026-02-24T01:18:05.5472604Z 
build	Forge APK (Verbose)	2026-02-24T01:18:05.5475041Z 3.6 You agree that the form and nature of the SDK that Google provides may change without prior notice to you and that future versions of the SDK may be incompatible with applications developed on previous versions of the SDK. You agree that Google may stop (permanently or temporarily) providing the SDK (or any features within the SDK) to you or to users generally at Google's sole discretion, without prior notice to you.
build	Forge APK (Verbose)	2026-02-24T01:18:05.5477551Z 
build	Forge APK (Verbose)	2026-02-24T01:18:05.5478481Z 3.7 Nothing in the License Agreement gives you a right to use any of Google's trade names, trademarks, service marks, logos, domain names, or other distinctive brand features.
build	Forge APK (Verbose)	2026-02-24T01:18:05.5479741Z 
build	Forge APK (Verbose)	2026-02-24T01:18:05.5481124Z 3.8 You agree that you will not remove, obscure, or alter any proprietary rights notices (including copyright and trademark notices) that may be affixed to or contained within the SDK.
build	Forge APK (Verbose)	2026-02-24T01:18:05.5482341Z 
build	Forge APK (Verbose)	2026-02-24T01:18:05.5482350Z 
build	Forge APK (Verbose)	2026-02-24T01:18:05.5482484Z 4. Use of the SDK by You
build	Forge APK (Verbose)	2026-02-24T01:18:05.5482717Z 
build	Forge APK (Verbose)	2026-02-24T01:18:05.5484212Z 4.1 Google agrees that it obtains no right, title or interest from you (or your licensors) under the License Agreement in or to any software applications that you develop using the SDK, including any intellectual property rights that subsist in those applications.
build	Forge APK (Verbose)	2026-02-24T01:18:05.5486061Z 
build	Forge APK (Verbose)	2026-02-24T01:18:05.5488052Z 4.2 You agree to use the SDK and write applications only for purposes that are permitted by (a) the License Agreement and (b) any applicable law, regulation or generally accepted practices or guidelines in the relevant jurisdictions (including any laws regarding the export of data or software to and from the United States or other relevant countries).
build	Forge APK (Verbose)	2026-02-24T01:18:05.5490226Z 
build	Forge APK (Verbose)	2026-02-24T01:18:05.5494895Z 4.3 You agree that if you use the SDK to develop applications for general public users, you will protect the privacy and legal rights of those users. If the users provide you with user names, passwords, or other login information or personal information, you must make the users aware that the information will be available to your application, and you must provide legally adequate privacy notice and protection for those users. If your application stores personal or sensitive information provided by users, it must do so securely. If the user provides your application with Google Account information, your application may only use that information to access the user's Google Account when, and for the limited purposes for which, the user has given you permission to do so.
build	Forge APK (Verbose)	2026-02-24T01:18:05.5499628Z 
build	Forge APK (Verbose)	2026-02-24T01:18:05.5502020Z 4.4 You agree that you will not engage in any activity with the SDK, including the development or distribution of an application, that interferes with, disrupts, damages, or accesses in an unauthorized manner the servers, networks, or other properties or services of any third party including, but not limited to, Google or any mobile communications carrier.
build	Forge APK (Verbose)	2026-02-24T01:18:05.5504320Z 
build	Forge APK (Verbose)	2026-02-24T01:18:05.5506350Z 4.5 You agree that you are solely responsible for (and that Google has no responsibility to you or to any third party for) any data, content, or resources that you create, transmit or display through Android and/or applications for Android, and for the consequences of your actions (including any loss or damage which Google may suffer) by doing so.
build	Forge APK (Verbose)	2026-02-24T01:18:05.5508844Z 
build	Forge APK (Verbose)	2026-02-24T01:18:05.5511293Z 4.6 You agree that you are solely responsible for (and that Google has no responsibility to you or to any third party for) any breach of your obligations under the License Agreement, any applicable third party contract or Terms of Service, or any applicable law or regulation, and for the consequences (including any loss or damage which Google or any third party may suffer) of any such breach.
build	Forge APK (Verbose)	2026-02-24T01:18:05.5513743Z 
build	Forge APK (Verbose)	2026-02-24T01:18:05.5514124Z 5. Your Developer Credentials
build	Forge APK (Verbose)	2026-02-24T01:18:05.5514394Z 
build	Forge APK (Verbose)	2026-02-24T01:18:05.5515983Z 5.1 You agree that you are responsible for maintaining the confidentiality of any developer credentials that may be issued to you by Google or which you may choose yourself and that you will be solely responsible for all applications that are developed under your developer credentials.
build	Forge APK (Verbose)	2026-02-24T01:18:05.5517737Z 
build	Forge APK (Verbose)	2026-02-24T01:18:05.5517888Z 6. Privacy and Information
build	Forge APK (Verbose)	2026-02-24T01:18:05.5518125Z 
build	Forge APK (Verbose)	2026-02-24T01:18:05.5520980Z 6.1 In order to continually innovate and improve the SDK, Google may collect certain usage statistics from the software including but not limited to a unique identifier, associated IP address, version number of the software, and information on which tools and/or services in the SDK are being used and how they are being used. Before any of this information is collected, the SDK will notify you and seek your consent. If you withhold consent, the information will not be collected.
build	Forge APK (Verbose)	2026-02-24T01:18:05.5524063Z 
build	Forge APK (Verbose)	2026-02-24T01:18:05.5524730Z 6.2 The data collected is examined in the aggregate to improve the SDK and is maintained in accordance with Google's Privacy Policy.
build	Forge APK (Verbose)	2026-02-24T01:18:05.5525564Z 
build	Forge APK (Verbose)	2026-02-24T01:18:05.5525573Z 
build	Forge APK (Verbose)	2026-02-24T01:18:05.5525725Z 7. Third Party Applications
build	Forge APK (Verbose)	2026-02-24T01:18:05.5525972Z 
build	Forge APK (Verbose)	2026-02-24T01:18:05.5529344Z 7.1 If you use the SDK to run applications developed by a third party or that access data, content or resources provided by a third party, you agree that Google is not responsible for those applications, data, content, or resources. You understand that all data, content or resources which you may access through such third party applications are the sole responsibility of the person from which they originated and that Google is not liable for any loss or damage that you may experience as a result of the use or access of any of those third party applications, data, content, or resources.
build	Forge APK (Verbose)	2026-02-24T01:18:05.5533136Z 
build	Forge APK (Verbose)	2026-02-24T01:18:05.5535927Z 7.2 You should be aware the data, content, and resources presented to you through such a third party application may be protected by intellectual property rights which are owned by the providers (or by other persons or companies on their behalf). You may not modify, rent, lease, loan, sell, distribute or create derivative works based on these data, content, or resources (either in whole or in part) unless you have been specifically given permission to do so by the relevant owners.
build	Forge APK (Verbose)	2026-02-24T01:18:05.5538903Z 
build	Forge APK (Verbose)	2026-02-24T01:18:05.5540441Z 7.3 You acknowledge that your use of such third party applications, data, content, or resources may be subject to separate terms between you and the relevant third party. In that case, the License Agreement does not affect your legal relationship with these third parties.
build	Forge APK (Verbose)	2026-02-24T01:18:05.5542359Z 
build	Forge APK (Verbose)	2026-02-24T01:18:05.5542371Z 
build	Forge APK (Verbose)	2026-02-24T01:18:05.5542515Z 8. Using Android APIs
build	Forge APK (Verbose)	2026-02-24T01:18:05.5542741Z 
build	Forge APK (Verbose)	2026-02-24T01:18:05.5542877Z 8.1 Google Data APIs
build	Forge APK (Verbose)	2026-02-24T01:18:05.5543096Z 
build	Forge APK (Verbose)	2026-02-24T01:18:05.5545951Z 8.1.1 If you use any API to retrieve data from Google, you acknowledge that the data may be protected by intellectual property rights which are owned by Google or those parties that provide the data (or by other persons or companies on their behalf). Your use of any such API may be subject to additional Terms of Service. You may not modify, rent, lease, loan, sell, distribute or create derivative works based on this data (either in whole or in part) unless allowed by the relevant Terms of Service.
build	Forge APK (Verbose)	2026-02-24T01:18:05.5549161Z 
build	Forge APK (Verbose)	2026-02-24T01:18:05.5554211Z 8.1.2 If you use any API to retrieve a user's data from Google, you acknowledge and agree that you shall retrieve data only with the user's explicit consent and only when, and for the limited purposes for which, the user has given you permission to do so. If you use the Android Recognition Service API, documented at the following URL: https://developer.android.com/reference/android/speech/RecognitionService, as updated from time to time, you acknowledge that the use of the API is subject to the Data Processing Addendum for Products where Google is a Data Processor, which is located at the following URL: https://privacy.google.com/businesses/gdprprocessorterms/, as updated from time to time. By clicking to accept, you hereby agree to the terms of the Data Processing Addendum for Products where Google is a Data Processor.
build	Forge APK (Verbose)	2026-02-24T01:18:05.5559441Z 
build	Forge APK (Verbose)	2026-02-24T01:18:05.5559452Z 
build	Forge APK (Verbose)	2026-02-24T01:18:05.5559615Z 9. Terminating the License Agreement
build	Forge APK (Verbose)	2026-02-24T01:18:05.5559921Z 
build	Forge APK (Verbose)	2026-02-24T01:18:05.5560450Z 9.1 The License Agreement will continue to apply until terminated by either you or Google as set out below.
build	Forge APK (Verbose)	2026-02-24T01:18:05.5561323Z 
build	Forge APK (Verbose)	2026-02-24T01:18:05.5561991Z 9.2 If you want to terminate the License Agreement, you may do so by ceasing your use of the SDK and any relevant developer credentials.
build	Forge APK (Verbose)	2026-02-24T01:18:05.5563058Z 
build	Forge APK (Verbose)	2026-02-24T01:18:05.5566879Z 9.3 Google may at any time, terminate the License Agreement with you if: (A) you have breached any provision of the License Agreement; or (B) Google is required to do so by law; or (C) the partner with whom Google offered certain parts of SDK (such as APIs) to you has terminated its relationship with Google or ceased to offer certain parts of the SDK to you; or (D) Google decides to no longer provide the SDK or certain parts of the SDK to users in the country in which you are resident or from which you use the service, or the provision of the SDK or certain SDK services to you by Google is, in Google's sole discretion, no longer commercially viable.
build	Forge APK (Verbose)	2026-02-24T01:18:05.5570857Z 
build	Forge APK (Verbose)	2026-02-24T01:18:05.5573354Z 9.4 When the License Agreement comes to an end, all of the legal rights, obligations and liabilities that you and Google have benefited from, been subject to (or which have accrued over time whilst the License Agreement has been in force) or which are expressed to continue indefinitely, shall be unaffected by this cessation, and the provisions of paragraph 14.7 shall continue to apply to such rights, obligations and liabilities indefinitely.
build	Forge APK (Verbose)	2026-02-24T01:18:05.5576031Z 
build	Forge APK (Verbose)	2026-02-24T01:18:05.5576041Z 
build	Forge APK (Verbose)	2026-02-24T01:18:05.5576184Z 10. DISCLAIMER OF WARRANTIES
build	Forge APK (Verbose)	2026-02-24T01:18:05.5576445Z 
build	Forge APK (Verbose)	2026-02-24T01:18:05.5577345Z 10.1 YOU EXPRESSLY UNDERSTAND AND AGREE THAT YOUR USE OF THE SDK IS AT YOUR SOLE RISK AND THAT THE SDK IS PROVIDED "AS IS" AND "AS AVAILABLE" WITHOUT WARRANTY OF ANY KIND FROM GOOGLE.
build	Forge APK (Verbose)	2026-02-24T01:18:05.5578413Z 
build	Forge APK (Verbose)	2026-02-24T01:18:05.5579810Z 10.2 YOUR USE OF THE SDK AND ANY MATERIAL DOWNLOADED OR OTHERWISE OBTAINED THROUGH THE USE OF THE SDK IS AT YOUR OWN DISCRETION AND RISK AND YOU ARE SOLELY RESPONSIBLE FOR ANY DAMAGE TO YOUR COMPUTER SYSTEM OR OTHER DEVICE OR LOSS OF DATA THAT RESULTS FROM SUCH USE.
build	Forge APK (Verbose)	2026-02-24T01:18:05.5581585Z 
build	Forge APK (Verbose)	2026-02-24T01:18:05.5583060Z 10.3 GOOGLE FURTHER EXPRESSLY DISCLAIMS ALL WARRANTIES AND CONDITIONS OF ANY KIND, WHETHER EXPRESS OR IMPLIED, INCLUDING, BUT NOT LIMITED TO THE IMPLIED WARRANTIES AND CONDITIONS OF MERCHANTABILITY, FITNESS FOR A PARTICULAR PURPOSE AND NON-INFRINGEMENT.
build	Forge APK (Verbose)	2026-02-24T01:18:05.5584708Z 
build	Forge APK (Verbose)	2026-02-24T01:18:05.5584719Z 
build	Forge APK (Verbose)	2026-02-24T01:18:05.5584861Z 11. LIMITATION OF LIABILITY
build	Forge APK (Verbose)	2026-02-24T01:18:05.5585106Z 
build	Forge APK (Verbose)	2026-02-24T01:18:05.5587633Z 11.1 YOU EXPRESSLY UNDERSTAND AND AGREE THAT GOOGLE, ITS SUBSIDIARIES AND AFFILIATES, AND ITS LICENSORS SHALL NOT BE LIABLE TO YOU UNDER ANY THEORY OF LIABILITY FOR ANY DIRECT, INDIRECT, INCIDENTAL, SPECIAL, CONSEQUENTIAL OR EXEMPLARY DAMAGES THAT MAY BE INCURRED BY YOU, INCLUDING ANY LOSS OF DATA, WHETHER OR NOT GOOGLE OR ITS REPRESENTATIVES HAVE BEEN ADVISED OF OR SHOULD HAVE BEEN AWARE OF THE POSSIBILITY OF ANY SUCH LOSSES ARISING.
build	Forge APK (Verbose)	2026-02-24T01:18:05.5590310Z 
build	Forge APK (Verbose)	2026-02-24T01:18:05.5590320Z 
build	Forge APK (Verbose)	2026-02-24T01:18:05.5590450Z 12. Indemnification
build	Forge APK (Verbose)	2026-02-24T01:18:05.5590801Z 
build	Forge APK (Verbose)	2026-02-24T01:18:05.5594968Z 12.1 To the maximum extent permitted by law, you agree to defend, indemnify and hold harmless Google, its affiliates and their respective directors, officers, employees and agents from and against any and all claims, actions, suits or proceedings, as well as any and all losses, liabilities, damages, costs and expenses (including reasonable attorneys fees) arising out of or accruing from (a) your use of the SDK, (b) any application you develop on the SDK that infringes any copyright, trademark, trade secret, trade dress, patent or other intellectual property right of any person or defames any person or violates their rights of publicity or privacy, and (c) any non-compliance by you with the License Agreement.
build	Forge APK (Verbose)	2026-02-24T01:18:05.5599577Z 
build	Forge APK (Verbose)	2026-02-24T01:18:05.5599588Z 
build	Forge APK (Verbose)	2026-02-24T01:18:05.5599752Z 13. Changes to the License Agreement
build	Forge APK (Verbose)	2026-02-24T01:18:05.5600060Z 
build	Forge APK (Verbose)	2026-02-24T01:18:05.5601825Z 13.1 Google may make changes to the License Agreement as it distributes new versions of the SDK. When these changes are made, Google will make a new version of the License Agreement available on the website where the SDK is made available.
build	Forge APK (Verbose)	2026-02-24T01:18:05.5603531Z 
build	Forge APK (Verbose)	2026-02-24T01:18:05.5603541Z 
build	Forge APK (Verbose)	2026-02-24T01:18:05.5603684Z 14. General Legal Terms
build	Forge APK (Verbose)	2026-02-24T01:18:05.5603905Z 
build	Forge APK (Verbose)	2026-02-24T01:18:05.5605672Z 14.1 The License Agreement constitutes the whole legal agreement between you and Google and governs your use of the SDK (excluding any services which Google may provide to you under a separate written agreement), and completely replaces any prior agreements between you and Google in relation to the SDK.
build	Forge APK (Verbose)	2026-02-24T01:18:05.5607608Z 
build	Forge APK (Verbose)	2026-02-24T01:18:05.5609467Z 14.2 You agree that if Google does not exercise or enforce any legal right or remedy which is contained in the License Agreement (or which Google has the benefit of under any applicable law), this will not be taken to be a formal waiver of Google's rights and that those rights or remedies will still be available to Google.
build	Forge APK (Verbose)	2026-02-24T01:18:05.5611520Z 
build	Forge APK (Verbose)	2026-02-24T01:18:05.5613465Z 14.3 If any court of law, having the jurisdiction to decide on this matter, rules that any provision of the License Agreement is invalid, then that provision will be removed from the License Agreement without affecting the rest of the License Agreement. The remaining provisions of the License Agreement will continue to be valid and enforceable.
build	Forge APK (Verbose)	2026-02-24T01:18:05.5615575Z 
build	Forge APK (Verbose)	2026-02-24T01:18:05.5618085Z 14.4 You acknowledge and agree that each member of the group of companies of which Google is the parent shall be third party beneficiaries to the License Agreement and that such other companies shall be entitled to directly enforce, and rely upon, any provision of the License Agreement that confers a benefit on (or rights in favor of) them. Other than this, no other person or company shall be third party beneficiaries to the License Agreement.
build	Forge APK (Verbose)	2026-02-24T01:18:05.5620922Z 
build	Forge APK (Verbose)	2026-02-24T01:18:05.5622435Z 14.5 EXPORT RESTRICTIONS. THE SDK IS SUBJECT TO UNITED STATES EXPORT LAWS AND REGULATIONS. YOU MUST COMPLY WITH ALL DOMESTIC AND INTERNATIONAL EXPORT LAWS AND REGULATIONS THAT APPLY TO THE SDK. THESE LAWS INCLUDE RESTRICTIONS ON DESTINATIONS, END USERS AND END USE.
build	Forge APK (Verbose)	2026-02-24T01:18:05.5624120Z 
build	Forge APK (Verbose)	2026-02-24T01:18:05.5626091Z 14.6 The rights granted in the License Agreement may not be assigned or transferred by either you or Google without the prior written approval of the other party. Neither you nor Google shall be permitted to delegate their responsibilities or obligations under the License Agreement without the prior written approval of the other party.
build	Forge APK (Verbose)	2026-02-24T01:18:05.5628220Z 
build	Forge APK (Verbose)	2026-02-24T01:18:05.5631625Z 14.7 The License Agreement, and your relationship with Google under the License Agreement, shall be governed by the laws of the State of California without regard to its conflict of laws provisions. You and Google agree to submit to the exclusive jurisdiction of the courts located within the county of Santa Clara, California to resolve any legal matter arising from the License Agreement. Notwithstanding this, you agree that Google shall still be allowed to apply for injunctive remedies (or an equivalent type of urgent legal relief) in any jurisdiction.
build	Forge APK (Verbose)	2026-02-24T01:18:05.5635060Z 
build	Forge APK (Verbose)	2026-02-24T01:18:05.5635298Z 
build	Forge APK (Verbose)	2026-02-24T01:18:05.5635440Z January 16, 2019
build	Forge APK (Verbose)	2026-02-24T01:18:05.5635786Z ---------------------------------------
build	Forge APK (Verbose)	2026-02-24T01:18:05.5915805Z Accept? (y/N): [===                                    ] 10% Installing Android SDK Platform-To
build	Forge APK (Verbose)	2026-02-24T01:18:05.5957017Z [===                                    ] 10% Downloading platform-tools_r36.0.2
build	Forge APK (Verbose)	2026-02-24T01:18:05.6052217Z [====                                   ] 10% Downloading platform-tools_r36.0.2
build	Forge APK (Verbose)	2026-02-24T01:18:05.6194299Z [====                                   ] 11% Downloading platform-tools_r36.0.2
build	Forge APK (Verbose)	2026-02-24T01:18:05.6329121Z [====                                   ] 12% Downloading platform-tools_r36.0.2
build	Forge APK (Verbose)	2026-02-24T01:18:05.6404906Z [=====                                  ] 13% Downloading platform-tools_r36.0.2
build	Forge APK (Verbose)	2026-02-24T01:18:05.6517793Z [=====                                  ] 14% Downloading platform-tools_r36.0.2
build	Forge APK (Verbose)	2026-02-24T01:18:05.6598811Z [=====                                  ] 15% Downloading platform-tools_r36.0.2
build	Forge APK (Verbose)	2026-02-24T01:18:05.6649818Z [======                                 ] 15% Downloading platform-tools_r36.0.2
build	Forge APK (Verbose)	2026-02-24T01:18:05.6735279Z [======                                 ] 16% Downloading platform-tools_r36.0.2
build	Forge APK (Verbose)	2026-02-24T01:18:05.6841236Z [======                                 ] 17% Downloading platform-tools_r36.0.2
build	Forge APK (Verbose)	2026-02-24T01:18:05.6921398Z [=======                                ] 18% Downloading platform-tools_r36.0.2
build	Forge APK (Verbose)	2026-02-24T01:18:05.7017493Z [=======                                ] 19% Downloading platform-tools_r36.0.2
build	Forge APK (Verbose)	2026-02-24T01:18:05.7058163Z [=======                                ] 20% Downloading platform-tools_r36.0.2
build	Forge APK (Verbose)	2026-02-24T01:18:05.7098991Z [========                               ] 20% Downloading platform-tools_r36.0.2
build	Forge APK (Verbose)	2026-02-24T01:18:05.7191073Z [========                               ] 21% Downloading platform-tools_r36.0.2
build	Forge APK (Verbose)	2026-02-24T01:18:05.7273837Z [========                               ] 22% Downloading platform-tools_r36.0.2
build	Forge APK (Verbose)	2026-02-24T01:18:05.7342313Z [=========                              ] 23% Downloading platform-tools_r36.0.2
build	Forge APK (Verbose)	2026-02-24T01:18:05.7431110Z [=========                              ] 24% Downloading platform-tools_r36.0.2
build	Forge APK (Verbose)	2026-02-24T01:18:05.7462121Z [=========                              ] 25% Downloading platform-tools_r36.0.2
build	Forge APK (Verbose)	2026-02-24T01:18:05.7493505Z [==========                             ] 25% Downloading platform-tools_r36.0.2
build	Forge APK (Verbose)	2026-02-24T01:18:05.7568259Z [==========                             ] 26% Downloading platform-tools_r36.0.2
build	Forge APK (Verbose)	2026-02-24T01:18:05.7622774Z [==========                             ] 27% Downloading platform-tools_r36.0.2
build	Forge APK (Verbose)	2026-02-24T01:18:05.7689981Z [===========                            ] 28% Downloading platform-tools_r36.0.2
build	Forge APK (Verbose)	2026-02-24T01:18:05.7735291Z [===========                            ] 29% Downloading platform-tools_r36.0.2
build	Forge APK (Verbose)	2026-02-24T01:18:05.7756948Z [===========                            ] 30% Downloading platform-tools_r36.0.2
build	Forge APK (Verbose)	2026-02-24T01:18:05.7790333Z [============                           ] 30% Downloading platform-tools_r36.0.2
build	Forge APK (Verbose)	2026-02-24T01:18:05.7832805Z [============                           ] 31% Downloading platform-tools_r36.0.2
build	Forge APK (Verbose)	2026-02-24T01:18:05.7882485Z [============                           ] 32% Downloading platform-tools_r36.0.2
build	Forge APK (Verbose)	2026-02-24T01:18:05.7888192Z [============                           ] 33% Downloading platform-tools_r36.0.2
build	Forge APK (Verbose)	2026-02-24T01:18:05.8217533Z [============                           ] 33% Unzipping...                      
build	Forge APK (Verbose)	2026-02-24T01:18:05.8225886Z [============                           ] 33% Unzipping... platform-tools/NOTICE
build	Forge APK (Verbose)	2026-02-24T01:18:05.8411688Z [=============                          ] 33% Unzipping... platform-tools/NOTICE
build	Forge APK (Verbose)	2026-02-24T01:18:05.8434654Z [=============                          ] 33% Unzipping... platform-tools/adb   
build	Forge APK (Verbose)	2026-02-24T01:18:05.8518042Z [=============                          ] 34% Unzipping... platform-tools/adb   
build	Forge APK (Verbose)	2026-02-24T01:18:05.8554499Z [=============                          ] 35% Unzipping... platform-tools/adb   
build	Forge APK (Verbose)	2026-02-24T01:18:05.8583161Z [==============                         ] 35% Unzipping... platform-tools/adb   
build	Forge APK (Verbose)	2026-02-24T01:18:05.8654882Z [==============                         ] 36% Unzipping... platform-tools/adb   
build	Forge APK (Verbose)	2026-02-24T01:18:05.8726631Z [==============                         ] 37% Unzipping... platform-tools/adb   
build	Forge APK (Verbose)	2026-02-24T01:18:05.8793774Z [===============                        ] 38% Unzipping... platform-tools/adb   
build	Forge APK (Verbose)	2026-02-24T01:18:05.8866569Z [===============                        ] 39% Unzipping... platform-tools/adb   
build	Forge APK (Verbose)	2026-02-24T01:18:05.8898413Z [===============                        ] 40% Unzipping... platform-tools/adb   
build	Forge APK (Verbose)	2026-02-24T01:18:05.8938234Z [================                       ] 40% Unzipping... platform-tools/adb   
build	Forge APK (Verbose)	2026-02-24T01:18:05.9006973Z [================                       ] 41% Unzipping... platform-tools/adb   
build	Forge APK (Verbose)	2026-02-24T01:18:05.9078402Z [================                       ] 42% Unzipping... platform-tools/adb   
build	Forge APK (Verbose)	2026-02-24T01:18:05.9129323Z [=================                      ] 43% Unzipping... platform-tools/adb   
build	Forge APK (Verbose)	2026-02-24T01:18:05.9211247Z [=================                      ] 44% Unzipping... platform-tools/adb   
build	Forge APK (Verbose)	2026-02-24T01:18:05.9231441Z [=================                      ] 44% Unzipping... platform-tools/etc1to
build	Forge APK (Verbose)	2026-02-24T01:18:05.9265380Z [=================                      ] 45% Unzipping... platform-tools/etc1to
build	Forge APK (Verbose)	2026-02-24T01:18:05.9284470Z [=================                      ] 45% Unzipping... platform-tools/fastbo
build	Forge APK (Verbose)	2026-02-24T01:18:05.9329780Z [==================                     ] 45% Unzipping... platform-tools/fastbo
build	Forge APK (Verbose)	2026-02-24T01:18:05.9404893Z [==================                     ] 46% Unzipping... platform-tools/fastbo
build	Forge APK (Verbose)	2026-02-24T01:18:05.9471690Z [==================                     ] 47% Unzipping... platform-tools/fastbo
build	Forge APK (Verbose)	2026-02-24T01:18:05.9488575Z [===================                    ] 48% Unzipping... platform-tools/fastbo
build	Forge APK (Verbose)	2026-02-24T01:18:05.9495597Z [===================                    ] 48% Unzipping... platform-tools/hprof-
build	Forge APK (Verbose)	2026-02-24T01:18:05.9567373Z [===================                    ] 48% Unzipping... platform-tools/lib64/
build	Forge APK (Verbose)	2026-02-24T01:18:05.9605003Z [===================                    ] 49% Unzipping... platform-tools/lib64/
build	Forge APK (Verbose)	2026-02-24T01:18:05.9643448Z [===================                    ] 49% Unzipping... platform-tools/make_f
build	Forge APK (Verbose)	2026-02-24T01:18:05.9658559Z [===================                    ] 50% Unzipping... platform-tools/make_f
build	Forge APK (Verbose)	2026-02-24T01:18:05.9678624Z [===================                    ] 50% Unzipping... platform-tools/mke2fs
build	Forge APK (Verbose)	2026-02-24T01:18:05.9720377Z [====================                   ] 50% Unzipping... platform-tools/mke2fs
build	Forge APK (Verbose)	2026-02-24T01:18:05.9758712Z [====================                   ] 51% Unzipping... platform-tools/mke2fs
build	Forge APK (Verbose)	2026-02-24T01:18:05.9763025Z [====================                   ] 51% Unzipping... platform-tools/source
build	Forge APK (Verbose)	2026-02-24T01:18:05.9817075Z [====================                   ] 51% Unzipping... platform-tools/sqlite
build	Forge APK (Verbose)	2026-02-24T01:18:05.9903080Z [====================                   ] 52% Unzipping... platform-tools/sqlite
build	Forge APK (Verbose)	2026-02-24T01:18:05.9994404Z [=====================                  ] 53% Unzipping... platform-tools/sqlite
build	Forge APK (Verbose)	2026-02-24T01:18:06.0075260Z [=====================                  ] 54% Unzipping... platform-tools/sqlite
build	Forge APK (Verbose)	2026-02-24T01:18:06.0144001Z [=====================                  ] 55% Unzipping... platform-tools/sqlite
build	Forge APK (Verbose)	2026-02-24T01:18:06.0206597Z [=======================================] 100% Unzipping... platform-tools/sqlit
build	Forge APK (Verbose)	2026-02-24T01:18:06.4612355Z [0m[1;30m# Run ['/home/runner/.buildozer/android/platform/android-sdk/tools/bin/sdkmanager', '--sdk_root=/home/runner/.buildozer/android/platform/android-sdk', '--update'][0m
build	Forge APK (Verbose)	2026-02-24T01:18:06.4614930Z [0m[1;30m# Cwd /home/runner/.buildozer/android/platform/android-sdk[0m
build	Forge APK (Verbose)	2026-02-24T01:18:06.4633176Z Loading package information...                                                  
build	Forge APK (Verbose)	2026-02-24T01:18:06.4895825Z Loading local repository...                                                     
build	Forge APK (Verbose)	2026-02-24T01:18:06.4903329Z [                                       ] 3% Loading local repository...        
build	Forge APK (Verbose)	2026-02-24T01:18:06.4940233Z [                                       ] 3% Fetch remote repository...         
build	Forge APK (Verbose)	2026-02-24T01:18:06.7528804Z [=                                      ] 3% Fetch remote repository...         
build	Forge APK (Verbose)	2026-02-24T01:18:06.7908918Z [=                                      ] 4% Fetch remote repository...         
build	Forge APK (Verbose)	2026-02-24T01:18:06.8150757Z [=                                      ] 5% Fetch remote repository...         
build	Forge APK (Verbose)	2026-02-24T01:18:06.8367521Z [==                                     ] 5% Fetch remote repository...         
build	Forge APK (Verbose)	2026-02-24T01:18:06.8803408Z [==                                     ] 6% Fetch remote repository...         
build	Forge APK (Verbose)	2026-02-24T01:18:06.9240217Z [==                                     ] 7% Fetch remote repository...         
build	Forge APK (Verbose)	2026-02-24T01:18:06.9280356Z [===                                    ] 8% Fetch remote repository...         
build	Forge APK (Verbose)	2026-02-24T01:18:06.9410188Z [===                                    ] 8% Computing updates...               
build	Forge APK (Verbose)	2026-02-24T01:18:06.9489166Z [===                                    ] 10% Computing updates...              
build	Forge APK (Verbose)	2026-02-24T01:18:06.9493767Z [=======================================] 100% Computing updates...             
build	Forge APK (Verbose)	2026-02-24T01:18:07.3880971Z [0m[1;34m# Updating SDK build tools if necessary[0m
build	Forge APK (Verbose)	2026-02-24T01:18:07.3882190Z [0m[1;30m# build-tools folder not found /home/runner/.buildozer/android/platform/android-sdk/build-tools[0m
build	Forge APK (Verbose)	2026-02-24T01:18:07.3884128Z [0m[1;30m# Run ['/home/runner/.buildozer/android/platform/android-sdk/tools/bin/sdkmanager', '--sdk_root=/home/runner/.buildozer/android/platform/android-sdk', '--list'][0m
build	Forge APK (Verbose)	2026-02-24T01:18:07.3885656Z [0m[1;30m# Cwd /home/runner/.buildozer/android/platform/android-sdk[0m
build	Forge APK (Verbose)	2026-02-24T01:18:07.3886498Z Loading package information...                                                  
build	Forge APK (Verbose)	2026-02-24T01:18:07.4097359Z Loading local repository...                                                     
build	Forge APK (Verbose)	2026-02-24T01:18:07.4104592Z [=========                              ] 25% Loading local repository...       
build	Forge APK (Verbose)	2026-02-24T01:18:07.4158552Z [=========                              ] 25% Fetch remote repository...        
build	Forge APK (Verbose)	2026-02-24T01:18:07.5717864Z [==========                             ] 27% Fetch remote repository...        
build	Forge APK (Verbose)	2026-02-24T01:18:07.5732202Z [============                           ] 32% Fetch remote repository...        
build	Forge APK (Verbose)	2026-02-24T01:18:07.6895189Z [=============                          ] 33% Fetch remote repository...        
build	Forge APK (Verbose)	2026-02-24T01:18:07.6935984Z [=============                          ] 35% Fetch remote repository...        
build	Forge APK (Verbose)	2026-02-24T01:18:07.7111877Z [==============                         ] 36% Fetch remote repository...        
build	Forge APK (Verbose)	2026-02-24T01:18:07.7128391Z [==============                         ] 38% Fetch remote repository...        
build	Forge APK (Verbose)	2026-02-24T01:18:07.7309243Z [===============                        ] 39% Fetch remote repository...        
build	Forge APK (Verbose)	2026-02-24T01:18:07.7313175Z [================                       ] 41% Fetch remote repository...        
build	Forge APK (Verbose)	2026-02-24T01:18:07.7468168Z [================                       ] 42% Fetch remote repository...        
build	Forge APK (Verbose)	2026-02-24T01:18:07.7493057Z [=================                      ] 44% Fetch remote repository...        
build	Forge APK (Verbose)	2026-02-24T01:18:07.7657077Z [==================                     ] 45% Fetch remote repository...        
build	Forge APK (Verbose)	2026-02-24T01:18:07.7659338Z [==================                     ] 47% Fetch remote repository...        
build	Forge APK (Verbose)	2026-02-24T01:18:07.7848881Z [===================                    ] 48% Fetch remote repository...        
build	Forge APK (Verbose)	2026-02-24T01:18:07.7866863Z [===================                    ] 50% Fetch remote repository...        
build	Forge APK (Verbose)	2026-02-24T01:18:07.8039209Z [====================                   ] 51% Fetch remote repository...        
build	Forge APK (Verbose)	2026-02-24T01:18:07.8049900Z [=====================                  ] 53% Fetch remote repository...        
build	Forge APK (Verbose)	2026-02-24T01:18:07.8221754Z [=====================                  ] 54% Fetch remote repository...        
build	Forge APK (Verbose)	2026-02-24T01:18:07.8225920Z [======================                 ] 56% Fetch remote repository...        
build	Forge APK (Verbose)	2026-02-24T01:18:07.8504624Z [======================                 ] 57% Fetch remote repository...        
build	Forge APK (Verbose)	2026-02-24T01:18:07.8509222Z [=======================                ] 59% Fetch remote repository...        
build	Forge APK (Verbose)	2026-02-24T01:18:07.8776203Z [========================               ] 60% Fetch remote repository...        
build	Forge APK (Verbose)	2026-02-24T01:18:07.8786011Z [========================               ] 62% Fetch remote repository...        
build	Forge APK (Verbose)	2026-02-24T01:18:07.8987791Z [=========================              ] 63% Fetch remote repository...        
build	Forge APK (Verbose)	2026-02-24T01:18:07.9001374Z [=========================              ] 65% Fetch remote repository...        
build	Forge APK (Verbose)	2026-02-24T01:18:07.9144702Z [==========================             ] 66% Fetch remote repository...        
build	Forge APK (Verbose)	2026-02-24T01:18:07.9147910Z [===========================            ] 68% Fetch remote repository...        
build	Forge APK (Verbose)	2026-02-24T01:18:07.9402706Z [===========================            ] 69% Fetch remote repository...        
build	Forge APK (Verbose)	2026-02-24T01:18:07.9412678Z [============================           ] 71% Fetch remote repository...        
build	Forge APK (Verbose)	2026-02-24T01:18:07.9488214Z [============================           ] 72% Fetch remote repository...        
build	Forge APK (Verbose)	2026-02-24T01:18:07.9489056Z [=============================          ] 74% Fetch remote repository...        
build	Forge APK (Verbose)	2026-02-24T01:18:07.9490886Z [=============================          ] 75% Fetch remote repository...        
build	Forge APK (Verbose)	2026-02-24T01:18:07.9647020Z [=============================          ] 75% Computing updates...              
build	Forge APK (Verbose)	2026-02-24T01:18:07.9718097Z [=======================================] 100% Computing updates...             
build	Forge APK (Verbose)	2026-02-24T01:18:07.9722124Z Installed packages:
build	Forge APK (Verbose)	2026-02-24T01:18:08.0089845Z   Path           | Version | Description                | Location       
build	Forge APK (Verbose)	2026-02-24T01:18:08.0099949Z   -------        | ------- | -------                    | -------        
build	Forge APK (Verbose)	2026-02-24T01:18:08.0115187Z   platform-tools | 36.0.2  | Android SDK Platform-Tools | platform-tools/
build	Forge APK (Verbose)	2026-02-24T01:18:08.0118521Z   tools          | 2.0.0   | Android SDK Tools 2        | tools/         
build	Forge APK (Verbose)	2026-02-24T01:18:08.0121832Z 
build	Forge APK (Verbose)	2026-02-24T01:18:08.0132642Z Available Packages:
build	Forge APK (Verbose)	2026-02-24T01:18:08.0183316Z   Path                                                                            | Version           | Description                                                           
build	Forge APK (Verbose)	2026-02-24T01:18:08.0211568Z   -------                                                                         | -------           | -------                                                               
build	Forge APK (Verbose)	2026-02-24T01:18:08.0229090Z   add-ons;addon-google_apis-google-15                                             | 3                 | Google APIs                                                           
build	Forge APK (Verbose)	2026-02-24T01:18:08.0252100Z   add-ons;addon-google_apis-google-16                                             | 4                 | Google APIs                                                           
build	Forge APK (Verbose)	2026-02-24T01:18:08.0256715Z   add-ons;addon-google_apis-google-17                                             | 4                 | Google APIs                                                           
build	Forge APK (Verbose)	2026-02-24T01:18:08.0261342Z   add-ons;addon-google_apis-google-18                                             | 4                 | Google APIs                                                           
build	Forge APK (Verbose)	2026-02-24T01:18:08.0263867Z   add-ons;addon-google_apis-google-19                                             | 20                | Google APIs                                                           
build	Forge APK (Verbose)	2026-02-24T01:18:08.0268459Z   add-ons;addon-google_apis-google-21                                             | 1                 | Google APIs                                                           
build	Forge APK (Verbose)	2026-02-24T01:18:08.0296965Z   add-ons;addon-google_apis-google-22                                             | 1                 | Google APIs                                                           
build	Forge APK (Verbose)	2026-02-24T01:18:08.0298650Z   add-ons;addon-google_apis-google-23                                             | 1                 | Google APIs                                                           
build	Forge APK (Verbose)	2026-02-24T01:18:08.0300233Z   add-ons;addon-google_apis-google-24                                             | 1                 | Google APIs                                                           
build	Forge APK (Verbose)	2026-02-24T01:18:08.0318204Z   build-tools;19.1.0                                                              | 19.1.0            | Android SDK Build-Tools 19.1                                          
build	Forge APK (Verbose)	2026-02-24T01:18:08.0329430Z   build-tools;20.0.0                                                              | 20.0.0            | Android SDK Build-Tools 20                                            
build	Forge APK (Verbose)	2026-02-24T01:18:08.0341718Z   build-tools;21.1.2                                                              | 21.1.2            | Android SDK Build-Tools 21.1.2                                        
build	Forge APK (Verbose)	2026-02-24T01:18:08.0343373Z   build-tools;22.0.1                                                              | 22.0.1            | Android SDK Build-Tools 22.0.1                                        
build	Forge APK (Verbose)	2026-02-24T01:18:08.0344999Z   build-tools;23.0.1                                                              | 23.0.1            | Android SDK Build-Tools 23.0.1                                        
build	Forge APK (Verbose)	2026-02-24T01:18:08.0361406Z   build-tools;23.0.2                                                              | 23.0.2            | Android SDK Build-Tools 23.0.2                                        
build	Forge APK (Verbose)	2026-02-24T01:18:08.0363008Z   build-tools;23.0.3                                                              | 23.0.3            | Android SDK Build-Tools 23.0.3                                        
build	Forge APK (Verbose)	2026-02-24T01:18:08.0364598Z   build-tools;24.0.0                                                              | 24.0.0            | Android SDK Build-Tools 24                                            
build	Forge APK (Verbose)	2026-02-24T01:18:08.0366138Z   build-tools;24.0.1                                                              | 24.0.1            | Android SDK Build-Tools 24.0.1                                        
build	Forge APK (Verbose)	2026-02-24T01:18:08.0367740Z   build-tools;24.0.2                                                              | 24.0.2            | Android SDK Build-Tools 24.0.2                                        
build	Forge APK (Verbose)	2026-02-24T01:18:08.0369296Z   build-tools;24.0.3                                                              | 24.0.3            | Android SDK Build-Tools 24.0.3                                        
build	Forge APK (Verbose)	2026-02-24T01:18:08.0371301Z   build-tools;25.0.0                                                              | 25.0.0            | Android SDK Build-Tools 25                                            
build	Forge APK (Verbose)	2026-02-24T01:18:08.0376499Z   build-tools;25.0.1                                                              | 25.0.1            | Android SDK Build-Tools 25.0.1                                        
build	Forge APK (Verbose)	2026-02-24T01:18:08.0412038Z   build-tools;25.0.2                                                              | 25.0.2            | Android SDK Build-Tools 25.0.2                                        
build	Forge APK (Verbose)	2026-02-24T01:18:08.0417931Z   build-tools;25.0.3                                                              | 25.0.3            | Android SDK Build-Tools 25.0.3                                        
build	Forge APK (Verbose)	2026-02-24T01:18:08.0423998Z   build-tools;26.0.0                                                              | 26.0.0            | Android SDK Build-Tools 26                                            
build	Forge APK (Verbose)	2026-02-24T01:18:08.0425285Z   build-tools;26.0.1                                                              | 26.0.1            | Android SDK Build-Tools 26.0.1                                        
build	Forge APK (Verbose)	2026-02-24T01:18:08.0426563Z   build-tools;26.0.2                                                              | 26.0.2            | Android SDK Build-Tools 26.0.2                                        
build	Forge APK (Verbose)	2026-02-24T01:18:08.0428145Z   build-tools;26.0.3                                                              | 26.0.3            | Android SDK Build-Tools 26.0.3                                        
build	Forge APK (Verbose)	2026-02-24T01:18:08.0429404Z   build-tools;27.0.0                                                              | 27.0.0            | Android SDK Build-Tools 27                                            
build	Forge APK (Verbose)	2026-02-24T01:18:08.0430814Z   build-tools;27.0.1                                                              | 27.0.1            | Android SDK Build-Tools 27.0.1                                        
build	Forge APK (Verbose)	2026-02-24T01:18:08.0452247Z   build-tools;27.0.2                                                              | 27.0.2            | Android SDK Build-Tools 27.0.2                                        
build	Forge APK (Verbose)	2026-02-24T01:18:08.0453997Z   build-tools;27.0.3                                                              | 27.0.3            | Android SDK Build-Tools 27.0.3                                        
build	Forge APK (Verbose)	2026-02-24T01:18:08.0469851Z   build-tools;28.0.0                                                              | 28.0.0            | Android SDK Build-Tools 28                                            
build	Forge APK (Verbose)	2026-02-24T01:18:08.0471371Z   build-tools;28.0.1                                                              | 28.0.1            | Android SDK Build-Tools 28.0.1                                        
build	Forge APK (Verbose)	2026-02-24T01:18:08.0472718Z   build-tools;28.0.2                                                              | 28.0.2            | Android SDK Build-Tools 28.0.2                                        
build	Forge APK (Verbose)	2026-02-24T01:18:08.0474040Z   build-tools;28.0.3                                                              | 28.0.3            | Android SDK Build-Tools 28.0.3                                        
build	Forge APK (Verbose)	2026-02-24T01:18:08.0475361Z   build-tools;29.0.0                                                              | 29.0.0            | Android SDK Build-Tools 29                                            
build	Forge APK (Verbose)	2026-02-24T01:18:08.0476678Z   build-tools;29.0.1                                                              | 29.0.1            | Android SDK Build-Tools 29.0.1                                        
build	Forge APK (Verbose)	2026-02-24T01:18:08.0477977Z   build-tools;29.0.2                                                              | 29.0.2            | Android SDK Build-Tools 29.0.2                                        
build	Forge APK (Verbose)	2026-02-24T01:18:08.0483616Z   build-tools;29.0.3                                                              | 29.0.3            | Android SDK Build-Tools 29.0.3                                        
build	Forge APK (Verbose)	2026-02-24T01:18:08.0489083Z   build-tools;30.0.0                                                              | 30.0.0            | Android SDK Build-Tools 30                                            
build	Forge APK (Verbose)	2026-02-24T01:18:08.0499610Z   build-tools;30.0.1                                                              | 30.0.1            | Android SDK Build-Tools 30.0.1                                        
build	Forge APK (Verbose)	2026-02-24T01:18:08.0501139Z   build-tools;30.0.2                                                              | 30.0.2            | Android SDK Build-Tools 30.0.2                                        
build	Forge APK (Verbose)	2026-02-24T01:18:08.0504584Z   build-tools;30.0.3                                                              | 30.0.3            | Android SDK Build-Tools 30.0.3                                        
build	Forge APK (Verbose)	2026-02-24T01:18:08.0515781Z   build-tools;31.0.0                                                              | 31.0.0            | Android SDK Build-Tools 31                                            
build	Forge APK (Verbose)	2026-02-24T01:18:08.0517114Z   build-tools;32.0.0                                                              | 32.0.0            | Android SDK Build-Tools 32                                            
build	Forge APK (Verbose)	2026-02-24T01:18:08.0518438Z   build-tools;32.1.0-rc1                                                          | 32.1.0 rc1        | Android SDK Build-Tools 32.1-rc1                                      
build	Forge APK (Verbose)	2026-02-24T01:18:08.0527334Z   build-tools;33.0.0                                                              | 33.0.0            | Android SDK Build-Tools 33                                            
build	Forge APK (Verbose)	2026-02-24T01:18:08.0530465Z   build-tools;33.0.1                                                              | 33.0.1            | Android SDK Build-Tools 33.0.1                                        
build	Forge APK (Verbose)	2026-02-24T01:18:08.0537345Z   build-tools;33.0.2                                                              | 33.0.2            | Android SDK Build-Tools 33.0.2                                        
build	Forge APK (Verbose)	2026-02-24T01:18:08.0538567Z   build-tools;33.0.3                                                              | 33.0.3            | Android SDK Build-Tools 33.0.3                                        
build	Forge APK (Verbose)	2026-02-24T01:18:08.0540027Z   build-tools;34.0.0                                                              | 34.0.0            | Android SDK Build-Tools 34                                            
build	Forge APK (Verbose)	2026-02-24T01:18:08.0541540Z   build-tools;34.0.0-rc1                                                          | 34.0.0 rc1        | Android SDK Build-Tools 34-rc1                                        
build	Forge APK (Verbose)	2026-02-24T01:18:08.0542907Z   build-tools;34.0.0-rc2                                                          | 34.0.0 rc2        | Android SDK Build-Tools 34-rc2                                        
build	Forge APK (Verbose)	2026-02-24T01:18:08.0545019Z   build-tools;34.0.0-rc3                                                          | 34.0.0 rc3        | Android SDK Build-Tools 34-rc3                                        
build	Forge APK (Verbose)	2026-02-24T01:18:08.0547251Z   build-tools;35.0.0                                                              | 35.0.0            | Android SDK Build-Tools 35                                            
build	Forge APK (Verbose)	2026-02-24T01:18:08.0566985Z   build-tools;35.0.0-rc1                                                          | 35.0.0 rc1        | Android SDK Build-Tools 35-rc1                                        
build	Forge APK (Verbose)	2026-02-24T01:18:08.0568390Z   build-tools;35.0.0-rc2                                                          | 35.0.0 rc2        | Android SDK Build-Tools 35-rc2                                        
build	Forge APK (Verbose)	2026-02-24T01:18:08.0569738Z   build-tools;35.0.0-rc3                                                          | 35.0.0 rc3        | Android SDK Build-Tools 35-rc3                                        
build	Forge APK (Verbose)	2026-02-24T01:18:08.0571322Z   build-tools;35.0.0-rc4                                                          | 35.0.0 rc4        | Android SDK Build-Tools 35-rc4                                        
build	Forge APK (Verbose)	2026-02-24T01:18:08.0572657Z   build-tools;35.0.1                                                              | 35.0.1            | Android SDK Build-Tools 35.0.1                                        
build	Forge APK (Verbose)	2026-02-24T01:18:08.0573984Z   build-tools;36.0.0                                                              | 36.0.0            | Android SDK Build-Tools 36                                            
build	Forge APK (Verbose)	2026-02-24T01:18:08.0575313Z   build-tools;36.0.0-rc1                                                          | 36.0.0 rc1        | Android SDK Build-Tools 36-rc1                                        
build	Forge APK (Verbose)	2026-02-24T01:18:08.0576669Z   build-tools;36.0.0-rc3                                                          | 36.0.0 rc3        | Android SDK Build-Tools 36-rc3                                        
build	Forge APK (Verbose)	2026-02-24T01:18:08.0578073Z   build-tools;36.0.0-rc4                                                          | 36.0.0 rc4        | Android SDK Build-Tools 36-rc4                                        
build	Forge APK (Verbose)	2026-02-24T01:18:08.0580912Z   build-tools;36.0.0-rc5                                                          | 36.0.0 rc5        | Android SDK Build-Tools 36-rc5                                        
build	Forge APK (Verbose)	2026-02-24T01:18:08.0582473Z   build-tools;36.1.0                                                              | 36.1.0            | Android SDK Build-Tools 36.1                                          
build	Forge APK (Verbose)	2026-02-24T01:18:08.0587233Z   build-tools;36.1.0-rc1                                                          | 36.1.0 rc1        | Android SDK Build-Tools 36.1-rc1                                      
build	Forge APK (Verbose)	2026-02-24T01:18:08.0588829Z   build-tools;37.0.0-rc1                                                          | 37.0.0 rc1        | Android SDK Build-Tools 37-rc1                                        
build	Forge APK (Verbose)	2026-02-24T01:18:08.0596991Z   cmake;3.10.2.4988404                                                            | 3.10.2            | CMake 3.10.2.4988404                                                  
build	Forge APK (Verbose)	2026-02-24T01:18:08.0598171Z   cmake;3.18.1                                                                    | 3.18.1            | CMake 3.18.1                                                          
build	Forge APK (Verbose)	2026-02-24T01:18:08.0599537Z   cmake;3.22.1                                                                    | 3.22.1            | CMake 3.22.1                                                          
build	Forge APK (Verbose)	2026-02-24T01:18:08.0600881Z   cmake;3.30.3                                                                    | 3.30.3            | CMake 3.30.3                                                          
build	Forge APK (Verbose)	2026-02-24T01:18:08.0602067Z   cmake;3.30.4                                                                    | 3.30.4            | CMake 3.30.4                                                          
build	Forge APK (Verbose)	2026-02-24T01:18:08.0603247Z   cmake;3.30.5                                                                    | 3.30.5            | CMake 3.30.5                                                          
build	Forge APK (Verbose)	2026-02-24T01:18:08.0613824Z   cmake;3.31.0                                                                    | 3.31.0            | CMake 3.31.0                                                          
build	Forge APK (Verbose)	2026-02-24T01:18:08.0616970Z   cmake;3.31.1                                                                    | 3.31.1            | CMake 3.31.1                                                          
build	Forge APK (Verbose)	2026-02-24T01:18:08.0620720Z   cmake;3.31.4                                                                    | 3.31.4            | CMake 3.31.4                                                          
build	Forge APK (Verbose)	2026-02-24T01:18:08.0621880Z   cmake;3.31.5                                                                    | 3.31.5            | CMake 3.31.5                                                          
build	Forge APK (Verbose)	2026-02-24T01:18:08.0622993Z   cmake;3.31.6                                                                    | 3.31.6            | CMake 3.31.6                                                          
build	Forge APK (Verbose)	2026-02-24T01:18:08.0624171Z   cmake;3.6.4111459                                                               | 3.6.4111459       | CMake 3.6.4111459                                                     
build	Forge APK (Verbose)	2026-02-24T01:18:08.0625349Z   cmake;4.0.2                                                                     | 4.0.2             | CMake 4.0.2                                                           
build	Forge APK (Verbose)	2026-02-24T01:18:08.0637133Z   cmake;4.0.3                                                                     | 4.0.3             | CMake 4.0.3                                                           
build	Forge APK (Verbose)	2026-02-24T01:18:08.0638288Z   cmake;4.1.0                                                                     | 4.1.0             | CMake 4.1.0                                                           
build	Forge APK (Verbose)	2026-02-24T01:18:08.0639413Z   cmake;4.1.1                                                                     | 4.1.1             | CMake 4.1.1                                                           
build	Forge APK (Verbose)	2026-02-24T01:18:08.0640727Z   cmake;4.1.2                                                                     | 4.1.2             | CMake 4.1.2                                                           
build	Forge APK (Verbose)	2026-02-24T01:18:08.0641932Z   cmdline-tools;1.0                                                               | 1.0               | Android SDK Command-line Tools                                        
build	Forge APK (Verbose)	2026-02-24T01:18:08.0645623Z   cmdline-tools;10.0                                                              | 10.0              | Android SDK Command-line Tools                                        
build	Forge APK (Verbose)	2026-02-24T01:18:08.0649013Z   cmdline-tools;11.0                                                              | 11.0              | Android SDK Command-line Tools                                        
build	Forge APK (Verbose)	2026-02-24T01:18:08.0650319Z   cmdline-tools;12.0                                                              | 12.0              | Android SDK Command-line Tools                                        
build	Forge APK (Verbose)	2026-02-24T01:18:08.0651922Z   cmdline-tools;13.0                                                              | 13.0              | Android SDK Command-line Tools                                        
build	Forge APK (Verbose)	2026-02-24T01:18:08.0661877Z   cmdline-tools;16.0                                                              | 16.0              | Android SDK Command-line Tools                                        
build	Forge APK (Verbose)	2026-02-24T01:18:08.0663334Z   cmdline-tools;16.0-alpha01                                                      | 16.0.0 rc1        | Android SDK Command-line Tools                                        
build	Forge APK (Verbose)	2026-02-24T01:18:08.0664712Z   cmdline-tools;17.0                                                              | 17.0              | Android SDK Command-line Tools                                        
build	Forge APK (Verbose)	2026-02-24T01:18:08.0672492Z   cmdline-tools;19.0                                                              | 19.0              | Android SDK Command-line Tools                                        
build	Forge APK (Verbose)	2026-02-24T01:18:08.0673960Z   cmdline-tools;19.0-alpha01                                                      | 19.0.0 rc1        | Android SDK Command-line Tools                                        
build	Forge APK (Verbose)	2026-02-24T01:18:08.0675379Z   cmdline-tools;2.1                                                               | 2.1               | Android SDK Command-line Tools                                        
build	Forge APK (Verbose)	2026-02-24T01:18:08.0676714Z   cmdline-tools;20.0                                                              | 20.0              | Android SDK Command-line Tools                                        
build	Forge APK (Verbose)	2026-02-24T01:18:08.0678039Z   cmdline-tools;3.0                                                               | 3.0               | Android SDK Command-line Tools                                        
build	Forge APK (Verbose)	2026-02-24T01:18:08.0707684Z   cmdline-tools;4.0                                                               | 4.0               | Android SDK Command-line Tools                                        
build	Forge APK (Verbose)	2026-02-24T01:18:08.0711424Z   cmdline-tools;5.0                                                               | 5.0               | Android SDK Command-line Tools                                        
build	Forge APK (Verbose)	2026-02-24T01:18:08.0716687Z   cmdline-tools;6.0                                                               | 6.0               | Android SDK Command-line Tools                                        
build	Forge APK (Verbose)	2026-02-24T01:18:08.0719692Z   cmdline-tools;7.0                                                               | 7.0               | Android SDK Command-line Tools                                        
build	Forge APK (Verbose)	2026-02-24T01:18:08.0724728Z   cmdline-tools;8.0                                                               | 8.0               | Android SDK Command-line Tools                                        
build	Forge APK (Verbose)	2026-02-24T01:18:08.0728574Z   cmdline-tools;9.0                                                               | 9.0               | Android SDK Command-line Tools                                        
build	Forge APK (Verbose)	2026-02-24T01:18:08.0730133Z   cmdline-tools;latest                                                            | 20.0              | Android SDK Command-line Tools (latest)                               
build	Forge APK (Verbose)	2026-02-24T01:18:08.0731730Z   emulator                                                                        | 36.4.9            | Android Emulator                                                      
build	Forge APK (Verbose)	2026-02-24T01:18:08.0733606Z   extras;android;m2repository                                                     | 47.0.0            | Android Support Repository                                            
build	Forge APK (Verbose)	2026-02-24T01:18:08.0735219Z   extras;google;auto                                                              | 2.0               | Android Auto Desktop Head Unit Emulator                               
build	Forge APK (Verbose)	2026-02-24T01:18:08.0736768Z   extras;google;google_play_services                                              | 49                | Google Play services                                                  
build	Forge APK (Verbose)	2026-02-24T01:18:08.0738945Z   extras;google;instantapps                                                       | 1.9.0             | Google Play Instant Development SDK (Deprecated)                      
build	Forge APK (Verbose)	2026-02-24T01:18:08.0741689Z   extras;google;m2repository                                                      | 58                | Google Repository                                                     
build	Forge APK (Verbose)	2026-02-24T01:18:08.0743417Z   extras;google;market_apk_expansion                                              | 1                 | Google Play APK Expansion library                                     
build	Forge APK (Verbose)	2026-02-24T01:18:08.0746736Z   extras;google;market_licensing                                                  | 1                 | Google Play Licensing Library                                         
build	Forge APK (Verbose)	2026-02-24T01:18:08.0748370Z   extras;google;simulators                                                        | 1                 | Android Auto API Simulators                                           
build	Forge APK (Verbose)	2026-02-24T01:18:08.0749950Z   extras;google;webdriver                                                         | 2                 | Google Web Driver                                                     
build	Forge APK (Verbose)	2026-02-24T01:18:08.0751705Z   ndk-bundle                                                                      | 22.1.7171670      | NDK                                                                   
build	Forge APK (Verbose)	2026-02-24T01:18:08.0754139Z   ndk;16.1.4479499                                                                | 16.1.4479499      | NDK (Side by side) 16.1.4479499                                       
build	Forge APK (Verbose)	2026-02-24T01:18:08.0755476Z   ndk;17.2.4988734                                                                | 17.2.4988734      | NDK (Side by side) 17.2.4988734                                       
build	Forge APK (Verbose)	2026-02-24T01:18:08.0756716Z   ndk;18.1.5063045                                                                | 18.1.5063045      | NDK (Side by side) 18.1.5063045                                       
build	Forge APK (Verbose)	2026-02-24T01:18:08.0757987Z   ndk;19.2.5345600                                                                | 19.2.5345600      | NDK (Side by side) 19.2.5345600                                       
build	Forge APK (Verbose)	2026-02-24T01:18:08.0759259Z   ndk;20.0.5594570                                                                | 20.0.5594570      | NDK (Side by side) 20.0.5594570                                       
build	Forge APK (Verbose)	2026-02-24T01:18:08.0760685Z   ndk;20.1.5948944                                                                | 20.1.5948944      | NDK (Side by side) 20.1.5948944                                       
build	Forge APK (Verbose)	2026-02-24T01:18:08.0761935Z   ndk;21.0.6113669                                                                | 21.0.6113669      | NDK (Side by side) 21.0.6113669                                       
build	Forge APK (Verbose)	2026-02-24T01:18:08.0763166Z   ndk;21.1.6352462                                                                | 21.1.6352462      | NDK (Side by side) 21.1.6352462                                       
build	Forge APK (Verbose)	2026-02-24T01:18:08.0764452Z   ndk;21.2.6472646                                                                | 21.2.6472646      | NDK (Side by side) 21.2.6472646                                       
build	Forge APK (Verbose)	2026-02-24T01:18:08.0765740Z   ndk;21.3.6528147                                                                | 21.3.6528147      | NDK (Side by side) 21.3.6528147                                       
build	Forge APK (Verbose)	2026-02-24T01:18:08.0769876Z   ndk;21.4.7075529                                                                | 21.4.7075529      | NDK (Side by side) 21.4.7075529                                       
build	Forge APK (Verbose)	2026-02-24T01:18:08.0771826Z   ndk;22.0.7026061                                                                | 22.0.7026061      | NDK (Side by side) 22.0.7026061                                       
build	Forge APK (Verbose)	2026-02-24T01:18:08.0774053Z   ndk;22.1.7171670                                                                | 22.1.7171670      | NDK (Side by side) 22.1.7171670                                       
build	Forge APK (Verbose)	2026-02-24T01:18:08.0775363Z   ndk;23.0.7599858                                                                | 23.0.7599858      | NDK (Side by side) 23.0.7599858                                       
build	Forge APK (Verbose)	2026-02-24T01:18:08.0776863Z   ndk;23.1.7779620                                                                | 23.1.7779620      | NDK (Side by side) 23.1.7779620                                       
build	Forge APK (Verbose)	2026-02-24T01:18:08.0778146Z   ndk;23.2.8568313                                                                | 23.2.8568313      | NDK (Side by side) 23.2.8568313                                       
build	Forge APK (Verbose)	2026-02-24T01:18:08.0785441Z   ndk;24.0.8215888                                                                | 24.0.8215888      | NDK (Side by side) 24.0.8215888                                       
build	Forge APK (Verbose)	2026-02-24T01:18:08.0786643Z   ndk;25.0.8775105                                                                | 25.0.8775105      | NDK (Side by side) 25.0.8775105                                       
build	Forge APK (Verbose)	2026-02-24T01:18:08.0787951Z   ndk;25.1.8937393                                                                | 25.1.8937393      | NDK (Side by side) 25.1.8937393                                       
build	Forge APK (Verbose)	2026-02-24T01:18:08.0789263Z   ndk;25.2.9519653                                                                | 25.2.9519653      | NDK (Side by side) 25.2.9519653                                       
build	Forge APK (Verbose)	2026-02-24T01:18:08.0790726Z   ndk;26.0.10792818                                                               | 26.0.10792818     | NDK (Side by side) 26.0.10792818                                      
build	Forge APK (Verbose)	2026-02-24T01:18:08.0796204Z   ndk;26.1.10909125                                                               | 26.1.10909125     | NDK (Side by side) 26.1.10909125                                      
build	Forge APK (Verbose)	2026-02-24T01:18:08.0797548Z   ndk;26.2.11394342                                                               | 26.2.11394342     | NDK (Side by side) 26.2.11394342                                      
build	Forge APK (Verbose)	2026-02-24T01:18:08.0798866Z   ndk;26.3.11579264                                                               | 26.3.11579264     | NDK (Side by side) 26.3.11579264                                      
build	Forge APK (Verbose)	2026-02-24T01:18:08.0800185Z   ndk;27.0.11718014                                                               | 27.0.11718014 rc1 | NDK (Side by side) 27.0.11718014                                      
build	Forge APK (Verbose)	2026-02-24T01:18:08.0803341Z   ndk;27.0.11902837                                                               | 27.0.11902837 rc2 | NDK (Side by side) 27.0.11902837                                      
build	Forge APK (Verbose)	2026-02-24T01:18:08.0808381Z   ndk;27.0.12077973                                                               | 27.0.12077973     | NDK (Side by side) 27.0.12077973                                      
build	Forge APK (Verbose)	2026-02-24T01:18:08.0811106Z   ndk;27.1.12297006                                                               | 27.1.12297006     | NDK (Side by side) 27.1.12297006                                      
build	Forge APK (Verbose)	2026-02-24T01:18:08.0813070Z   ndk;27.2.12479018                                                               | 27.2.12479018     | NDK (Side by side) 27.2.12479018                                      
build	Forge APK (Verbose)	2026-02-24T01:18:08.0815437Z   ndk;27.3.13750724                                                               | 27.3.13750724     | NDK (Side by side) 27.3.13750724                                      
build	Forge APK (Verbose)	2026-02-24T01:18:08.0822366Z   ndk;28.0.12433566                                                               | 28.0.12433566 rc1 | NDK (Side by side) 28.0.12433566                                      
build	Forge APK (Verbose)	2026-02-24T01:18:08.0830727Z   ndk;28.0.12674087                                                               | 28.0.12674087 rc2 | NDK (Side by side) 28.0.12674087                                      
build	Forge APK (Verbose)	2026-02-24T01:18:08.0832124Z   ndk;28.0.12916984                                                               | 28.0.12916984 rc3 | NDK (Side by side) 28.0.12916984                                      
build	Forge APK (Verbose)	2026-02-24T01:18:08.0833445Z   ndk;28.0.13004108                                                               | 28.0.13004108     | NDK (Side by side) 28.0.13004108                                      
build	Forge APK (Verbose)	2026-02-24T01:18:08.0834991Z   ndk;28.1.13356709                                                               | 28.1.13356709     | NDK (Side by side) 28.1.13356709                                      
build	Forge APK (Verbose)	2026-02-24T01:18:08.0845260Z   ndk;28.2.13676358                                                               | 28.2.13676358     | NDK (Side by side) 28.2.13676358                                      
build	Forge APK (Verbose)	2026-02-24T01:18:08.0846602Z   ndk;29.0.13113456                                                               | 29.0.13113456 rc1 | NDK (Side by side) 29.0.13113456                                      
build	Forge APK (Verbose)	2026-02-24T01:18:08.0847928Z   ndk;29.0.13599879                                                               | 29.0.13599879 rc2 | NDK (Side by side) 29.0.13599879                                      
build	Forge APK (Verbose)	2026-02-24T01:18:08.0856242Z   ndk;29.0.13846066                                                               | 29.0.13846066 rc3 | NDK (Side by side) 29.0.13846066                                      
build	Forge APK (Verbose)	2026-02-24T01:18:08.0857593Z   ndk;29.0.14033849                                                               | 29.0.14033849 rc4 | NDK (Side by side) 29.0.14033849                                      
build	Forge APK (Verbose)	2026-02-24T01:18:08.0858917Z   ndk;29.0.14206865                                                               | 29.0.14206865     | NDK (Side by side) 29.0.14206865                                      
build	Forge APK (Verbose)	2026-02-24T01:18:08.0860231Z   platform-tools                                                                  | 36.0.2            | Android SDK Platform-Tools                                            
build	Forge APK (Verbose)	2026-02-24T01:18:08.0861711Z   platforms;android-10                                                            | 2                 | Android SDK Platform 10                                               
build	Forge APK (Verbose)	2026-02-24T01:18:08.0869922Z   platforms;android-11                                                            | 2                 | Android SDK Platform 11                                               
build	Forge APK (Verbose)	2026-02-24T01:18:08.0871553Z   platforms;android-12                                                            | 3                 | Android SDK Platform 12                                               
build	Forge APK (Verbose)	2026-02-24T01:18:08.0872955Z   platforms;android-13                                                            | 1                 | Android SDK Platform 13                                               
build	Forge APK (Verbose)	2026-02-24T01:18:08.0874288Z   platforms;android-14                                                            | 4                 | Android SDK Platform 14                                               
build	Forge APK (Verbose)	2026-02-24T01:18:08.0875627Z   platforms;android-15                                                            | 5                 | Android SDK Platform 15                                               
build	Forge APK (Verbose)	2026-02-24T01:18:08.0881374Z   platforms;android-16                                                            | 5                 | Android SDK Platform 16                                               
build	Forge APK (Verbose)	2026-02-24T01:18:08.0882788Z   platforms;android-17                                                            | 3                 | Android SDK Platform 17                                               
build	Forge APK (Verbose)	2026-02-24T01:18:08.0884476Z   platforms;android-18                                                            | 3                 | Android SDK Platform 18                                               
build	Forge APK (Verbose)	2026-02-24T01:18:08.0885819Z   platforms;android-19                                                            | 4                 | Android SDK Platform 19                                               
build	Forge APK (Verbose)	2026-02-24T01:18:08.0888827Z   platforms;android-20                                                            | 2                 | Android SDK Platform 20                                               
build	Forge APK (Verbose)	2026-02-24T01:18:08.0892000Z   platforms;android-21                                                            | 2                 | Android SDK Platform 21                                               
build	Forge APK (Verbose)	2026-02-24T01:18:08.0893481Z   platforms;android-22                                                            | 2                 | Android SDK Platform 22                                               
build	Forge APK (Verbose)	2026-02-24T01:18:08.0894767Z   platforms;android-23                                                            | 3                 | Android SDK Platform 23                                               
build	Forge APK (Verbose)	2026-02-24T01:18:08.0898943Z   platforms;android-24                                                            | 2                 | Android SDK Platform 24                                               
build	Forge APK (Verbose)	2026-02-24T01:18:08.0901036Z   platforms;android-25                                                            | 3                 | Android SDK Platform 25                                               
build	Forge APK (Verbose)	2026-02-24T01:18:08.0917797Z   platforms;android-26                                                            | 2                 | Android SDK Platform 26                                               
build	Forge APK (Verbose)	2026-02-24T01:18:08.0919152Z   platforms;android-27                                                            | 3                 | Android SDK Platform 27                                               
build	Forge APK (Verbose)	2026-02-24T01:18:08.0920425Z   platforms;android-28                                                            | 6                 | Android SDK Platform 28                                               
build	Forge APK (Verbose)	2026-02-24T01:18:08.0925427Z   platforms;android-29                                                            | 5                 | Android SDK Platform 29                                               
build	Forge APK (Verbose)	2026-02-24T01:18:08.0929900Z   platforms;android-30                                                            | 3                 | Android SDK Platform 30                                               
build	Forge APK (Verbose)	2026-02-24T01:18:08.0936697Z   platforms;android-31                                                            | 1                 | Android SDK Platform 31                                               
build	Forge APK (Verbose)	2026-02-24T01:18:08.0940145Z   platforms;android-32                                                            | 1                 | Android SDK Platform 32                                               
build	Forge APK (Verbose)	2026-02-24T01:18:08.0946064Z   platforms;android-33                                                            | 3                 | Android SDK Platform 33                                               
build	Forge APK (Verbose)	2026-02-24T01:18:08.0951338Z   platforms;android-34                                                            | 3                 | Android SDK Platform 34                                               
build	Forge APK (Verbose)	2026-02-24T01:18:08.0956229Z   platforms;android-35                                                            | 2                 | Android SDK Platform 35                                               
build	Forge APK (Verbose)	2026-02-24T01:18:08.0962043Z   platforms;android-36                                                            | 2                 | Android SDK Platform 36                                               
build	Forge APK (Verbose)	2026-02-24T01:18:08.0967612Z   platforms;android-7                                                             | 3                 | Android SDK Platform 7                                                
build	Forge APK (Verbose)	2026-02-24T01:18:08.0981745Z   platforms;android-8                                                             | 3                 | Android SDK Platform 8                                                
build	Forge APK (Verbose)	2026-02-24T01:18:08.0983240Z   platforms;android-9                                                             | 2                 | Android SDK Platform 9                                                
build	Forge APK (Verbose)	2026-02-24T01:18:08.0984430Z   platforms;android-Baklava                                                       | 1                 | Android SDK Platform Baklava-ext19                                    
build	Forge APK (Verbose)	2026-02-24T01:18:08.0985687Z   skiaparser;1                                                                    | 6                 | Layout Inspector image server for API 29-30                           
build	Forge APK (Verbose)	2026-02-24T01:18:08.0991878Z   skiaparser;2                                                                    | 3                 | Layout Inspector image server for API S                               
build	Forge APK (Verbose)	2026-02-24T01:18:08.1003798Z   skiaparser;3                                                                    | 8                 | Layout Inspector image server for API 31-36                           
build	Forge APK (Verbose)	2026-02-24T01:18:08.1010315Z   sources;android-15                                                              | 2                 | Sources for Android 15                                                
build	Forge APK (Verbose)	2026-02-24T01:18:08.1011885Z   sources;android-16                                                              | 2                 | Sources for Android 16                                                
build	Forge APK (Verbose)	2026-02-24T01:18:08.1013216Z   sources;android-17                                                              | 1                 | Sources for Android 17                                                
build	Forge APK (Verbose)	2026-02-24T01:18:08.1014594Z   sources;android-18                                                              | 1                 | Sources for Android 18                                                
build	Forge APK (Verbose)	2026-02-24T01:18:08.1024077Z   sources;android-19                                                              | 2                 | Sources for Android 19                                                
build	Forge APK (Verbose)	2026-02-24T01:18:08.1025414Z   sources;android-20                                                              | 1                 | Sources for Android 20                                                
build	Forge APK (Verbose)	2026-02-24T01:18:08.1026719Z   sources;android-21                                                              | 1                 | Sources for Android 21                                                
build	Forge APK (Verbose)	2026-02-24T01:18:08.1028039Z   sources;android-22                                                              | 1                 | Sources for Android 22                                                
build	Forge APK (Verbose)	2026-02-24T01:18:08.1029356Z   sources;android-23                                                              | 1                 | Sources for Android 23                                                
build	Forge APK (Verbose)	2026-02-24T01:18:08.1031705Z   sources;android-24                                                              | 1                 | Sources for Android 24                                                
build	Forge APK (Verbose)	2026-02-24T01:18:08.1035245Z   sources;android-25                                                              | 1                 | Sources for Android 25                                                
build	Forge APK (Verbose)	2026-02-24T01:18:08.1037142Z   sources;android-26                                                              | 1                 | Sources for Android 26                                                
build	Forge APK (Verbose)	2026-02-24T01:18:08.1041860Z   sources;android-27                                                              | 1                 | Sources for Android 27                                                
build	Forge APK (Verbose)	2026-02-24T01:18:08.1043215Z   sources;android-28                                                              | 1                 | Sources for Android 28                                                
build	Forge APK (Verbose)	2026-02-24T01:18:08.1046059Z   sources;android-29                                                              | 1                 | Sources for Android 29                                                
build	Forge APK (Verbose)	2026-02-24T01:18:08.1050437Z   sources;android-30                                                              | 1                 | Sources for Android 30                                                
build	Forge APK (Verbose)	2026-02-24T01:18:08.1052129Z   sources;android-31                                                              | 1                 | Sources for Android 31                                                
build	Forge APK (Verbose)	2026-02-24T01:18:08.1053602Z   sources;android-32                                                              | 1                 | Sources for Android 32                                                
build	Forge APK (Verbose)	2026-02-24T01:18:08.1056682Z   sources;android-33                                                              | 1                 | Sources for Android 33                                                
build	Forge APK (Verbose)	2026-02-24T01:18:08.1058298Z   sources;android-34                                                              | 2                 | Sources for Android 34                                                
build	Forge APK (Verbose)	2026-02-24T01:18:08.1062525Z   sources;android-35                                                              | 1                 | Sources for Android 35                                                
build	Forge APK (Verbose)	2026-02-24T01:18:08.1064010Z   sources;android-36                                                              | 1                 | Sources for Android 36                                                
build	Forge APK (Verbose)	2026-02-24T01:18:08.1066601Z   system-images;android-10;default;armeabi-v7a                                    | 5                 | ARM EABI v7a System Image                                             
build	Forge APK (Verbose)	2026-02-24T01:18:08.1068164Z   system-images;android-10;default;x86                                            | 5                 | Intel x86 Atom System Image                                           
build	Forge APK (Verbose)	2026-02-24T01:18:08.1069752Z   system-images;android-10;google_apis;armeabi-v7a                                | 6                 | Google APIs ARM EABI v7a System Image                                 
build	Forge APK (Verbose)	2026-02-24T01:18:08.1071573Z   system-images;android-10;google_apis;x86                                        | 6                 | Google APIs Intel x86 Atom System Image                               
build	Forge APK (Verbose)	2026-02-24T01:18:08.1075396Z   system-images;android-14;default;armeabi-v7a                                    | 2                 | ARM EABI v7a System Image                                             
build	Forge APK (Verbose)	2026-02-24T01:18:08.1078795Z   system-images;android-15;default;armeabi-v7a                                    | 5                 | ARM EABI v7a System Image                                             
build	Forge APK (Verbose)	2026-02-24T01:18:08.1083885Z   system-images;android-15;default;x86                                            | 7                 | Intel x86 Atom System Image                                           
build	Forge APK (Verbose)	2026-02-24T01:18:08.1086609Z   system-images;android-15;google_apis;armeabi-v7a                                | 6                 | Google APIs ARM EABI v7a System Image                                 
build	Forge APK (Verbose)	2026-02-24T01:18:08.1104935Z   system-images;android-15;google_apis;x86                                        | 7                 | Google APIs Intel x86 Atom System Image                               
build	Forge APK (Verbose)	2026-02-24T01:18:08.1110730Z   system-images;android-16;default;armeabi-v7a                                    | 6                 | ARM EABI v7a System Image                                             
build	Forge APK (Verbose)	2026-02-24T01:18:08.1118767Z   system-images;android-16;default;mips                                           | 1                 | MIPS System Image                                                     
build	Forge APK (Verbose)	2026-02-24T01:18:08.1120309Z   system-images;android-16;default;x86                                            | 7                 | Intel x86 Atom System Image                                           
build	Forge APK (Verbose)	2026-02-24T01:18:08.1122398Z   system-images;android-16;google_apis;armeabi-v7a                                | 6                 | Google APIs ARM EABI v7a System Image                                 
build	Forge APK (Verbose)	2026-02-24T01:18:08.1123964Z   system-images;android-16;google_apis;x86                                        | 7                 | Google APIs Intel x86 Atom System Image                               
build	Forge APK (Verbose)	2026-02-24T01:18:08.1125483Z   system-images;android-17;default;armeabi-v7a                                    | 6                 | ARM EABI v7a System Image                                             
build	Forge APK (Verbose)	2026-02-24T01:18:08.1126964Z   system-images;android-17;default;mips                                           | 1                 | MIPS System Image                                                     
build	Forge APK (Verbose)	2026-02-24T01:18:08.1128403Z   system-images;android-17;default;x86                                            | 7                 | Intel x86 Atom System Image                                           
build	Forge APK (Verbose)	2026-02-24T01:18:08.1130158Z   system-images;android-17;google_apis;armeabi-v7a                                | 6                 | Google APIs ARM EABI v7a System Image                                 
build	Forge APK (Verbose)	2026-02-24T01:18:08.1131881Z   system-images;android-17;google_apis;x86                                        | 7                 | Google APIs Intel x86 Atom System Image                               
build	Forge APK (Verbose)	2026-02-24T01:18:08.1133422Z   system-images;android-18;default;armeabi-v7a                                    | 5                 | ARM EABI v7a System Image                                             
build	Forge APK (Verbose)	2026-02-24T01:18:08.1158873Z   system-images;android-18;default;x86                                            | 4                 | Intel x86 Atom System Image                                           
build	Forge APK (Verbose)	2026-02-24T01:18:08.1161435Z   system-images;android-18;google_apis;armeabi-v7a                                | 6                 | Google APIs ARM EABI v7a System Image                                 
build	Forge APK (Verbose)	2026-02-24T01:18:08.1164534Z   system-images;android-18;google_apis;x86                                        | 6                 | Google APIs Intel x86 Atom System Image                               
build	Forge APK (Verbose)	2026-02-24T01:18:08.1167174Z   system-images;android-19;default;armeabi-v7a                                    | 5                 | ARM EABI v7a System Image                                             
build	Forge APK (Verbose)	2026-02-24T01:18:08.1169267Z   system-images;android-19;default;x86                                            | 6                 | Intel x86 Atom System Image                                           
build	Forge APK (Verbose)	2026-02-24T01:18:08.1172537Z   system-images;android-19;google_apis;armeabi-v7a                                | 40                | Google APIs ARM EABI v7a System Image                                 
build	Forge APK (Verbose)	2026-02-24T01:18:08.1174817Z   system-images;android-19;google_apis;x86                                        | 40                | Google APIs Intel x86 Atom System Image                               
build	Forge APK (Verbose)	2026-02-24T01:18:08.1178591Z   system-images;android-21;android-tv;armeabi-v7a                                 | 3                 | Android TV ARM EABI v7a System Image                                  
build	Forge APK (Verbose)	2026-02-24T01:18:08.1181777Z   system-images;android-21;android-tv;x86                                         | 3                 | Android TV Intel x86 Atom System Image                                
build	Forge APK (Verbose)	2026-02-24T01:18:08.1183266Z   system-images;android-21;default;arm64-v8a                                      | 4                 | ARM 64 v8a System Image                                               
build	Forge APK (Verbose)	2026-02-24T01:18:08.1184754Z   system-images;android-21;default;armeabi-v7a                                    | 4                 | ARM EABI v7a System Image                                             
build	Forge APK (Verbose)	2026-02-24T01:18:08.1186228Z   system-images;android-21;default;x86                                            | 5                 | Intel x86 Atom System Image                                           
build	Forge APK (Verbose)	2026-02-24T01:18:08.1187924Z   system-images;android-21;default;x86_64                                         | 5                 | Intel x86_64 Atom System Image                                        
build	Forge APK (Verbose)	2026-02-24T01:18:08.1189434Z   system-images;android-21;google_apis;arm64-v8a                                  | 32                | Google APIs ARM 64 v8a System Image                                   
build	Forge APK (Verbose)	2026-02-24T01:18:08.1191235Z   system-images;android-21;google_apis;armeabi-v7a                                | 32                | Google APIs ARM EABI v7a System Image                                 
build	Forge APK (Verbose)	2026-02-24T01:18:08.1192806Z   system-images;android-21;google_apis;x86                                        | 32                | Google APIs Intel x86 Atom System Image                               
build	Forge APK (Verbose)	2026-02-24T01:18:08.1194324Z   system-images;android-21;google_apis;x86_64                                     | 32                | Google APIs Intel x86_64 Atom System Image                            
build	Forge APK (Verbose)	2026-02-24T01:18:08.1196095Z   system-images;android-22;android-tv;x86                                         | 3                 | Android TV Intel x86 Atom System Image                                
build	Forge APK (Verbose)	2026-02-24T01:18:08.1197597Z   system-images;android-22;default;arm64-v8a                                      | 2                 | ARM 64 v8a System Image                                               
build	Forge APK (Verbose)	2026-02-24T01:18:08.1199102Z   system-images;android-22;default;armeabi-v7a                                    | 2                 | ARM EABI v7a System Image                                             
build	Forge APK (Verbose)	2026-02-24T01:18:08.1200742Z   system-images;android-22;default;x86                                            | 6                 | Intel x86 Atom System Image                                           
build	Forge APK (Verbose)	2026-02-24T01:18:08.1202211Z   system-images;android-22;default;x86_64                                         | 6                 | Intel x86_64 Atom System Image                                        
build	Forge APK (Verbose)	2026-02-24T01:18:08.1203737Z   system-images;android-22;google_apis;arm64-v8a                                  | 26                | Google APIs ARM 64 v8a System Image                                   
build	Forge APK (Verbose)	2026-02-24T01:18:08.1205307Z   system-images;android-22;google_apis;armeabi-v7a                                | 26                | Google APIs ARM EABI v7a System Image                                 
build	Forge APK (Verbose)	2026-02-24T01:18:08.1206863Z   system-images;android-22;google_apis;x86                                        | 26                | Google APIs Intel x86 Atom System Image                               
build	Forge APK (Verbose)	2026-02-24T01:18:08.1208408Z   system-images;android-22;google_apis;x86_64                                     | 26                | Google APIs Intel x86_64 Atom System Image                            
build	Forge APK (Verbose)	2026-02-24T01:18:08.1209988Z   system-images;android-23;android-tv;armeabi-v7a                                 | 12                | Android TV ARM EABI v7a System Image                                  
build	Forge APK (Verbose)	2026-02-24T01:18:08.1211677Z   system-images;android-23;android-tv;x86                                         | 21                | Android TV Intel x86 Atom System Image                                
build	Forge APK (Verbose)	2026-02-24T01:18:08.1213174Z   system-images;android-23;default;arm64-v8a                                      | 7                 | ARM 64 v8a System Image                                               
build	Forge APK (Verbose)	2026-02-24T01:18:08.1226040Z   system-images;android-23;default;armeabi-v7a                                    | 6                 | ARM EABI v7a System Image                                             
build	Forge APK (Verbose)	2026-02-24T01:18:08.1230961Z   system-images;android-23;default;x86                                            | 10                | Intel x86 Atom System Image                                           
build	Forge APK (Verbose)	2026-02-24T01:18:08.1234725Z   system-images;android-23;default;x86_64                                         | 10                | Intel x86_64 Atom System Image                                        
build	Forge APK (Verbose)	2026-02-24T01:18:08.1237211Z   system-images;android-23;google_apis;arm64-v8a                                  | 33                | Google APIs ARM 64 v8a System Image                                   
build	Forge APK (Verbose)	2026-02-24T01:18:08.1239511Z   system-images;android-23;google_apis;armeabi-v7a                                | 33                | Google APIs ARM EABI v7a System Image                                 
build	Forge APK (Verbose)	2026-02-24T01:18:08.1242769Z   system-images;android-23;google_apis;x86                                        | 33                | Google APIs Intel x86 Atom System Image                               
build	Forge APK (Verbose)	2026-02-24T01:18:08.1247393Z   system-images;android-23;google_apis;x86_64                                     | 33                | Google APIs Intel x86_64 Atom System Image                            
build	Forge APK (Verbose)	2026-02-24T01:18:08.1249508Z   system-images;android-24;android-tv;x86                                         | 22                | Android TV Intel x86 Atom System Image                                
build	Forge APK (Verbose)	2026-02-24T01:18:08.1252222Z   system-images;android-24;default;arm64-v8a                                      | 9                 | ARM 64 v8a System Image                                               
build	Forge APK (Verbose)	2026-02-24T01:18:08.1254386Z   system-images;android-24;default;armeabi-v7a                                    | 7                 | ARM EABI v7a System Image                                             
build	Forge APK (Verbose)	2026-02-24T01:18:08.1257595Z   system-images;android-24;default;x86                                            | 8                 | Intel x86 Atom System Image                                           
build	Forge APK (Verbose)	2026-02-24T01:18:08.1261819Z   system-images;android-24;default;x86_64                                         | 8                 | Intel x86_64 Atom System Image                                        
build	Forge APK (Verbose)	2026-02-24T01:18:08.1263976Z   system-images;android-24;google_apis;arm64-v8a                                  | 29                | Google APIs ARM 64 v8a System Image                                   
build	Forge APK (Verbose)	2026-02-24T01:18:08.1266089Z   system-images;android-24;google_apis;x86                                        | 27                | Google APIs Intel x86 Atom System Image                               
build	Forge APK (Verbose)	2026-02-24T01:18:08.1268270Z   system-images;android-24;google_apis;x86_64                                     | 27                | Google APIs Intel x86_64 Atom System Image                            
build	Forge APK (Verbose)	2026-02-24T01:18:08.1273035Z   system-images;android-24;google_apis_playstore;x86                              | 19                | Google Play Intel x86 Atom System Image                               
build	Forge APK (Verbose)	2026-02-24T01:18:08.1275373Z   system-images;android-25;android-tv;x86                                         | 16                | Android TV Intel x86 Atom System Image                                
build	Forge APK (Verbose)	2026-02-24T01:18:08.1277625Z   system-images;android-25;android-wear;armeabi-v7a                               | 3                 | Android Wear ARM EABI v7a System Image                                
build	Forge APK (Verbose)	2026-02-24T01:18:08.1279957Z   system-images;android-25;android-wear;x86                                       | 3                 | Android Wear Intel x86 Atom System Image                              
build	Forge APK (Verbose)	2026-02-24T01:18:08.1283284Z   system-images;android-25;default;arm64-v8a                                      | 2                 | ARM 64 v8a System Image                                               
build	Forge APK (Verbose)	2026-02-24T01:18:08.1286889Z   system-images;android-25;default;x86                                            | 1                 | Intel x86 Atom System Image                                           
build	Forge APK (Verbose)	2026-02-24T01:18:08.1289097Z   system-images;android-25;default;x86_64                                         | 1                 | Intel x86_64 Atom System Image                                        
build	Forge APK (Verbose)	2026-02-24T01:18:08.1292321Z   system-images;android-25;google_apis;arm64-v8a                                  | 20                | Google APIs ARM 64 v8a System Image                                   
build	Forge APK (Verbose)	2026-02-24T01:18:08.1294703Z   system-images;android-25;google_apis;armeabi-v7a                                | 18                | Google APIs ARM EABI v7a System Image                                 
build	Forge APK (Verbose)	2026-02-24T01:18:08.1298995Z   system-images;android-25;google_apis;x86                                        | 18                | Google APIs Intel x86 Atom System Image                               
build	Forge APK (Verbose)	2026-02-24T01:18:08.1301447Z   system-images;android-25;google_apis;x86_64                                     | 18                | Google APIs Intel x86_64 Atom System Image                            
build	Forge APK (Verbose)	2026-02-24T01:18:08.1306887Z   system-images;android-25;google_apis_playstore;x86                              | 9                 | Google Play Intel x86 Atom System Image                               
build	Forge APK (Verbose)	2026-02-24T01:18:08.1308557Z   system-images;android-26;android-tv;x86                                         | 14                | Android TV Intel x86 Atom System Image                                
build	Forge APK (Verbose)	2026-02-24T01:18:08.1310389Z   system-images;android-26;android-wear;x86                                       | 4                 | Android Wear Intel x86 Atom System Image                              
build	Forge APK (Verbose)	2026-02-24T01:18:08.1312169Z   system-images;android-26;default;arm64-v8a                                      | 2                 | ARM 64 v8a System Image                                               
build	Forge APK (Verbose)	2026-02-24T01:18:08.1313673Z   system-images;android-26;default;x86                                            | 1                 | Intel x86 Atom System Image                                           
build	Forge APK (Verbose)	2026-02-24T01:18:08.1315162Z   system-images;android-26;default;x86_64                                         | 1                 | Intel x86_64 Atom System Image                                        
build	Forge APK (Verbose)	2026-02-24T01:18:08.1316672Z   system-images;android-26;google_apis;arm64-v8a                                  | 3                 | Google APIs ARM 64 v8a System Image                                   
build	Forge APK (Verbose)	2026-02-24T01:18:08.1318248Z   system-images;android-26;google_apis;x86                                        | 16                | Google APIs Intel x86 Atom System Image                               
build	Forge APK (Verbose)	2026-02-24T01:18:08.1319808Z   system-images;android-26;google_apis;x86_64                                     | 16                | Google APIs Intel x86_64 Atom System Image                            
build	Forge APK (Verbose)	2026-02-24T01:18:08.1321609Z   system-images;android-26;google_apis_playstore;x86                              | 7                 | Google Play Intel x86 Atom System Image                               
build	Forge APK (Verbose)	2026-02-24T01:18:08.1323178Z   system-images;android-27;android-tv;x86                                         | 9                 | Android TV Intel x86 Atom System Image                                
build	Forge APK (Verbose)	2026-02-24T01:18:08.1324683Z   system-images;android-27;default;arm64-v8a                                      | 2                 | ARM 64 v8a System Image                                               
build	Forge APK (Verbose)	2026-02-24T01:18:08.1326190Z   system-images;android-27;default;x86                                            | 1                 | Intel x86 Atom System Image                                           
build	Forge APK (Verbose)	2026-02-24T01:18:08.1327721Z   system-images;android-27;default;x86_64                                         | 1                 | Intel x86_64 Atom System Image                                        
build	Forge APK (Verbose)	2026-02-24T01:18:08.1329312Z   system-images;android-27;google_apis;arm64-v8a                                  | 3                 | Google APIs ARM 64 v8a System Image                                   
build	Forge APK (Verbose)	2026-02-24T01:18:08.1331088Z   system-images;android-27;google_apis;x86                                        | 11                | Google APIs Intel x86 Atom System Image                               
build	Forge APK (Verbose)	2026-02-24T01:18:08.1332712Z   system-images;android-27;google_apis_playstore;x86                              | 3                 | Google Play Intel x86 Atom System Image                               
build	Forge APK (Verbose)	2026-02-24T01:18:08.1334305Z   system-images;android-28;android-tv;x86                                         | 10                | Android TV Intel x86 Atom System Image                                
build	Forge APK (Verbose)	2026-02-24T01:18:08.1336097Z   system-images;android-28;android-wear;x86                                       | 9                 | Wear OS Intel x86 Atom System Image                                   
build	Forge APK (Verbose)	2026-02-24T01:18:08.1337616Z   system-images;android-28;default;arm64-v8a                                      | 2                 | ARM 64 v8a System Image                                               
build	Forge APK (Verbose)	2026-02-24T01:18:08.1339082Z   system-images;android-28;default;x86                                            | 4                 | Intel x86 Atom System Image                                           
build	Forge APK (Verbose)	2026-02-24T01:18:08.1340719Z   system-images;android-28;default;x86_64                                         | 4                 | Intel x86_64 Atom System Image                                        
build	Forge APK (Verbose)	2026-02-24T01:18:08.1342506Z   system-images;android-28;google_apis;arm64-v8a                                  | 2                 | Google APIs ARM 64 v8a System Image                                   
build	Forge APK (Verbose)	2026-02-24T01:18:08.1344044Z   system-images;android-28;google_apis;x86                                        | 12                | Google APIs Intel x86 Atom System Image                               
build	Forge APK (Verbose)	2026-02-24T01:18:08.1345594Z   system-images;android-28;google_apis;x86_64                                     | 11                | Google APIs Intel x86_64 Atom System Image                            
build	Forge APK (Verbose)	2026-02-24T01:18:08.1347213Z   system-images;android-28;google_apis_playstore;arm64-v8a                        | 2                 | Google ARM64-V8a Play ARM 64 v8a System Image                         
build	Forge APK (Verbose)	2026-02-24T01:18:08.1348861Z   system-images;android-28;google_apis_playstore;x86                              | 9                 | Google Play Intel x86 Atom System Image                               
build	Forge APK (Verbose)	2026-02-24T01:18:08.1350495Z   system-images;android-28;google_apis_playstore;x86_64                           | 8                 | Google Play Intel x86_64 Atom System Image                            
build	Forge APK (Verbose)	2026-02-24T01:18:08.1352288Z   system-images;android-29;android-tv;x86                                         | 3                 | Android TV Intel x86 Atom System Image                                
build	Forge APK (Verbose)	2026-02-24T01:18:08.1353787Z   system-images;android-29;default;arm64-v8a                                      | 8                 | ARM 64 v8a System Image                                               
build	Forge APK (Verbose)	2026-02-24T01:18:08.1355256Z   system-images;android-29;default;x86                                            | 8                 | Intel x86 Atom System Image                                           
build	Forge APK (Verbose)	2026-02-24T01:18:08.1356710Z   system-images;android-29;default;x86_64                                         | 8                 | Intel x86_64 Atom System Image                                        
build	Forge APK (Verbose)	2026-02-24T01:18:08.1362556Z   system-images;android-29;google_apis;arm64-v8a                                  | 13                | Google APIs ARM 64 v8a System Image                                   
build	Forge APK (Verbose)	2026-02-24T01:18:08.1368801Z   system-images;android-29;google_apis;x86                                        | 13                | Google APIs Intel x86 Atom System Image                               
build	Forge APK (Verbose)	2026-02-24T01:18:08.1371642Z   system-images;android-29;google_apis;x86_64                                     | 13                | Google APIs Intel x86_64 Atom System Image                            
build	Forge APK (Verbose)	2026-02-24T01:18:08.1373474Z   system-images;android-29;google_apis_playstore;arm64-v8a                        | 9                 | Google Play ARM 64 v8a System Image                                   
build	Forge APK (Verbose)	2026-02-24T01:18:08.1377388Z   system-images;android-29;google_apis_playstore;x86                              | 9                 | Google Play Intel x86 Atom System Image                               
build	Forge APK (Verbose)	2026-02-24T01:18:08.1379306Z   system-images;android-29;google_apis_playstore;x86_64                           | 9                 | Google Play Intel x86_64 Atom System Image                            
build	Forge APK (Verbose)	2026-02-24T01:18:08.1382687Z   system-images;android-30;android-tv;x86                                         | 4                 | Android TV Intel x86 Atom System Image                                
build	Forge APK (Verbose)	2026-02-24T01:18:08.1388728Z   system-images;android-30;android-wear-cn;arm64-v8a                              | 12                | China version of Wear OS 3 ARM 64 v8a System Image                    
build	Forge APK (Verbose)	2026-02-24T01:18:08.1394058Z   system-images;android-30;android-wear-cn;x86                                    | 12                | China version of Wear OS 3 Intel x86 Atom System Image                
build	Forge APK (Verbose)	2026-02-24T01:18:08.1398277Z   system-images;android-30;android-wear;arm64-v8a                                 | 12                | Wear OS 3 ARM 64 v8a System Image                                     
build	Forge APK (Verbose)	2026-02-24T01:18:08.1401951Z   system-images;android-30;android-wear;x86                                       | 12                | Wear OS 3 Intel x86 Atom System Image                                 
build	Forge APK (Verbose)	2026-02-24T01:18:08.1406738Z   system-images;android-30;aosp_atd;arm64-v8a                                     | 2                 | AOSP ATD ARM 64 v8a System Image                                      
build	Forge APK (Verbose)	2026-02-24T01:18:08.1411666Z   system-images;android-30;aosp_atd;x86                                           | 1                 | AOSP ATD Intel x86 Atom System Image                                  
build	Forge APK (Verbose)	2026-02-24T01:18:08.1416130Z   system-images;android-30;aosp_atd;x86_64                                        | 2                 | AOSP ATD Intel x86_64 Atom System Image                               
build	Forge APK (Verbose)	2026-02-24T01:18:08.1419905Z   system-images;android-30;default;arm64-v8a                                      | 2                 | ARM 64 v8a System Image                                               
build	Forge APK (Verbose)	2026-02-24T01:18:08.1425670Z   system-images;android-30;default;x86_64                                         | 11                | Intel x86_64 Atom System Image                                        
build	Forge APK (Verbose)	2026-02-24T01:18:08.1431338Z   system-images;android-30;google-tv;x86                                          | 4                 | Google TV Intel x86 Atom System Image                                 
build	Forge APK (Verbose)	2026-02-24T01:18:08.1433296Z   system-images;android-30;google_apis;arm64-v8a                                  | 16                | Google APIs ARM 64 v8a System Image                                   
build	Forge APK (Verbose)	2026-02-24T01:18:08.1437053Z   system-images;android-30;google_apis;x86                                        | 16                | Google APIs Intel x86 Atom System Image                               
build	Forge APK (Verbose)	2026-02-24T01:18:08.1438739Z   system-images;android-30;google_apis;x86_64                                     | 16                | Google APIs Intel x86_64 Atom System Image                            
build	Forge APK (Verbose)	2026-02-24T01:18:08.1440766Z   system-images;android-30;google_apis_playstore;arm64-v8a                        | 10                | Google Play ARM 64 v8a System Image                                   
build	Forge APK (Verbose)	2026-02-24T01:18:08.1443343Z   system-images;android-30;google_apis_playstore;x86                              | 9                 | Google Play Intel x86 Atom System Image                               
build	Forge APK (Verbose)	2026-02-24T01:18:08.1446471Z   system-images;android-30;google_apis_playstore;x86_64                           | 10                | Google Play Intel x86_64 Atom System Image                            
build	Forge APK (Verbose)	2026-02-24T01:18:08.1454529Z   system-images;android-30;google_atd;arm64-v8a                                   | 2                 | Google APIs ATD ARM 64 v8a System Image                               
build	Forge APK (Verbose)	2026-02-24T01:18:08.1471602Z   system-images;android-30;google_atd;x86                                         | 1                 | Google APIs ATD Intel x86 Atom System Image                           
build	Forge APK (Verbose)	2026-02-24T01:18:08.1474285Z   system-images;android-30;google_atd;x86_64                                      | 2                 | Google APIs ATD Intel x86_64 Atom System Image                        
build	Forge APK (Verbose)	2026-02-24T01:18:08.1476363Z   system-images;android-31;android-tv;arm64-v8a                                   | 4                 | Android TV ARM 64 v8a System Image                                    
build	Forge APK (Verbose)	2026-02-24T01:18:08.1477916Z   system-images;android-31;android-tv;x86                                         | 4                 | Android TV Intel x86 Atom System Image                                
build	Forge APK (Verbose)	2026-02-24T01:18:08.1479565Z   system-images;android-31;aosp_atd;arm64-v8a                                     | 1                 | AOSP ATD ARM 64 v8a System Image                                      
build	Forge APK (Verbose)	2026-02-24T01:18:08.1481419Z   system-images;android-31;aosp_atd;x86_64                                        | 2                 | AOSP ATD Intel x86_64 Atom System Image                               
build	Forge APK (Verbose)	2026-02-24T01:18:08.1483139Z   system-images;android-31;default;arm64-v8a                                      | 4                 | ARM 64 v8a System Image                                               
build	Forge APK (Verbose)	2026-02-24T01:18:08.1484632Z   system-images;android-31;default;x86_64                                         | 5                 | Intel x86_64 Atom System Image                                        
build	Forge APK (Verbose)	2026-02-24T01:18:08.1486107Z   system-images;android-31;google-tv;arm64-v8a                                    | 4                 | Google TV ARM 64 v8a System Image                                     
build	Forge APK (Verbose)	2026-02-24T01:18:08.1487580Z   system-images;android-31;google-tv;x86                                          | 4                 | Google TV Intel x86 Atom System Image                                 
build	Forge APK (Verbose)	2026-02-24T01:18:08.1489099Z   system-images;android-31;google_apis;arm64-v8a                                  | 11                | Google APIs ARM 64 v8a System Image                                   
build	Forge APK (Verbose)	2026-02-24T01:18:08.1490859Z   system-images;android-31;google_apis;x86_64                                     | 14                | Google APIs Intel x86_64 Atom System Image                            
build	Forge APK (Verbose)	2026-02-24T01:18:08.1492497Z   system-images;android-31;google_apis_playstore;arm64-v8a                        | 9                 | Google Play ARM 64 v8a System Image                                   
build	Forge APK (Verbose)	2026-02-24T01:18:08.1494126Z   system-images;android-31;google_apis_playstore;x86_64                           | 9                 | Google Play Intel x86_64 Atom System Image                            
build	Forge APK (Verbose)	2026-02-24T01:18:08.1495733Z   system-images;android-31;google_atd;arm64-v8a                                   | 1                 | Google APIs ATD ARM 64 v8a System Image                               
build	Forge APK (Verbose)	2026-02-24T01:18:08.1497251Z   system-images;android-31;google_atd;x86_64                                      | 2                 | Google APIs ATD Intel x86_64 Atom System Image                        
build	Forge APK (Verbose)	2026-02-24T01:18:08.1498796Z   system-images;android-32;android-desktop;arm64-v8a                              | 5                 | Desktop ARM 64 v8a System Image                                       
build	Forge APK (Verbose)	2026-02-24T01:18:08.1500342Z   system-images;android-32;android-desktop;x86_64                                 | 5                 | Desktop Intel x86_64 Atom System Image                                
build	Forge APK (Verbose)	2026-02-24T01:18:08.1519876Z   system-images;android-32;aosp_atd;arm64-v8a                                     | 1                 | AOSP ATD ARM 64 v8a System Image                                      
build	Forge APK (Verbose)	2026-02-24T01:18:08.1521745Z   system-images;android-32;aosp_atd;x86_64                                        | 1                 | AOSP ATD Intel x86_64 Atom System Image                               
build	Forge APK (Verbose)	2026-02-24T01:18:08.1523628Z   system-images;android-32;default;arm64-v8a                                      | 2                 | ARM 64 v8a System Image                                               
build	Forge APK (Verbose)	2026-02-24T01:18:08.1525271Z   system-images;android-32;default;x86_64                                         | 2                 | Intel x86_64 Atom System Image                                        
build	Forge APK (Verbose)	2026-02-24T01:18:08.1527190Z   system-images;android-32;google_apis;arm64-v8a                                  | 8                 | Google APIs ARM 64 v8a System Image                                   
build	Forge APK (Verbose)	2026-02-24T01:18:08.1528946Z   system-images;android-32;google_apis;x86_64                                     | 8                 | Google APIs Intel x86_64 Atom System Image                            
build	Forge APK (Verbose)	2026-02-24T01:18:08.1604358Z   system-images;android-32;google_apis_playstore;arm64-v8a                        | 4                 | Google Play ARM 64 v8a System Image                                   
build	Forge APK (Verbose)	2026-02-24T01:18:08.1606110Z   system-images;android-32;google_apis_playstore;x86_64                           | 4                 | Google Play Intel x86_64 Atom System Image                            
build	Forge APK (Verbose)	2026-02-24T01:18:08.1608010Z   system-images;android-32;google_atd;arm64-v8a                                   | 1                 | Google APIs ATD ARM 64 v8a System Image                               
build	Forge APK (Verbose)	2026-02-24T01:18:08.1609415Z   system-images;android-32;google_atd;x86_64                                      | 1                 | Google APIs ATD Intel x86_64 Atom System Image                        
build	Forge APK (Verbose)	2026-02-24T01:18:08.1611041Z   system-images;android-33-ext5;google_apis_playstore;arm64-v8a                   | 2                 | Google Play ARM 64 v8a System Image                                   
build	Forge APK (Verbose)	2026-02-24T01:18:08.1612581Z   system-images;android-33-ext5;google_apis_playstore;x86_64                      | 2                 | Google Play Intel x86_64 Atom System Image                            
build	Forge APK (Verbose)	2026-02-24T01:18:08.1614300Z   system-images;android-33;android-automotive-distant-display-playstore;arm64-v8a | 2                 | Automotive Distant Display with Google Play arm64-v8a System Image    
build	Forge APK (Verbose)	2026-02-24T01:18:08.1616139Z   system-images;android-33;android-automotive-distant-display-playstore;x86_64    | 2                 | Automotive Distant Display with Google Play x86_64 System Image       
build	Forge APK (Verbose)	2026-02-24T01:18:08.1617853Z   system-images;android-33;android-automotive;arm64-v8a                           | 5                 | Android Automotive with Google APIs arm64-v8a System Image            
build	Forge APK (Verbose)	2026-02-24T01:18:08.1619502Z   system-images;android-33;android-automotive;x86_64                              | 5                 | Android Automotive with Google APIs x86_64 System Image               
build	Forge APK (Verbose)	2026-02-24T01:18:08.1621181Z   system-images;android-33;android-desktop;arm64-v8a                              | 4                 | Desktop ARM 64 v8a System Image                                       
build	Forge APK (Verbose)	2026-02-24T01:18:08.1622758Z   system-images;android-33;android-desktop;x86_64                                 | 4                 | Desktop Intel x86_64 Atom System Image                                
build	Forge APK (Verbose)	2026-02-24T01:18:08.1624330Z   system-images;android-33;android-tv;arm64-v8a                                   | 5                 | Android TV ARM 64 v8a System Image                                    
build	Forge APK (Verbose)	2026-02-24T01:18:08.1625867Z   system-images;android-33;android-tv;x86                                         | 5                 | Android TV Intel x86 Atom System Image                                
build	Forge APK (Verbose)	2026-02-24T01:18:08.1627401Z   system-images;android-33;android-wear;arm64-v8a                                 | 4                 | Wear OS 4 ARM 64 v8a System Image                                     
build	Forge APK (Verbose)	2026-02-24T01:18:08.1628595Z   system-images;android-33;android-wear;x86_64                                    | 4                 | Wear OS 4 Intel x86_64 Atom System Image                              
build	Forge APK (Verbose)	2026-02-24T01:18:08.1629437Z   system-images;android-33;aosp_atd;arm64-v8a                                     | 2                 | AOSP ATD ARM 64 v8a System Image                                      
build	Forge APK (Verbose)	2026-02-24T01:18:08.1630241Z   system-images;android-33;aosp_atd;x86_64                                        | 2                 | AOSP ATD Intel x86_64 Atom System Image                               
build	Forge APK (Verbose)	2026-02-24T01:18:08.1631522Z   system-images;android-33;default;arm64-v8a                                      | 2                 | ARM 64 v8a System Image                                               
build	Forge APK (Verbose)	2026-02-24T01:18:08.1632347Z   system-images;android-33;default;x86_64                                         | 2                 | Intel x86_64 Atom System Image                                        
build	Forge APK (Verbose)	2026-02-24T01:18:08.1633163Z   system-images;android-33;google-tv;arm64-v8a                                    | 5                 | Google TV ARM 64 v8a System Image                                     
build	Forge APK (Verbose)	2026-02-24T01:18:08.1633967Z   system-images;android-33;google-tv;x86                                          | 5                 | Google TV Intel x86 Atom System Image                                 
build	Forge APK (Verbose)	2026-02-24T01:18:08.1634913Z   system-images;android-33;google_apis;arm64-v8a                                  | 17                | Google APIs ARM 64 v8a System Image                                   
build	Forge APK (Verbose)	2026-02-24T01:18:08.1635744Z   system-images;android-33;google_apis;x86_64                                     | 17                | Google APIs Intel x86_64 Atom System Image                            
build	Forge APK (Verbose)	2026-02-24T01:18:08.1636596Z   system-images;android-33;google_apis_playstore;arm64-v8a                        | 9                 | Google Play ARM 64 v8a System Image                                   
build	Forge APK (Verbose)	2026-02-24T01:18:08.1637463Z   system-images;android-33;google_apis_playstore;x86_64                           | 9                 | Google Play Intel x86_64 Atom System Image                            
build	Forge APK (Verbose)	2026-02-24T01:18:08.1638310Z   system-images;android-33;google_atd;arm64-v8a                                   | 2                 | Google APIs ATD ARM 64 v8a System Image                               
build	Forge APK (Verbose)	2026-02-24T01:18:08.1639121Z   system-images;android-33;google_atd;x86_64                                      | 2                 | Google APIs ATD Intel x86_64 Atom System Image                        
build	Forge APK (Verbose)	2026-02-24T01:18:08.1639980Z   system-images;android-34-ext10;google_apis_playstore;arm64-v8a                  | 2                 | Google Play ARM 64 v8a System Image                                   
build	Forge APK (Verbose)	2026-02-24T01:18:08.1641006Z   system-images;android-34-ext10;google_apis_playstore;x86_64                     | 2                 | Google Play Intel x86_64 Atom System Image                            
build	Forge APK (Verbose)	2026-02-24T01:18:08.1641901Z   system-images;android-34-ext11;google_apis_playstore;arm64-v8a                  | 1                 | Google Play ARM 64 v8a System Image                                   
build	Forge APK (Verbose)	2026-02-24T01:18:08.1642795Z   system-images;android-34-ext11;google_apis_playstore;x86_64                     | 1                 | Google Play Intel x86_64 Atom System Image                            
build	Forge APK (Verbose)	2026-02-24T01:18:08.1643695Z   system-images;android-34-ext12;google_apis_playstore;arm64-v8a                  | 1                 | Google Play ARM 64 v8a System Image                                   
build	Forge APK (Verbose)	2026-02-24T01:18:08.1644595Z   system-images;android-34-ext12;google_apis_playstore;x86_64                     | 1                 | Google Play Intel x86_64 Atom System Image                            
build	Forge APK (Verbose)	2026-02-24T01:18:08.1645491Z   system-images;android-34-ext8;google_apis_playstore;arm64-v8a                   | 2                 | Google Play ARM 64 v8a System Image                                   
build	Forge APK (Verbose)	2026-02-24T01:18:08.1646387Z   system-images;android-34-ext8;google_apis_playstore;x86_64                      | 2                 | Google Play Intel x86_64 Atom System Image                            
build	Forge APK (Verbose)	2026-02-24T01:18:08.1647335Z   system-images;android-34-ext9;android-automotive-playstore;arm64-v8a            | 4                 | Android Automotive with Google Play arm64-v8a System Image            
build	Forge APK (Verbose)	2026-02-24T01:18:08.1648324Z   system-images;android-34-ext9;android-automotive-playstore;x86_64               | 4                 | Android Automotive with Google Play x86_64 System Image               
build	Forge APK (Verbose)	2026-02-24T01:18:08.1649429Z   system-images;android-34-ext9;android-automotive;arm64-v8a                      | 5                 | Android Automotive with Google APIs arm64-v8a System Image            
build	Forge APK (Verbose)	2026-02-24T01:18:08.1650357Z   system-images;android-34-ext9;android-automotive;x86_64                         | 5                 | Android Automotive with Google APIs x86_64 System Image               
build	Forge APK (Verbose)	2026-02-24T01:18:08.1651358Z   system-images;android-34;android-desktop;arm64-v8a                              | 1                 | Desktop ARM 64 v8a System Image                                       
build	Forge APK (Verbose)	2026-02-24T01:18:08.1652211Z   system-images;android-34;android-desktop;x86_64                                 | 1                 | Desktop Intel x86_64 Atom System Image                                
build	Forge APK (Verbose)	2026-02-24T01:18:08.1653178Z   system-images;android-34;android-tv;arm64-v8a                                   | 3                 | Android TV ARM 64 v8a System Image                                    
build	Forge APK (Verbose)	2026-02-24T01:18:08.1654002Z   system-images;android-34;android-tv;x86                                         | 3                 | Android TV Intel x86 Atom System Image                                
build	Forge APK (Verbose)	2026-02-24T01:18:08.1654817Z   system-images;android-34;android-wear;arm64-v8a                                 | 1                 | Wear OS 5 ARM 64 v8a System Image                                     
build	Forge APK (Verbose)	2026-02-24T01:18:08.1655626Z   system-images;android-34;android-wear;x86_64                                    | 1                 | Wear OS 5 Intel x86_64 Atom System Image                              
build	Forge APK (Verbose)	2026-02-24T01:18:08.1656435Z   system-images;android-34;aosp_atd;arm64-v8a                                     | 2                 | AOSP ATD ARM 64 v8a System Image                                      
build	Forge APK (Verbose)	2026-02-24T01:18:08.1657243Z   system-images;android-34;aosp_atd;x86_64                                        | 2                 | AOSP ATD Intel x86_64 Atom System Image                               
build	Forge APK (Verbose)	2026-02-24T01:18:08.1658092Z   system-images;android-34;default;arm64-v8a                                      | 4                 | ARM 64 v8a System Image                                               
build	Forge APK (Verbose)	2026-02-24T01:18:08.1658885Z   system-images;android-34;default;x86_64                                         | 4                 | Intel x86_64 Atom System Image                                        
build	Forge APK (Verbose)	2026-02-24T01:18:08.1659686Z   system-images;android-34;google-tv;arm64-v8a                                    | 3                 | Google TV ARM 64 v8a System Image                                     
build	Forge APK (Verbose)	2026-02-24T01:18:08.1660479Z   system-images;android-34;google-tv;x86                                          | 3                 | Google TV Intel x86 Atom System Image                                 
build	Forge APK (Verbose)	2026-02-24T01:18:08.1661398Z   system-images;android-34;google_apis;arm64-v8a                                  | 14                | Google APIs ARM 64 v8a System Image                                   
build	Forge APK (Verbose)	2026-02-24T01:18:08.1662226Z   system-images;android-34;google_apis;x86_64                                     | 14                | Google APIs Intel x86_64 Atom System Image                            
build	Forge APK (Verbose)	2026-02-24T01:18:08.1663066Z   system-images;android-34;google_apis_playstore;arm64-v8a                        | 14                | Google Play ARM 64 v8a System Image                                   
build	Forge APK (Verbose)	2026-02-24T01:18:08.1663940Z   system-images;android-34;google_apis_playstore;x86_64                           | 14                | Google Play Intel x86_64 Atom System Image                            
build	Forge APK (Verbose)	2026-02-24T01:18:08.1664793Z   system-images;android-34;google_atd;arm64-v8a                                   | 1                 | Google APIs ATD ARM 64 System Image                                   
build	Forge APK (Verbose)	2026-02-24T01:18:08.1665607Z   system-images;android-34;google_atd;x86_64                                      | 1                 | Google APIs ATD Intel x86_64 Atom System Image                        
build	Forge APK (Verbose)	2026-02-24T01:18:08.1666590Z   system-images;android-35-ext14;google_apis_playstore;arm64-v8a                  | 1                 | Google Play ARM 64 v8a System Image                                   
build	Forge APK (Verbose)	2026-02-24T01:18:08.1667510Z   system-images;android-35-ext14;google_apis_playstore;x86_64                     | 1                 | Google Play Intel x86_64 Atom System Image                            
build	Forge APK (Verbose)	2026-02-24T01:18:08.1668464Z   system-images;android-35-ext15;android-automotive-playstore;arm64-v8a           | 2                 | Android Automotive with Google Play arm64-v8a System Image            
build	Forge APK (Verbose)	2026-02-24T01:18:08.1669463Z   system-images;android-35-ext15;android-automotive-playstore;x86_64              | 2                 | Android Automotive with Google Play x86_64 System Image               
build	Forge APK (Verbose)	2026-02-24T01:18:08.1670753Z   system-images;android-35-ext15;android-automotive;arm64-v8a                     | 2                 | Android Automotive with Google APIs arm64-v8a System Image            
build	Forge APK (Verbose)	2026-02-24T01:18:08.1671737Z   system-images;android-35-ext15;android-automotive;x86_64                        | 2                 | Android Automotive with Google APIs x86_64 System Image               
build	Forge APK (Verbose)	2026-02-24T01:18:08.1672627Z   system-images;android-35-ext15;android-wear;arm64-v8a                           | 1                 | Wear OS 5.1 ARM 64 v8a System Image                                   
build	Forge APK (Verbose)	2026-02-24T01:18:08.1673471Z   system-images;android-35-ext15;android-wear;x86_64                              | 1                 | Wear OS 5.1 Intel x86_64 Atom System Image                            
build	Forge APK (Verbose)	2026-02-24T01:18:08.1674314Z   system-images;android-35-ext15;google_apis;arm64-v8a                            | 1                 | Google APIs ARM 64 v8a System Image                                   
build	Forge APK (Verbose)	2026-02-24T01:18:08.1675172Z   system-images;android-35-ext15;google_apis;x86_64                               | 1                 | Google APIs Intel x86_64 Atom System Image                            
build	Forge APK (Verbose)	2026-02-24T01:18:08.1676045Z   system-images;android-35-ext15;google_apis_playstore;arm64-v8a                  | 1                 | Google Play ARM 64 v8a System Image                                   
build	Forge APK (Verbose)	2026-02-24T01:18:08.1676957Z   system-images;android-35-ext15;google_apis_playstore;x86_64                     | 1                 | Google Play Intel x86_64 Atom System Image                            
build	Forge APK (Verbose)	2026-02-24T01:18:08.1677809Z   system-images;android-35;aosp_atd;arm64-v8a                                     | 1                 | AOSP ATD ARM 64 System Image                                          
build	Forge APK (Verbose)	2026-02-24T01:18:08.1678604Z   system-images;android-35;aosp_atd;x86_64                                        | 1                 | AOSP ATD Intel x86_64 Atom System Image                               
build	Forge APK (Verbose)	2026-02-24T01:18:08.1679402Z   system-images;android-35;default;arm64-v8a                                      | 2                 | ARM 64 v8a System Image                                               
build	Forge APK (Verbose)	2026-02-24T01:18:08.1680191Z   system-images;android-35;default;x86_64                                         | 2                 | Intel x86_64 Atom System Image                                        
build	Forge APK (Verbose)	2026-02-24T01:18:08.1681123Z   system-images;android-35;google_apis;arm64-v8a                                  | 9                 | Google APIs ARM 64 v8a System Image                                   
build	Forge APK (Verbose)	2026-02-24T01:18:08.1681945Z   system-images;android-35;google_apis;x86_64                                     | 9                 | Google APIs Intel x86_64 Atom System Image                            
build	Forge APK (Verbose)	2026-02-24T01:18:08.1682793Z   system-images;android-35;google_apis_playstore;arm64-v8a                        | 9                 | Google Play ARM 64 v8a System Image                                   
build	Forge APK (Verbose)	2026-02-24T01:18:08.1683659Z   system-images;android-35;google_apis_playstore;x86_64                           | 9                 | Google Play Intel x86_64 Atom System Image                            
build	Forge APK (Verbose)	2026-02-24T01:18:08.1684708Z   system-images;android-35;google_apis_playstore_ps16k;arm64-v8a                  | 5                 | Pre-Release 16 KB Page Size Google Play ARM 64 v8a System Image       
build	Forge APK (Verbose)	2026-02-24T01:18:08.1685624Z   system-images;android-35;google_apis_playstore_ps16k;x86_64                     | 5                 | Pre-Release 16 KB Page Size Google Play Intel x86_64 Atom System Image
build	Forge APK (Verbose)	2026-02-24T01:18:08.1686510Z   system-images;android-35;google_apis_ps16k;arm64-v8a                            | 5                 | Pre-Release 16 KB Page Size Google APIs ARM 64 v8a System Image       
build	Forge APK (Verbose)	2026-02-24T01:18:08.1687372Z   system-images;android-35;google_apis_ps16k;x86_64                               | 5                 | Pre-Release 16 KB Page Size Google APIs Intel x86_64 Atom System Image
build	Forge APK (Verbose)	2026-02-24T01:18:08.1688319Z   system-images;android-35;google_atd;arm64-v8a                                   | 1                 | Google APIs ATD ARM 64 System Image                                   
build	Forge APK (Verbose)	2026-02-24T01:18:08.1689133Z   system-images;android-35;google_atd;x86_64                                      | 1                 | Google APIs ATD Intel x86_64 Atom System Image                        
build	Forge APK (Verbose)	2026-02-24T01:18:08.1689975Z   system-images;android-36-ext18;google_apis;arm64-v8a                            | 1                 | Google APIs ARM 64 v8a System Image                                   
build	Forge APK (Verbose)	2026-02-24T01:18:08.1690930Z   system-images;android-36-ext18;google_apis;x86_64                               | 1                 | Google APIs Intel x86_64 Atom System Image                            
build	Forge APK (Verbose)	2026-02-24T01:18:08.1691803Z   system-images;android-36-ext18;google_apis_playstore;arm64-v8a                  | 1                 | Google Play ARM 64 v8a System Image                                   
build	Forge APK (Verbose)	2026-02-24T01:18:08.1692719Z   system-images;android-36-ext18;google_apis_playstore;x86_64                     | 1                 | Google Play Intel x86_64 Atom System Image                            
build	Forge APK (Verbose)	2026-02-24T01:18:08.1693595Z   system-images;android-36-ext19;google_apis;arm64-v8a                            | 1                 | Google APIs ARM 64 v8a System Image                                   
build	Forge APK (Verbose)	2026-02-24T01:18:08.1694434Z   system-images;android-36-ext19;google_apis;x86_64                               | 1                 | Google APIs Intel x86_64 Atom System Image                            
build	Forge APK (Verbose)	2026-02-24T01:18:08.1695312Z   system-images;android-36-ext19;google_apis_playstore;arm64-v8a                  | 1                 | Google Play ARM 64 v8a System Image                                   
build	Forge APK (Verbose)	2026-02-24T01:18:08.1696209Z   system-images;android-36-ext19;google_apis_playstore;x86_64                     | 1                 | Google Play Intel x86_64 Atom System Image                            
build	Forge APK (Verbose)	2026-02-24T01:18:08.1697091Z   system-images;android-36.0-Baklava;google_apis;arm64-v8a                        | 1                 | Google APIs ARM 64 v8a System Image                                   
build	Forge APK (Verbose)	2026-02-24T01:18:08.1697964Z   system-images;android-36.0-Baklava;google_apis;x86_64                           | 1                 | Google APIs Intel x86_64 Atom System Image                            
build	Forge APK (Verbose)	2026-02-24T01:18:08.1698849Z   system-images;android-36.0-Baklava;google_apis_playstore;arm64-v8a              | 1                 | Google Play ARM 64 v8a System Image                                   
build	Forge APK (Verbose)	2026-02-24T01:18:08.1699768Z   system-images;android-36.0-Baklava;google_apis_playstore;x86_64                 | 1                 | Google Play Intel x86_64 Atom System Image                            
build	Forge APK (Verbose)	2026-02-24T01:18:08.1700816Z   system-images;android-36.0-Baklava;google_apis_playstore_ps16k;arm64-v8a        | 1                 | Pre-Release 16 KB Page Size Google Play ARM 64 v8a System Image       
build	Forge APK (Verbose)	2026-02-24T01:18:08.1701789Z   system-images;android-36.0-Baklava;google_apis_playstore_ps16k;x86_64           | 1                 | Pre-Release 16 KB Page Size Google Play Intel x86_64 Atom System Image
build	Forge APK (Verbose)	2026-02-24T01:18:08.1702851Z   system-images;android-36.0-Baklava;google_apis_ps16k;arm64-v8a                  | 1                 | Pre-Release 16 KB Page Size Google APIs ARM 64 v8a System Image       
build	Forge APK (Verbose)	2026-02-24T01:18:08.1703776Z   system-images;android-36.0-Baklava;google_apis_ps16k;x86_64                     | 1                 | Pre-Release 16 KB Page Size Google APIs Intel x86_64 Atom System Image
build	Forge APK (Verbose)	2026-02-24T01:18:08.1704631Z   system-images;android-36;android-tv;arm64-v8a                                   | 3                 | Android TV ARM 64 v8a System Image                                    
build	Forge APK (Verbose)	2026-02-24T01:18:08.1705448Z   system-images;android-36;android-tv;x86                                         | 3                 | Android TV Intel x86 Atom System Image                                
build	Forge APK (Verbose)	2026-02-24T01:18:08.1706292Z   system-images;android-36;android-wear-signed;arm64-v8a                          | 1                 | Wear OS 6.0 ARM 64 v8a System Image (signed)                          
build	Forge APK (Verbose)	2026-02-24T01:18:08.1707257Z   system-images;android-36;android-wear-signed;x86_64                             | 1                 | Wear OS 6.0 Intel x86_64 Atom System Image (signed)                   
build	Forge APK (Verbose)	2026-02-24T01:18:08.1708078Z   system-images;android-36;default;arm64-v8a                                      | 2                 | ARM 64 v8a System Image                                               
build	Forge APK (Verbose)	2026-02-24T01:18:08.1708872Z   system-images;android-36;default;x86_64                                         | 2                 | Intel x86_64 Atom System Image                                        
build	Forge APK (Verbose)	2026-02-24T01:18:08.1709661Z   system-images;android-36;google-tv;arm64-v8a                                    | 3                 | Google TV ARM 64 v8a System Image                                     
build	Forge APK (Verbose)	2026-02-24T01:18:08.1710459Z   system-images;android-36;google-tv;x86                                          | 3                 | Google TV Intel x86 Atom System Image                                 
build	Forge APK (Verbose)	2026-02-24T01:18:08.1711405Z   system-images;android-36;google_apis;arm64-v8a                                  | 7                 | Google APIs ARM 64 v8a System Image                                   
build	Forge APK (Verbose)	2026-02-24T01:18:08.1712217Z   system-images;android-36;google_apis;x86_64                                     | 7                 | Google APIs Intel x86_64 Atom System Image                            
build	Forge APK (Verbose)	2026-02-24T01:18:08.1713058Z   system-images;android-36;google_apis_playstore;arm64-v8a                        | 7                 | Google Play ARM 64 v8a System Image                                   
build	Forge APK (Verbose)	2026-02-24T01:18:08.1713949Z   system-images;android-36;google_apis_playstore;x86_64                           | 7                 | Google Play Intel x86_64 Atom System Image                            
build	Forge APK (Verbose)	2026-02-24T01:18:08.1714837Z   system-images;android-36;google_apis_playstore_ps16k;arm64-v8a                  | 7                 | Pre-Release 16 KB Page Size Google Play ARM 64 v8a System Image       
build	Forge APK (Verbose)	2026-02-24T01:18:08.1715790Z   system-images;android-36;google_apis_playstore_ps16k;x86_64                     | 7                 | Pre-Release 16 KB Page Size Google Play Intel x86_64 Atom System Image
build	Forge APK (Verbose)	2026-02-24T01:18:08.1716692Z   system-images;android-36;google_apis_ps16k;arm64-v8a                            | 7                 | Pre-Release 16 KB Page Size Google APIs ARM 64 v8a System Image       
build	Forge APK (Verbose)	2026-02-24T01:18:08.1717557Z   system-images;android-36;google_apis_ps16k;x86_64                               | 7                 | Pre-Release 16 KB Page Size Google APIs Intel x86_64 Atom System Image
build	Forge APK (Verbose)	2026-02-24T01:18:08.1718038Z 
build	Forge APK (Verbose)	2026-02-24T01:18:08.1718115Z Available Updates:
build	Forge APK (Verbose)	2026-02-24T01:18:08.1718322Z   ID      | Installed | Available
build	Forge APK (Verbose)	2026-02-24T01:18:08.1718557Z   ------- | -------   | -------  
build	Forge APK (Verbose)	2026-02-24T01:18:08.1718707Z 
build	Forge APK (Verbose)	2026-02-24T01:18:08.5894800Z [0m[1;30m# Run ['/home/runner/.buildozer/android/platform/android-sdk/tools/bin/sdkmanager', '--sdk_root=/home/runner/.buildozer/android/platform/android-sdk', 'build-tools;37.0.0-rc1'][0m
build	Forge APK (Verbose)	2026-02-24T01:18:08.5897583Z [0m[1;30m# Cwd /home/runner/.buildozer/android/platform/android-sdk[0m
build	Forge APK (Verbose)	2026-02-24T01:18:08.5918721Z Loading package information...                                                  
build	Forge APK (Verbose)	2026-02-24T01:18:08.6211206Z Loading local repository...                                                     
build	Forge APK (Verbose)	2026-02-24T01:18:08.6212756Z [                                       ] 3% Loading local repository...        
build	Forge APK (Verbose)	2026-02-24T01:18:08.6248029Z [                                       ] 3% Fetch remote repository...         
build	Forge APK (Verbose)	2026-02-24T01:18:08.9021333Z [=                                      ] 3% Fetch remote repository...         
build	Forge APK (Verbose)	2026-02-24T01:18:08.9554780Z [=                                      ] 4% Fetch remote repository...         
build	Forge APK (Verbose)	2026-02-24T01:18:08.9913412Z [=                                      ] 5% Fetch remote repository...         
build	Forge APK (Verbose)	2026-02-24T01:18:09.0362024Z [==                                     ] 5% Fetch remote repository...         
build	Forge APK (Verbose)	2026-02-24T01:18:09.1011425Z [==                                     ] 6% Fetch remote repository...         
build	Forge APK (Verbose)	2026-02-24T01:18:09.1492688Z [==                                     ] 7% Fetch remote repository...         
build	Forge APK (Verbose)	2026-02-24T01:18:09.1501323Z [===                                    ] 8% Fetch remote repository...         
build	Forge APK (Verbose)	2026-02-24T01:18:09.1651593Z [===                                    ] 8% Computing updates...               
build	Forge APK (Verbose)	2026-02-24T01:18:09.1773471Z [===                                    ] 10% Computing updates...              
build	Forge APK (Verbose)	2026-02-24T01:18:09.1778389Z License android-sdk-preview-license:
build	Forge APK (Verbose)	2026-02-24T01:18:09.1783158Z ---------------------------------------
build	Forge APK (Verbose)	2026-02-24T01:18:09.1785674Z To get started with the Android SDK Preview, you must agree to the following terms and conditions. As described below, please note that this is a preview version of the Android SDK, subject to change, that you use at your own risk. The Android SDK Preview is not a stable release, and may contain errors and defects that can result in serious damage to your computer systems, devices and data.
build	Forge APK (Verbose)	2026-02-24T01:18:09.1788204Z 
build	Forge APK (Verbose)	2026-02-24T01:18:09.1788556Z This is the Android SDK Preview License Agreement (the "License Agreement").
build	Forge APK (Verbose)	2026-02-24T01:18:09.1789099Z 
build	Forge APK (Verbose)	2026-02-24T01:18:09.1789221Z 1. Introduction
build	Forge APK (Verbose)	2026-02-24T01:18:09.1789409Z 
build	Forge APK (Verbose)	2026-02-24T01:18:09.1792615Z 1.1 The Android SDK Preview (referred to in the License Agreement as the “Preview” and specifically including the Android system files, packaged APIs, and Preview library files, if and when they are made available) is licensed to you subject to the terms of the License Agreement. The License Agreement forms a legally binding contract between you and Google in relation to your use of the Preview.
build	Forge APK (Verbose)	2026-02-24T01:18:09.1795109Z 
build	Forge APK (Verbose)	2026-02-24T01:18:09.1796524Z 1.2 "Android" means the Android software stack for devices, as made available under the Android Open Source Project, which is located at the following URL: http://source.android.com/, as updated from time to time.
build	Forge APK (Verbose)	2026-02-24T01:18:09.1797911Z 
build	Forge APK (Verbose)	2026-02-24T01:18:09.1798751Z 1.3 "Google" means Google Inc., a Delaware corporation with principal place of business at 1600 Amphitheatre Parkway, Mountain View, CA 94043, United States.
build	Forge APK (Verbose)	2026-02-24T01:18:09.1799780Z 
build	Forge APK (Verbose)	2026-02-24T01:18:09.1799932Z 2. Accepting the License Agreement
build	Forge APK (Verbose)	2026-02-24T01:18:09.1800218Z 
build	Forge APK (Verbose)	2026-02-24T01:18:09.1801136Z 2.1 In order to use the Preview, you must first agree to the License Agreement. You may not use the Preview if you do not accept the License Agreement.
build	Forge APK (Verbose)	2026-02-24T01:18:09.1802065Z 
build	Forge APK (Verbose)	2026-02-24T01:18:09.1802563Z 2.2 By clicking to accept and/or using the Preview, you hereby agree to the terms of the License Agreement.
build	Forge APK (Verbose)	2026-02-24T01:18:09.1803246Z 
build	Forge APK (Verbose)	2026-02-24T01:18:09.1804685Z 2.3 You may not use the Preview and may not accept the License Agreement if you are a person barred from receiving the Preview under the laws of the United States or other countries including the country in which you are resident or from which you use the Preview.
build	Forge APK (Verbose)	2026-02-24T01:18:09.1806604Z 
build	Forge APK (Verbose)	2026-02-24T01:18:09.1809039Z 2.4 If you will use the Preview internally within your company or organization you agree to be bound by the License Agreement on behalf of your employer or other entity, and you represent and warrant that you have full legal authority to bind your employer or such entity to the License Agreement. If you do not have the requisite authority, you may not accept the License Agreement or use the Preview on behalf of your employer or other entity.
build	Forge APK (Verbose)	2026-02-24T01:18:09.1811754Z 
build	Forge APK (Verbose)	2026-02-24T01:18:09.1811911Z 3. Preview License from Google
build	Forge APK (Verbose)	2026-02-24T01:18:09.1812163Z 
build	Forge APK (Verbose)	2026-02-24T01:18:09.1813904Z 3.1 Subject to the terms of the License Agreement, Google grants you a royalty-free, non-assignable, non-exclusive, non-sublicensable, limited, revocable license to use the Preview, personally or internally within your company or organization, solely to develop applications to run on the Android platform.
build	Forge APK (Verbose)	2026-02-24T01:18:09.1816002Z 
build	Forge APK (Verbose)	2026-02-24T01:18:09.1818232Z 3.2 You agree that Google or third parties owns all legal right, title and interest in and to the Preview, including any Intellectual Property Rights that subsist in the Preview. "Intellectual Property Rights" means any and all rights under patent law, copyright law, trade secret law, trademark law, and any and all other proprietary rights. Google reserves all rights not expressly granted to you.
build	Forge APK (Verbose)	2026-02-24T01:18:09.1820792Z 
build	Forge APK (Verbose)	2026-02-24T01:18:09.1824191Z 3.3 You may not use the Preview for any purpose not expressly permitted by the License Agreement. Except to the extent required by applicable third party licenses, you may not: (a) copy (except for backup purposes), modify, adapt, redistribute, decompile, reverse engineer, disassemble, or create derivative works of the Preview or any part of the Preview; or (b) load any part of the Preview onto a mobile handset or any other hardware device except a personal computer, combine any part of the Preview with other software, or distribute any software or device incorporating a part of the Preview.
build	Forge APK (Verbose)	2026-02-24T01:18:09.1827765Z 
build	Forge APK (Verbose)	2026-02-24T01:18:09.1829213Z 3.4 You agree that you will not take any actions that may cause or result in the fragmentation of Android, including but not limited to distributing, participating in the creation of, or promoting in any way a software development kit derived from the Preview.
build	Forge APK (Verbose)	2026-02-24T01:18:09.1830974Z 
build	Forge APK (Verbose)	2026-02-24T01:18:09.1833371Z 3.5 Use, reproduction and distribution of components of the Preview licensed under an open source software license are governed solely by the terms of that open source software license and not the License Agreement. You agree to remain a licensee in good standing in regard to such open source software licenses under all the rights granted and to refrain from any actions that may terminate, suspend, or breach such rights.
build	Forge APK (Verbose)	2026-02-24T01:18:09.1861042Z 
build	Forge APK (Verbose)	2026-02-24T01:18:09.1864136Z 3.6 You agree that the form and nature of the Preview that Google provides may change without prior notice to you and that future versions of the Preview may be incompatible with applications developed on previous versions of the Preview. You agree that Google may stop (permanently or temporarily) providing the Preview (or any features within the Preview) to you or to users generally at Google's sole discretion, without prior notice to you.
build	Forge APK (Verbose)	2026-02-24T01:18:09.1867255Z 
build	Forge APK (Verbose)	2026-02-24T01:18:09.1868198Z 3.7 Nothing in the License Agreement gives you a right to use any of Google's trade names, trademarks, service marks, logos, domain names, or other distinctive brand features.
build	Forge APK (Verbose)	2026-02-24T01:18:09.1869304Z 
build	Forge APK (Verbose)	2026-02-24T01:18:09.1870345Z 3.8 You agree that you will not remove, obscure, or alter any proprietary rights notices (including copyright and trademark notices) that may be affixed to or contained within the Preview.
build	Forge APK (Verbose)	2026-02-24T01:18:09.1871709Z 
build	Forge APK (Verbose)	2026-02-24T01:18:09.1871855Z 4. Use of the Preview by You
build	Forge APK (Verbose)	2026-02-24T01:18:09.1872124Z 
build	Forge APK (Verbose)	2026-02-24T01:18:09.1873824Z 4.1 Google agrees that nothing in the License Agreement gives Google any right, title or interest from you (or your licensors) under the License Agreement in or to any software applications that you develop using the Preview, including any intellectual property rights that subsist in those applications.
build	Forge APK (Verbose)	2026-02-24T01:18:09.1875962Z 
build	Forge APK (Verbose)	2026-02-24T01:18:09.1877976Z 4.2 You agree to use the Preview and write applications only for purposes that are permitted by (a) the License Agreement, and (b) any applicable law, regulation or generally accepted practices or guidelines in the relevant jurisdictions (including any laws regarding the export of data or software to and from the United States or other relevant countries).
build	Forge APK (Verbose)	2026-02-24T01:18:09.1880166Z 
build	Forge APK (Verbose)	2026-02-24T01:18:09.1884472Z 4.3 You agree that if you use the Preview to develop applications, you will protect the privacy and legal rights of users. If users provide you with user names, passwords, or other login information or personal information, you must make the users aware that the information will be available to your application, and you must provide legally adequate privacy notice and protection for those users. If your application stores personal or sensitive information provided by users, it must do so securely. If users provide you with Google Account information, your application may only use that information to access the user's Google Account when, and for the limited purposes for which, each user has given you permission to do so.
build	Forge APK (Verbose)	2026-02-24T01:18:09.1889138Z 
build	Forge APK (Verbose)	2026-02-24T01:18:09.1890968Z 4.4 You agree that you will not engage in any activity with the Preview, including the development or distribution of an application, that interferes with, disrupts, damages, or accesses in an unauthorized manner the servers, networks, or other properties or services of Google or any third party.
build	Forge APK (Verbose)	2026-02-24T01:18:09.1892820Z 
build	Forge APK (Verbose)	2026-02-24T01:18:09.1894801Z 4.5 You agree that you are solely responsible for (and that Google has no responsibility to you or to any third party for) any data, content, or resources that you create, transmit or display through Android and/or applications for Android, and for the consequences of your actions (including any loss or damage which Google may suffer) by doing so.
build	Forge APK (Verbose)	2026-02-24T01:18:09.1896911Z 
build	Forge APK (Verbose)	2026-02-24T01:18:09.1899161Z 4.6 You agree that you are solely responsible for (and that Google has no responsibility to you or to any third party for) any breach of your obligations under the License Agreement, any applicable third party contract or Terms of Service, or any applicable law or regulation, and for the consequences (including any loss or damage which Google or any third party may suffer) of any such breach.
build	Forge APK (Verbose)	2026-02-24T01:18:09.1901722Z 
build	Forge APK (Verbose)	2026-02-24T01:18:09.1904508Z 4.7 The Preview is in development, and your testing and feedback are an important part of the development process. By using the Preview, you acknowledge that implementation of some features are still under development and that you should not rely on the Preview having the full functionality of a stable release. You agree not to publicly distribute or ship any application using this Preview as this Preview will no longer be supported after the official Android SDK is released.
build	Forge APK (Verbose)	2026-02-24T01:18:09.1907466Z 
build	Forge APK (Verbose)	2026-02-24T01:18:09.1907621Z 5. Your Developer Credentials
build	Forge APK (Verbose)	2026-02-24T01:18:09.1907892Z 
build	Forge APK (Verbose)	2026-02-24T01:18:09.1909565Z 5.1 You agree that you are responsible for maintaining the confidentiality of any developer credentials that may be issued to you by Google or which you may choose yourself and that you will be solely responsible for all applications that are developed under your developer credentials.
build	Forge APK (Verbose)	2026-02-24T01:18:09.1911536Z 
build	Forge APK (Verbose)	2026-02-24T01:18:09.1911697Z 6. Privacy and Information
build	Forge APK (Verbose)	2026-02-24T01:18:09.1911950Z 
build	Forge APK (Verbose)	2026-02-24T01:18:09.1914808Z 6.1 In order to continually innovate and improve the Preview, Google may collect certain usage statistics from the software including but not limited to a unique identifier, associated IP address, version number of the software, and information on which tools and/or services in the Preview are being used and how they are being used. Before any of this information is collected, the Preview will notify you and seek your consent. If you withhold consent, the information will not be collected.
build	Forge APK (Verbose)	2026-02-24T01:18:09.1918083Z 
build	Forge APK (Verbose)	2026-02-24T01:18:09.1919097Z 6.2 The data collected is examined in the aggregate to improve the Preview and is maintained in accordance with Google's Privacy Policy located at http://www.google.com/policies/privacy/.
build	Forge APK (Verbose)	2026-02-24T01:18:09.1920305Z 
build	Forge APK (Verbose)	2026-02-24T01:18:09.1920466Z 7. Third Party Applications
build	Forge APK (Verbose)	2026-02-24T01:18:09.1920906Z 
build	Forge APK (Verbose)	2026-02-24T01:18:09.1924301Z 7.1 If you use the Preview to run applications developed by a third party or that access data, content or resources provided by a third party, you agree that Google is not responsible for those applications, data, content, or resources. You understand that all data, content or resources which you may access through such third party applications are the sole responsibility of the person from which they originated and that Google is not liable for any loss or damage that you may experience as a result of the use or access of any of those third party applications, data, content, or resources.
build	Forge APK (Verbose)	2026-02-24T01:18:09.1928184Z 
build	Forge APK (Verbose)	2026-02-24T01:18:09.1931144Z 7.2 You should be aware the data, content, and resources presented to you through such a third party application may be protected by intellectual property rights which are owned by the providers (or by other persons or companies on their behalf). You may not modify, rent, lease, loan, sell, distribute or create derivative works based on these data, content, or resources (either in whole or in part) unless you have been specifically given permission to do so by the relevant owners.
build	Forge APK (Verbose)	2026-02-24T01:18:09.1934059Z 
build	Forge APK (Verbose)	2026-02-24T01:18:09.1934991Z 7.3 You acknowledge that your use of such third party applications, data, content, or resources may be subject to separate terms between you and the relevant third party.
build	Forge APK (Verbose)	2026-02-24T01:18:09.1936078Z 
build	Forge APK (Verbose)	2026-02-24T01:18:09.1936211Z 8. Using Google APIs
build	Forge APK (Verbose)	2026-02-24T01:18:09.1936435Z 
build	Forge APK (Verbose)	2026-02-24T01:18:09.1936550Z 8.1 Google APIs
build	Forge APK (Verbose)	2026-02-24T01:18:09.1936730Z 
build	Forge APK (Verbose)	2026-02-24T01:18:09.1939477Z 8.1.1 If you use any API to retrieve data from Google, you acknowledge that the data may be protected by intellectual property rights which are owned by Google or those parties that provide the data (or by other persons or companies on their behalf). Your use of any such API may be subject to additional Terms of Service. You may not modify, rent, lease, loan, sell, distribute or create derivative works based on this data (either in whole or in part) unless allowed by the relevant Terms of Service.
build	Forge APK (Verbose)	2026-02-24T01:18:09.1942569Z 
build	Forge APK (Verbose)	2026-02-24T01:18:09.1943890Z 8.1.2 If you use any API to retrieve a user's data from Google, you acknowledge and agree that you shall retrieve data only with the user's explicit consent and only when, and for the limited purposes for which, the user has given you permission to do so.
build	Forge APK (Verbose)	2026-02-24T01:18:09.1945383Z 
build	Forge APK (Verbose)	2026-02-24T01:18:09.1945541Z 9. Terminating the License Agreement
build	Forge APK (Verbose)	2026-02-24T01:18:09.1945835Z 
build	Forge APK (Verbose)	2026-02-24T01:18:09.1946350Z 9.1 the License Agreement will continue to apply until terminated by either you or Google as set out below.
build	Forge APK (Verbose)	2026-02-24T01:18:09.1947032Z 
build	Forge APK (Verbose)	2026-02-24T01:18:09.1947693Z 9.2 If you want to terminate the License Agreement, you may do so by ceasing your use of the Preview and any relevant developer credentials.
build	Forge APK (Verbose)	2026-02-24T01:18:09.1948532Z 
build	Forge APK (Verbose)	2026-02-24T01:18:09.1948999Z 9.3 Google may at any time, terminate the License Agreement, with or without cause, upon notice to you.
build	Forge APK (Verbose)	2026-02-24T01:18:09.1949642Z 
build	Forge APK (Verbose)	2026-02-24T01:18:09.1951610Z 9.4 The License Agreement will automatically terminate without notice or other action upon the earlier of: (A) when Google ceases to provide the Preview or certain parts of the Preview to users in the country in which you are resident or from which you use the service; and (B) Google issues a final release version of the Android SDK.
build	Forge APK (Verbose)	2026-02-24T01:18:09.1953563Z 
build	Forge APK (Verbose)	2026-02-24T01:18:09.1954858Z 9.5 When the License Agreement is terminated, the license granted to you in the License Agreement will terminate, you will immediately cease all use of the Preview, and the provisions of paragraphs 10, 11, 12 and 14 shall survive indefinitely.
build	Forge APK (Verbose)	2026-02-24T01:18:09.1956543Z 
build	Forge APK (Verbose)	2026-02-24T01:18:09.1956658Z 10. DISCLAIMERS
build	Forge APK (Verbose)	2026-02-24T01:18:09.1956843Z 
build	Forge APK (Verbose)	2026-02-24T01:18:09.1957786Z 10.1 YOU EXPRESSLY UNDERSTAND AND AGREE THAT YOUR USE OF THE PREVIEW IS AT YOUR SOLE RISK AND THAT THE PREVIEW IS PROVIDED "AS IS" AND "AS AVAILABLE" WITHOUT WARRANTY OF ANY KIND FROM GOOGLE.
build	Forge APK (Verbose)	2026-02-24T01:18:09.1958893Z 
build	Forge APK (Verbose)	2026-02-24T01:18:09.1962173Z 10.2 YOUR USE OF THE PREVIEW AND ANY MATERIAL DOWNLOADED OR OTHERWISE OBTAINED THROUGH THE USE OF THE PREVIEW IS AT YOUR OWN DISCRETION AND RISK AND YOU ARE SOLELY RESPONSIBLE FOR ANY DAMAGE TO YOUR COMPUTER SYSTEM OR OTHER DEVICE OR LOSS OF DATA THAT RESULTS FROM SUCH USE. WITHOUT LIMITING THE FOREGOING, YOU UNDERSTAND THAT THE PREVIEW IS NOT A STABLE RELEASE AND MAY CONTAIN ERRORS, DEFECTS AND SECURITY VULNERABILITIES THAT CAN RESULT IN SIGNIFICANT DAMAGE, INCLUDING THE COMPLETE, IRRECOVERABLE LOSS OF USE OF YOUR COMPUTER SYSTEM OR OTHER DEVICE.
build	Forge APK (Verbose)	2026-02-24T01:18:09.1965636Z 
build	Forge APK (Verbose)	2026-02-24T01:18:09.1967043Z 10.3 GOOGLE FURTHER EXPRESSLY DISCLAIMS ALL WARRANTIES AND CONDITIONS OF ANY KIND, WHETHER EXPRESS OR IMPLIED, INCLUDING, BUT NOT LIMITED TO THE IMPLIED WARRANTIES AND CONDITIONS OF MERCHANTABILITY, FITNESS FOR A PARTICULAR PURPOSE AND NON-INFRINGEMENT.
build	Forge APK (Verbose)	2026-02-24T01:18:09.1968595Z 
build	Forge APK (Verbose)	2026-02-24T01:18:09.1968735Z 11. LIMITATION OF LIABILITY
build	Forge APK (Verbose)	2026-02-24T01:18:09.1968988Z 
build	Forge APK (Verbose)	2026-02-24T01:18:09.1971619Z 11.1 YOU EXPRESSLY UNDERSTAND AND AGREE THAT GOOGLE, ITS SUBSIDIARIES AND AFFILIATES, AND ITS LICENSORS SHALL NOT BE LIABLE TO YOU UNDER ANY THEORY OF LIABILITY FOR ANY DIRECT, INDIRECT, INCIDENTAL, SPECIAL, CONSEQUENTIAL OR EXEMPLARY DAMAGES THAT MAY BE INCURRED BY YOU, INCLUDING ANY LOSS OF DATA, WHETHER OR NOT GOOGLE OR ITS REPRESENTATIVES HAVE BEEN ADVISED OF OR SHOULD HAVE BEEN AWARE OF THE POSSIBILITY OF ANY SUCH LOSSES ARISING.
build	Forge APK (Verbose)	2026-02-24T01:18:09.1974300Z 
build	Forge APK (Verbose)	2026-02-24T01:18:09.1974431Z 12. Indemnification
build	Forge APK (Verbose)	2026-02-24T01:18:09.1974638Z 
build	Forge APK (Verbose)	2026-02-24T01:18:09.1979656Z 12.1 To the maximum extent permitted by law, you agree to defend, indemnify and hold harmless Google, its affiliates and their respective directors, officers, employees and agents from and against any and all claims, actions, suits or proceedings, as well as any and all losses, liabilities, damages, costs and expenses (including reasonable attorneys’ fees) arising out of or accruing from (a) your use of the Preview, (b) any application you develop on the Preview that infringes any Intellectual Property Rights of any person or defames any person or violates their rights of publicity or privacy, and (c) any non-compliance by you of the License Agreement.
build	Forge APK (Verbose)	2026-02-24T01:18:09.1983893Z 
build	Forge APK (Verbose)	2026-02-24T01:18:09.1984068Z 13. Changes to the License Agreement
build	Forge APK (Verbose)	2026-02-24T01:18:09.1984394Z 
build	Forge APK (Verbose)	2026-02-24T01:18:09.1985753Z 13.1 Google may make changes to the License Agreement as it distributes new versions of the Preview. When these changes are made, Google will make a new version of the License Agreement available on the website where the Preview is made available.
build	Forge APK (Verbose)	2026-02-24T01:18:09.1987319Z 
build	Forge APK (Verbose)	2026-02-24T01:18:09.1987452Z 14. General Legal Terms
build	Forge APK (Verbose)	2026-02-24T01:18:09.1987675Z 
build	Forge APK (Verbose)	2026-02-24T01:18:09.1989444Z 14.1 the License Agreement constitutes the whole legal agreement between you and Google and governs your use of the Preview (excluding any services which Google may provide to you under a separate written agreement), and completely replaces any prior agreements between you and Google in relation to the Preview.
build	Forge APK (Verbose)	2026-02-24T01:18:09.1991580Z 
build	Forge APK (Verbose)	2026-02-24T01:18:09.1993337Z 14.2 You agree that if Google does not exercise or enforce any legal right or remedy which is contained in the License Agreement (or which Google has the benefit of under any applicable law), this will not be taken to be a formal waiver of Google's rights and that those rights or remedies will still be available to Google.
build	Forge APK (Verbose)	2026-02-24T01:18:09.1995500Z 
build	Forge APK (Verbose)	2026-02-24T01:18:09.1997461Z 14.3 If any court of law, having the jurisdiction to decide on this matter, rules that any provision of the License Agreement is invalid, then that provision will be removed from the License Agreement without affecting the rest of the License Agreement. The remaining provisions of the License Agreement will continue to be valid and enforceable.
build	Forge APK (Verbose)	2026-02-24T01:18:09.1999576Z 
build	Forge APK (Verbose)	2026-02-24T01:18:09.2032162Z 14.4 You acknowledge and agree that each member of the group of companies of which Google is the parent shall be third party beneficiaries to the License Agreement and that such other companies shall be entitled to directly enforce, and rely upon, any provision of the License Agreement that confers a benefit on (or rights in favor of) them. Other than this, no other person or company shall be third party beneficiaries to the License Agreement.
build	Forge APK (Verbose)	2026-02-24T01:18:09.2035013Z 
build	Forge APK (Verbose)	2026-02-24T01:18:09.2036515Z 14.5 EXPORT RESTRICTIONS. THE PREVIEW IS SUBJECT TO UNITED STATES EXPORT LAWS AND REGULATIONS. YOU MUST COMPLY WITH ALL DOMESTIC AND INTERNATIONAL EXPORT LAWS AND REGULATIONS THAT APPLY TO THE PREVIEW. THESE LAWS INCLUDE RESTRICTIONS ON DESTINATIONS, END USERS AND END USE.
build	Forge APK (Verbose)	2026-02-24T01:18:09.2038137Z 
build	Forge APK (Verbose)	2026-02-24T01:18:09.2039833Z 14.6 The License Agreement may not be assigned or transferred by you without the prior written approval of Google, and any attempted assignment without such approval will be void. You shall not delegate your responsibilities or obligations under the License Agreement without the prior written approval of Google.
build	Forge APK (Verbose)	2026-02-24T01:18:09.2041799Z 
build	Forge APK (Verbose)	2026-02-24T01:18:09.2044758Z 14.7 The License Agreement, and your relationship with Google under the License Agreement, shall be governed by the laws of the State of California without regard to its conflict of laws provisions. You and Google agree to submit to the exclusive jurisdiction of the courts located within the county of Santa Clara, California to resolve any legal matter arising from the License Agreement. Notwithstanding this, you agree that Google shall still be allowed to apply for injunctive remedies (or an equivalent type of urgent legal relief) in any jurisdiction.
build	Forge APK (Verbose)	2026-02-24T01:18:09.2047898Z 
build	Forge APK (Verbose)	2026-02-24T01:18:09.2048004Z June 2014.
build	Forge APK (Verbose)	2026-02-24T01:18:09.2048270Z ---------------------------------------
build	Forge APK (Verbose)	2026-02-24T01:18:09.5415125Z Accept? (y/N): [===                                    ] 10% Installing Android SDK Build-Tools
build	Forge APK (Verbose)	2026-02-24T01:18:09.5978242Z [===                                    ] 10% Downloading build-tools_r37-rc1_li
build	Forge APK (Verbose)	2026-02-24T01:18:09.6359419Z [====                                   ] 10% Downloading build-tools_r37-rc1_li
build	Forge APK (Verbose)	2026-02-24T01:18:09.6863519Z [====                                   ] 11% Downloading build-tools_r37-rc1_li
build	Forge APK (Verbose)	2026-02-24T01:18:09.7309673Z [====                                   ] 12% Downloading build-tools_r37-rc1_li
build	Forge APK (Verbose)	2026-02-24T01:18:09.7484202Z [=====                                  ] 13% Downloading build-tools_r37-rc1_li
build	Forge APK (Verbose)	2026-02-24T01:18:09.7675227Z [=====                                  ] 14% Downloading build-tools_r37-rc1_li
build	Forge APK (Verbose)	2026-02-24T01:18:09.7854003Z [=====                                  ] 15% Downloading build-tools_r37-rc1_li
build	Forge APK (Verbose)	2026-02-24T01:18:09.7965024Z [======                                 ] 15% Downloading build-tools_r37-rc1_li
build	Forge APK (Verbose)	2026-02-24T01:18:09.8199169Z [======                                 ] 16% Downloading build-tools_r37-rc1_li
build	Forge APK (Verbose)	2026-02-24T01:18:09.8424492Z [======                                 ] 17% Downloading build-tools_r37-rc1_li
build	Forge APK (Verbose)	2026-02-24T01:18:09.8671062Z [=======                                ] 18% Downloading build-tools_r37-rc1_li
build	Forge APK (Verbose)	2026-02-24T01:18:09.9000870Z [=======                                ] 19% Downloading build-tools_r37-rc1_li
build	Forge APK (Verbose)	2026-02-24T01:18:09.9105833Z [=======                                ] 20% Downloading build-tools_r37-rc1_li
build	Forge APK (Verbose)	2026-02-24T01:18:09.9201673Z [========                               ] 20% Downloading build-tools_r37-rc1_li
build	Forge APK (Verbose)	2026-02-24T01:18:09.9484531Z [========                               ] 21% Downloading build-tools_r37-rc1_li
build	Forge APK (Verbose)	2026-02-24T01:18:09.9868326Z [========                               ] 22% Downloading build-tools_r37-rc1_li
build	Forge APK (Verbose)	2026-02-24T01:18:10.0211930Z [=========                              ] 23% Downloading build-tools_r37-rc1_li
build	Forge APK (Verbose)	2026-02-24T01:18:10.0442748Z [=========                              ] 24% Downloading build-tools_r37-rc1_li
build	Forge APK (Verbose)	2026-02-24T01:18:10.0523260Z [=========                              ] 25% Downloading build-tools_r37-rc1_li
build	Forge APK (Verbose)	2026-02-24T01:18:10.0723459Z [==========                             ] 25% Downloading build-tools_r37-rc1_li
build	Forge APK (Verbose)	2026-02-24T01:18:10.1146728Z [==========                             ] 26% Downloading build-tools_r37-rc1_li
build	Forge APK (Verbose)	2026-02-24T01:18:10.1336965Z [==========                             ] 27% Downloading build-tools_r37-rc1_li
build	Forge APK (Verbose)	2026-02-24T01:18:10.1552108Z [===========                            ] 28% Downloading build-tools_r37-rc1_li
build	Forge APK (Verbose)	2026-02-24T01:18:10.1807333Z [===========                            ] 29% Downloading build-tools_r37-rc1_li
build	Forge APK (Verbose)	2026-02-24T01:18:10.2103034Z [===========                            ] 30% Downloading build-tools_r37-rc1_li
build	Forge APK (Verbose)	2026-02-24T01:18:10.2288627Z [============                           ] 30% Downloading build-tools_r37-rc1_li
build	Forge APK (Verbose)	2026-02-24T01:18:10.2624961Z [============                           ] 31% Downloading build-tools_r37-rc1_li
build	Forge APK (Verbose)	2026-02-24T01:18:10.2828928Z [============                           ] 32% Downloading build-tools_r37-rc1_li
build	Forge APK (Verbose)	2026-02-24T01:18:10.2834110Z [============                           ] 33% Downloading build-tools_r37-rc1_li
build	Forge APK (Verbose)	2026-02-24T01:18:10.3297484Z [============                           ] 33% Unzipping...                      
build	Forge APK (Verbose)	2026-02-24T01:18:10.3311532Z [============                           ] 33% Unzipping... android-CinnamonBun/N
build	Forge APK (Verbose)	2026-02-24T01:18:10.3500936Z [=============                          ] 33% Unzipping... android-CinnamonBun/N
build	Forge APK (Verbose)	2026-02-24T01:18:10.4120371Z [=============                          ] 33% Unzipping... android-CinnamonBun/a
build	Forge APK (Verbose)	2026-02-24T01:18:10.4554442Z [=============                          ] 34% Unzipping... android-CinnamonBun/a
build	Forge APK (Verbose)	2026-02-24T01:18:10.4564180Z [=============                          ] 34% Unzipping... android-CinnamonBun/b
build	Forge APK (Verbose)	2026-02-24T01:18:10.4574588Z [=============                          ] 34% Unzipping... android-CinnamonBun/c
build	Forge APK (Verbose)	2026-02-24T01:18:10.4727643Z [=============                          ] 34% Unzipping... android-CinnamonBun/d
build	Forge APK (Verbose)	2026-02-24T01:18:10.4832389Z [=============                          ] 35% Unzipping... android-CinnamonBun/d
build	Forge APK (Verbose)	2026-02-24T01:18:10.4833409Z [=============                          ] 35% Unzipping... android-CinnamonBun/i
build	Forge APK (Verbose)	2026-02-24T01:18:10.4841687Z [=============                          ] 35% Unzipping... android-CinnamonBun/l
build	Forge APK (Verbose)	2026-02-24T01:18:10.5020683Z [==============                         ] 35% Unzipping... android-CinnamonBun/l
build	Forge APK (Verbose)	2026-02-24T01:18:10.5357558Z [==============                         ] 36% Unzipping... android-CinnamonBun/l
build	Forge APK (Verbose)	2026-02-24T01:18:10.5606851Z [==============                         ] 37% Unzipping... android-CinnamonBun/l
build	Forge APK (Verbose)	2026-02-24T01:18:10.5849232Z [===============                        ] 38% Unzipping... android-CinnamonBun/l
build	Forge APK (Verbose)	2026-02-24T01:18:10.6075907Z [===============                        ] 39% Unzipping... android-CinnamonBun/l
build	Forge APK (Verbose)	2026-02-24T01:18:10.6200031Z [===============                        ] 40% Unzipping... android-CinnamonBun/l
build	Forge APK (Verbose)	2026-02-24T01:18:10.6362795Z [================                       ] 40% Unzipping... android-CinnamonBun/l
build	Forge APK (Verbose)	2026-02-24T01:18:10.6757423Z [================                       ] 41% Unzipping... android-CinnamonBun/l
build	Forge APK (Verbose)	2026-02-24T01:18:10.7307254Z [================                       ] 42% Unzipping... android-CinnamonBun/l
build	Forge APK (Verbose)	2026-02-24T01:18:10.7748903Z [=================                      ] 43% Unzipping... android-CinnamonBun/l
build	Forge APK (Verbose)	2026-02-24T01:18:10.8174297Z [=================                      ] 44% Unzipping... android-CinnamonBun/l
build	Forge APK (Verbose)	2026-02-24T01:18:10.8348933Z [=================                      ] 45% Unzipping... android-CinnamonBun/l
build	Forge APK (Verbose)	2026-02-24T01:18:10.8563784Z [==================                     ] 45% Unzipping... android-CinnamonBun/l
build	Forge APK (Verbose)	2026-02-24T01:18:10.9049737Z [==================                     ] 46% Unzipping... android-CinnamonBun/l
build	Forge APK (Verbose)	2026-02-24T01:18:10.9481131Z [==================                     ] 47% Unzipping... android-CinnamonBun/l
build	Forge APK (Verbose)	2026-02-24T01:18:10.9720295Z [===================                    ] 48% Unzipping... android-CinnamonBun/l
build	Forge APK (Verbose)	2026-02-24T01:18:11.0167850Z [===================                    ] 49% Unzipping... android-CinnamonBun/l
build	Forge APK (Verbose)	2026-02-24T01:18:11.0430104Z [===================                    ] 50% Unzipping... android-CinnamonBun/l
build	Forge APK (Verbose)	2026-02-24T01:18:11.0673006Z [====================                   ] 50% Unzipping... android-CinnamonBun/l
build	Forge APK (Verbose)	2026-02-24T01:18:11.1169188Z [====================                   ] 51% Unzipping... android-CinnamonBun/l
build	Forge APK (Verbose)	2026-02-24T01:18:11.1392818Z [====================                   ] 52% Unzipping... android-CinnamonBun/l
build	Forge APK (Verbose)	2026-02-24T01:18:11.1395324Z [====================                   ] 52% Unzipping... android-CinnamonBun/m
build	Forge APK (Verbose)	2026-02-24T01:18:11.2077575Z [====================                   ] 52% Unzipping... android-CinnamonBun/r
build	Forge APK (Verbose)	2026-02-24T01:18:11.2575811Z [=====================                  ] 53% Unzipping... android-CinnamonBun/r
build	Forge APK (Verbose)	2026-02-24T01:18:11.3084551Z [=====================                  ] 54% Unzipping... android-CinnamonBun/r
build	Forge APK (Verbose)	2026-02-24T01:18:11.3180255Z [=====================                  ] 55% Unzipping... android-CinnamonBun/r
build	Forge APK (Verbose)	2026-02-24T01:18:11.3300190Z [=====================                  ] 55% Unzipping... android-CinnamonBun/s
build	Forge APK (Verbose)	2026-02-24T01:18:11.3303125Z [=====================                  ] 55% Unzipping... android-CinnamonBun/x
build	Forge APK (Verbose)	2026-02-24T01:18:11.3466928Z [=====================                  ] 55% Unzipping... android-CinnamonBun/z
build	Forge APK (Verbose)	2026-02-24T01:18:11.4300498Z [=======================================] 100% Unzipping... android-CinnamonBun/
build	Forge APK (Verbose)	2026-02-24T01:18:11.4543808Z [0m[1;30m# Check that aidl can be executed[0m
build	Forge APK (Verbose)	2026-02-24T01:18:11.4544399Z [0m[1;30m# Search for Aidl[0m
build	Forge APK (Verbose)	2026-02-24T01:18:11.4545002Z [0m[1;30m# Run '/home/runner/.buildozer/android/platform/android-sdk/build-tools/37.0.0-rc1/aidl'[0m
build	Forge APK (Verbose)	2026-02-24T01:18:11.4545915Z [0m[1;30m# Cwd None[0m
build	Forge APK (Verbose)	2026-02-24T01:18:11.9007827Z [0m[1;34m# Downloading platform api target if necessary[0m
build	Forge APK (Verbose)	2026-02-24T01:18:11.9014772Z [0m[1;30m# Run ['/home/runner/.buildozer/android/platform/android-sdk/tools/bin/sdkmanager', '--sdk_root=/home/runner/.buildozer/android/platform/android-sdk', 'platforms;android-35'][0m
build	Forge APK (Verbose)	2026-02-24T01:18:11.9016450Z [0m[1;30m# Cwd /home/runner/.buildozer/android/platform/android-sdk[0m
build	Forge APK (Verbose)	2026-02-24T01:18:11.9028071Z Loading package information...                                                  
build	Forge APK (Verbose)	2026-02-24T01:18:11.9362037Z Loading local repository...                                                     
build	Forge APK (Verbose)	2026-02-24T01:18:11.9366867Z [                                       ] 3% Loading local repository...        
build	Forge APK (Verbose)	2026-02-24T01:18:11.9397320Z [                                       ] 3% Fetch remote repository...         
build	Forge APK (Verbose)	2026-02-24T01:18:12.1771475Z [=                                      ] 3% Fetch remote repository...         
build	Forge APK (Verbose)	2026-02-24T01:18:12.2227252Z [=                                      ] 4% Fetch remote repository...         
build	Forge APK (Verbose)	2026-02-24T01:18:12.2458615Z [=                                      ] 5% Fetch remote repository...         
build	Forge APK (Verbose)	2026-02-24T01:18:12.2691369Z [==                                     ] 5% Fetch remote repository...         
build	Forge APK (Verbose)	2026-02-24T01:18:12.3211412Z [==                                     ] 6% Fetch remote repository...         
build	Forge APK (Verbose)	2026-02-24T01:18:12.3566284Z [==                                     ] 7% Fetch remote repository...         
build	Forge APK (Verbose)	2026-02-24T01:18:12.3593572Z [===                                    ] 8% Fetch remote repository...         
build	Forge APK (Verbose)	2026-02-24T01:18:12.3733031Z [===                                    ] 8% Computing updates...               
build	Forge APK (Verbose)	2026-02-24T01:18:12.3869928Z [===                                    ] 10% Computing updates...              
build	Forge APK (Verbose)	2026-02-24T01:18:12.6985028Z [===                                    ] 10% Installing Android SDK Platform 35
build	Forge APK (Verbose)	2026-02-24T01:18:12.7604476Z [===                                    ] 10% Downloading platform-35_r02.zip...
build	Forge APK (Verbose)	2026-02-24T01:18:12.8055226Z [====                                   ] 10% Downloading platform-35_r02.zip...
build	Forge APK (Verbose)	2026-02-24T01:18:12.8566589Z [====                                   ] 11% Downloading platform-35_r02.zip...
build	Forge APK (Verbose)	2026-02-24T01:18:12.9018202Z [====                                   ] 12% Downloading platform-35_r02.zip...
build	Forge APK (Verbose)	2026-02-24T01:18:12.9216258Z [=====                                  ] 13% Downloading platform-35_r02.zip...
build	Forge APK (Verbose)	2026-02-24T01:18:12.9415150Z [=====                                  ] 14% Downloading platform-35_r02.zip...
build	Forge APK (Verbose)	2026-02-24T01:18:12.9565034Z [=====                                  ] 15% Downloading platform-35_r02.zip...
build	Forge APK (Verbose)	2026-02-24T01:18:12.9662541Z [======                                 ] 15% Downloading platform-35_r02.zip...
build	Forge APK (Verbose)	2026-02-24T01:18:12.9861199Z [======                                 ] 16% Downloading platform-35_r02.zip...
build	Forge APK (Verbose)	2026-02-24T01:18:13.0094482Z [======                                 ] 17% Downloading platform-35_r02.zip...
build	Forge APK (Verbose)	2026-02-24T01:18:13.0265721Z [=======                                ] 18% Downloading platform-35_r02.zip...
build	Forge APK (Verbose)	2026-02-24T01:18:13.0495160Z [=======                                ] 19% Downloading platform-35_r02.zip...
build	Forge APK (Verbose)	2026-02-24T01:18:13.0577177Z [=======                                ] 20% Downloading platform-35_r02.zip...
build	Forge APK (Verbose)	2026-02-24T01:18:13.0656938Z [========                               ] 20% Downloading platform-35_r02.zip...
build	Forge APK (Verbose)	2026-02-24T01:18:13.0924204Z [========                               ] 21% Downloading platform-35_r02.zip...
build	Forge APK (Verbose)	2026-02-24T01:18:13.1149698Z [========                               ] 22% Downloading platform-35_r02.zip...
build	Forge APK (Verbose)	2026-02-24T01:18:13.1380283Z [=========                              ] 23% Downloading platform-35_r02.zip...
build	Forge APK (Verbose)	2026-02-24T01:18:13.1644577Z [=========                              ] 24% Downloading platform-35_r02.zip...
build	Forge APK (Verbose)	2026-02-24T01:18:13.1746303Z [=========                              ] 25% Downloading platform-35_r02.zip...
build	Forge APK (Verbose)	2026-02-24T01:18:13.1827409Z [==========                             ] 25% Downloading platform-35_r02.zip...
build	Forge APK (Verbose)	2026-02-24T01:18:13.2043150Z [==========                             ] 26% Downloading platform-35_r02.zip...
build	Forge APK (Verbose)	2026-02-24T01:18:13.2285018Z [==========                             ] 27% Downloading platform-35_r02.zip...
build	Forge APK (Verbose)	2026-02-24T01:18:13.2385301Z [===========                            ] 28% Downloading platform-35_r02.zip...
build	Forge APK (Verbose)	2026-02-24T01:18:13.2484035Z [===========                            ] 29% Downloading platform-35_r02.zip...
build	Forge APK (Verbose)	2026-02-24T01:18:13.2637636Z [===========                            ] 30% Downloading platform-35_r02.zip...
build	Forge APK (Verbose)	2026-02-24T01:18:13.2792289Z [============                           ] 30% Downloading platform-35_r02.zip...
build	Forge APK (Verbose)	2026-02-24T01:18:13.2978464Z [============                           ] 31% Downloading platform-35_r02.zip...
build	Forge APK (Verbose)	2026-02-24T01:18:13.3138441Z [============                           ] 32% Downloading platform-35_r02.zip...
build	Forge APK (Verbose)	2026-02-24T01:18:13.3143441Z [============                           ] 33% Downloading platform-35_r02.zip...
build	Forge APK (Verbose)	2026-02-24T01:18:13.5413638Z [============                           ] 33% Unzipping...                      
build	Forge APK (Verbose)	2026-02-24T01:18:13.5464053Z [============                           ] 33% Unzipping... android-35/android-st
build	Forge APK (Verbose)	2026-02-24T01:18:13.5852937Z [=============                          ] 33% Unzipping... android-35/android-st
build	Forge APK (Verbose)	2026-02-24T01:18:13.6175904Z [=============                          ] 34% Unzipping... android-35/android-st
build	Forge APK (Verbose)	2026-02-24T01:18:13.6328539Z [=============                          ] 35% Unzipping... android-35/android-st
build	Forge APK (Verbose)	2026-02-24T01:18:13.6381367Z [==============                         ] 35% Unzipping... android-35/android-st
build	Forge APK (Verbose)	2026-02-24T01:18:13.6532338Z [==============                         ] 35% Unzipping... android-35/android.ja
build	Forge APK (Verbose)	2026-02-24T01:18:13.6791237Z [==============                         ] 36% Unzipping... android-35/android.ja
build	Forge APK (Verbose)	2026-02-24T01:18:13.6993618Z [==============                         ] 37% Unzipping... android-35/android.ja
build	Forge APK (Verbose)	2026-02-24T01:18:13.7173480Z [===============                        ] 38% Unzipping... android-35/android.ja
build	Forge APK (Verbose)	2026-02-24T01:18:13.7364684Z [===============                        ] 39% Unzipping... android-35/android.ja
build	Forge APK (Verbose)	2026-02-24T01:18:13.7467838Z [===============                        ] 40% Unzipping... android-35/android.ja
build	Forge APK (Verbose)	2026-02-24T01:18:13.7561692Z [================                       ] 40% Unzipping... android-35/android.ja
build	Forge APK (Verbose)	2026-02-24T01:18:13.7675726Z [================                       ] 41% Unzipping... android-35/android.ja
build	Forge APK (Verbose)	2026-02-24T01:18:13.7813566Z [================                       ] 42% Unzipping... android-35/android.ja
build	Forge APK (Verbose)	2026-02-24T01:18:13.7985079Z [=================                      ] 43% Unzipping... android-35/android.ja
build	Forge APK (Verbose)	2026-02-24T01:18:13.8068153Z [=================                      ] 44% Unzipping... android-35/android.ja
build	Forge APK (Verbose)	2026-02-24T01:18:13.8074717Z [=================                      ] 44% Unzipping... android-35/build.prop
build	Forge APK (Verbose)	2026-02-24T01:18:13.8199665Z [=================                      ] 44% Unzipping... android-35/core-for-s
build	Forge APK (Verbose)	2026-02-24T01:18:13.8207591Z [=================                      ] 44% Unzipping... android-35/framework.
build	Forge APK (Verbose)	2026-02-24T01:18:13.8211648Z [=================                      ] 44% Unzipping... android-35/sdk.proper
build	Forge APK (Verbose)	2026-02-24T01:18:13.8215984Z [=================                      ] 44% Unzipping... android-35/source.pro
build	Forge APK (Verbose)	2026-02-24T01:18:13.8220882Z [=================                      ] 44% Unzipping... android-35/uiautomato
build	Forge APK (Verbose)	2026-02-24T01:18:13.8274785Z [=================                      ] 44% Unzipping... android-35/data/NOTIC
build	Forge APK (Verbose)	2026-02-24T01:18:13.8279766Z [=================                      ] 44% Unzipping... android-35/data/activ
build	Forge APK (Verbose)	2026-02-24T01:18:13.8299704Z [=================                      ] 44% Unzipping... android-35/data/annot
build	Forge APK (Verbose)	2026-02-24T01:18:13.8324994Z [=================                      ] 44% Unzipping... android-35/data/api-v
build	Forge APK (Verbose)	2026-02-24T01:18:13.8490744Z [=================                      ] 45% Unzipping... android-35/data/api-v
build	Forge APK (Verbose)	2026-02-24T01:18:13.8494480Z [=================                      ] 45% Unzipping... android-35/data/broad
build	Forge APK (Verbose)	2026-02-24T01:18:13.8497586Z [=================                      ] 45% Unzipping... android-35/data/categ
build	Forge APK (Verbose)	2026-02-24T01:18:13.8500791Z [=================                      ] 45% Unzipping... android-35/data/featu
build	Forge APK (Verbose)	2026-02-24T01:18:13.8504142Z [=================                      ] 45% Unzipping... android-35/data/servi
build	Forge APK (Verbose)	2026-02-24T01:18:13.8508110Z [=================                      ] 45% Unzipping... android-35/data/widge
build	Forge APK (Verbose)	2026-02-24T01:18:13.9304070Z [=================                      ] 45% Unzipping... android-35/data/res/a
build	Forge APK (Verbose)	2026-02-24T01:18:13.9604558Z [=================                      ] 45% Unzipping... android-35/data/res/c
build	Forge APK (Verbose)	2026-02-24T01:18:14.1758063Z [=================                      ] 45% Unzipping... android-35/data/res/d
build	Forge APK (Verbose)	2026-02-24T01:18:14.4237491Z [==================                     ] 45% Unzipping... android-35/data/res/d
build	Forge APK (Verbose)	2026-02-24T01:18:14.7400394Z [==================                     ] 46% Unzipping... android-35/data/res/d
build	Forge APK (Verbose)	2026-02-24T01:18:14.7458347Z [==================                     ] 47% Unzipping... android-35/data/res/d
build	Forge APK (Verbose)	2026-02-24T01:18:14.7489860Z [===================                    ] 48% Unzipping... android-35/data/res/d
build	Forge APK (Verbose)	2026-02-24T01:18:14.9427734Z [===================                    ] 49% Unzipping... android-35/data/res/d
build	Forge APK (Verbose)	2026-02-24T01:18:15.1117625Z [===================                    ] 50% Unzipping... android-35/data/res/d
build	Forge APK (Verbose)	2026-02-24T01:18:15.1274182Z [====================                   ] 50% Unzipping... android-35/data/res/d
build	Forge APK (Verbose)	2026-02-24T01:18:15.1366506Z [====================                   ] 50% Unzipping... android-35/data/res/i
build	Forge APK (Verbose)	2026-02-24T01:18:15.1993861Z [====================                   ] 50% Unzipping... android-35/data/res/l
build	Forge APK (Verbose)	2026-02-24T01:18:15.2026129Z [====================                   ] 50% Unzipping... android-35/data/res/m
build	Forge APK (Verbose)	2026-02-24T01:18:15.2110688Z [====================                   ] 50% Unzipping... android-35/data/res/r
build	Forge APK (Verbose)	2026-02-24T01:18:15.2125215Z [====================                   ] 50% Unzipping... android-35/data/res/t
build	Forge APK (Verbose)	2026-02-24T01:18:15.2423679Z [====================                   ] 50% Unzipping... android-35/data/res/v
build	Forge APK (Verbose)	2026-02-24T01:18:15.3299985Z [====================                   ] 51% Unzipping... android-35/data/res/v
build	Forge APK (Verbose)	2026-02-24T01:18:15.7952803Z [====================                   ] 52% Unzipping... android-35/data/res/v
build	Forge APK (Verbose)	2026-02-24T01:18:15.8937949Z [=====================                  ] 53% Unzipping... android-35/data/res/v
build	Forge APK (Verbose)	2026-02-24T01:18:15.9129427Z [=====================                  ] 54% Unzipping... android-35/data/res/v
build	Forge APK (Verbose)	2026-02-24T01:18:15.9186512Z [=====================                  ] 54% Unzipping... android-35/data/res/x
build	Forge APK (Verbose)	2026-02-24T01:18:15.9201576Z [=====================                  ] 54% Unzipping... android-35/optional/a
build	Forge APK (Verbose)	2026-02-24T01:18:15.9225372Z [=====================                  ] 54% Unzipping... android-35/optional/o
build	Forge APK (Verbose)	2026-02-24T01:18:15.9246140Z [=====================                  ] 54% Unzipping... android-35/optional/l
build	Forge APK (Verbose)	2026-02-24T01:18:15.9284933Z [=====================                  ] 54% Unzipping... android-35/skins/NOTI
build	Forge APK (Verbose)	2026-02-24T01:18:15.9307241Z [=====================                  ] 54% Unzipping... android-35/skins/HVGA
build	Forge APK (Verbose)	2026-02-24T01:18:15.9329409Z [=====================                  ] 54% Unzipping... android-35/skins/QVGA
build	Forge APK (Verbose)	2026-02-24T01:18:15.9380255Z [=====================                  ] 54% Unzipping... android-35/skins/WQVG
build	Forge APK (Verbose)	2026-02-24T01:18:15.9402908Z [=====================                  ] 54% Unzipping... android-35/skins/WSVG
build	Forge APK (Verbose)	2026-02-24T01:18:15.9450331Z [=====================                  ] 54% Unzipping... android-35/skins/WVGA
build	Forge APK (Verbose)	2026-02-24T01:18:15.9515218Z [=====================                  ] 54% Unzipping... android-35/skins/WXGA
build	Forge APK (Verbose)	2026-02-24T01:18:15.9566797Z [=====================                  ] 54% Unzipping... android-35/templates/
build	Forge APK (Verbose)	2026-02-24T01:18:15.9708773Z [=====================                  ] 55% Unzipping... android-35/templates/
build	Forge APK (Verbose)	2026-02-24T01:18:16.0435209Z [=======================================] 100% Unzipping... android-35/templates
build	Forge APK (Verbose)	2026-02-24T01:18:16.1398663Z [WARNING]: prerequisites.py is experimental and does not support all prerequisites yet.
build	Forge APK (Verbose)	2026-02-24T01:18:16.1400104Z [0m[1;34m# Android packages installation done.[0m
build	Forge APK (Verbose)	2026-02-24T01:18:16.1401249Z [WARNING]: Please report any issues to the python-for-android issue tracker.
build	Forge APK (Verbose)	2026-02-24T01:18:16.1403951Z [0m[1;30m# Run ['/opt/hostedtoolcache/Python/3.11.14/x64/bin/python', '-m', 'pythonforandroid.toolchain', 'aab', '-h', '--color=always', '--storage-dir=/home/runner/work/APEXYX_ORI_AI/APEXYX_ORI_AI/.buildozer/android/platform/build-arm64-v8a', '--ndk-api=26', '--ignore-setup-py', '--debug'][0m
build	Forge APK (Verbose)	2026-02-24T01:18:16.1405857Z [0m[1;30m# Cwd /home/runner/work/APEXYX_ORI_AI/APEXYX_ORI_AI/.buildozer/android/platform/python-for-android[0m
build	Forge APK (Verbose)	2026-02-24T01:18:16.2380010Z [WARNING]: prerequisites.py is experimental and does not support all prerequisites yet.
build	Forge APK (Verbose)	2026-02-24T01:18:16.2381558Z [WARNING]: Please report any issues to the python-for-android issue tracker.
build	Forge APK (Verbose)	2026-02-24T01:18:16.2466433Z usage: toolchain.py aab [-h] [--debug] [--color {always,never,auto}]
build	Forge APK (Verbose)	2026-02-24T01:18:16.2467773Z                         [--sdk-dir SDK_DIR] [--ndk-dir NDK_DIR]
build	Forge APK (Verbose)	2026-02-24T01:18:16.2468745Z                         [--android-api ANDROID_API]
build	Forge APK (Verbose)	2026-02-24T01:18:16.2469765Z                         [--ndk-version NDK_VERSION] [--ndk-api NDK_API]
build	Forge APK (Verbose)	2026-02-24T01:18:16.2471026Z                         [--symlink-bootstrap-files]
build	Forge APK (Verbose)	2026-02-24T01:18:16.2471683Z                         [--storage-dir STORAGE_DIR] [--arch ARCH]
build	Forge APK (Verbose)	2026-02-24T01:18:16.2472678Z                         [--dist-name DIST_NAME] [--requirements REQUIREMENTS]
build	Forge APK (Verbose)	2026-02-24T01:18:16.2473385Z                         [--recipe-blacklist RECIPE_BLACKLIST]
build	Forge APK (Verbose)	2026-02-24T01:18:16.2473982Z                         [--blacklist-requirements BLACKLIST_REQUIREMENTS]
build	Forge APK (Verbose)	2026-02-24T01:18:16.2474525Z                         [--bootstrap BOOTSTRAP] [--hook HOOK] [--force-build]
build	Forge APK (Verbose)	2026-02-24T01:18:16.2475051Z                         [--no-force-build] [--require-perfect-match]
build	Forge APK (Verbose)	2026-02-24T01:18:16.2475579Z                         [--no-require-perfect-match] [--allow-replace-dist]
build	Forge APK (Verbose)	2026-02-24T01:18:16.2476053Z                         [--no-allow-replace-dist]
build	Forge APK (Verbose)	2026-02-24T01:18:16.2476461Z                         [--local-recipes LOCAL_RECIPES]
build	Forge APK (Verbose)	2026-02-24T01:18:16.2476900Z                         [--activity-class-name ACTIVITY_CLASS_NAME]
build	Forge APK (Verbose)	2026-02-24T01:18:16.2477524Z                         [--service-class-name SERVICE_CLASS_NAME]
build	Forge APK (Verbose)	2026-02-24T01:18:16.2478013Z                         [--java-build-tool {auto,ant,gradle}] [--copy-libs]
build	Forge APK (Verbose)	2026-02-24T01:18:16.2478504Z                         [--no-copy-libs] [--add-asset ASSETS]
build	Forge APK (Verbose)	2026-02-24T01:18:16.2478965Z                         [--add-resource RESOURCES] [--private PRIVATE]
build	Forge APK (Verbose)	2026-02-24T01:18:16.2479466Z                         [--use-setup-py] [--ignore-setup-py] [--release]
build	Forge APK (Verbose)	2026-02-24T01:18:16.2479961Z                         [--with-debug-symbols] [--keystore KEYSTORE]
build	Forge APK (Verbose)	2026-02-24T01:18:16.2480435Z                         [--signkey SIGNKEY] [--keystorepw KEYSTOREPW]
build	Forge APK (Verbose)	2026-02-24T01:18:16.2481019Z                         [--signkeypw SIGNKEYPW]
build	Forge APK (Verbose)	2026-02-24T01:18:16.2481275Z 
build	Forge APK (Verbose)	2026-02-24T01:18:16.2481372Z options:
build	Forge APK (Verbose)	2026-02-24T01:18:16.2481681Z   -h, --help            show this help message and exit
build	Forge APK (Verbose)	2026-02-24T01:18:16.2482177Z   --debug               Display debug output and all build info
build	Forge APK (Verbose)	2026-02-24T01:18:16.2482629Z   --color {always,never,auto}
build	Forge APK (Verbose)	2026-02-24T01:18:16.2483038Z                         Enable or disable color output (default enabled on
build	Forge APK (Verbose)	2026-02-24T01:18:16.2483472Z                         tty)
build	Forge APK (Verbose)	2026-02-24T01:18:16.2483779Z   --sdk-dir SDK_DIR, --sdk_dir SDK_DIR
build	Forge APK (Verbose)	2026-02-24T01:18:16.2484181Z                         The filepath where the Android SDK is installed
build	Forge APK (Verbose)	2026-02-24T01:18:16.2484536Z   --ndk-dir NDK_DIR, --ndk_dir NDK_DIR
build	Forge APK (Verbose)	2026-02-24T01:18:16.2484852Z                         The filepath where the Android NDK is installed
build	Forge APK (Verbose)	2026-02-24T01:18:16.2485237Z   --android-api ANDROID_API, --android_api ANDROID_API
build	Forge APK (Verbose)	2026-02-24T01:18:16.2485633Z                         The Android API level to build against defaults to 33
build	Forge APK (Verbose)	2026-02-24T01:18:16.2485988Z                         if not specified.
build	Forge APK (Verbose)	2026-02-24T01:18:16.2486301Z   --ndk-version NDK_VERSION, --ndk_version NDK_VERSION
build	Forge APK (Verbose)	2026-02-24T01:18:16.2486691Z                         DEPRECATED: the NDK version is now found automatically
build	Forge APK (Verbose)	2026-02-24T01:18:16.2487055Z                         or not at all.
build	Forge APK (Verbose)	2026-02-24T01:18:16.2487417Z   --ndk-api NDK_API     The Android API level to compile against. This should
build	Forge APK (Verbose)	2026-02-24T01:18:16.2487887Z                         be your *minimal supported* API, not normally the same
build	Forge APK (Verbose)	2026-02-24T01:18:16.2488303Z                         as your --android-api. Defaults to min(ANDROID_API,
build	Forge APK (Verbose)	2026-02-24T01:18:16.2488693Z                         21) if not specified.
build	Forge APK (Verbose)	2026-02-24T01:18:16.2489030Z   --symlink-bootstrap-files, --ssymlink_bootstrap_files
build	Forge APK (Verbose)	2026-02-24T01:18:16.2489420Z                         If True, symlinks the bootstrap files creation. This
build	Forge APK (Verbose)	2026-02-24T01:18:16.2489835Z                         is useful for development only, it could also cause
build	Forge APK (Verbose)	2026-02-24T01:18:16.2490180Z                         weird problems.
build	Forge APK (Verbose)	2026-02-24T01:18:16.2490438Z   --storage-dir STORAGE_DIR
build	Forge APK (Verbose)	2026-02-24T01:18:16.2490870Z                         Primary storage directory for downloads and builds
build	Forge APK (Verbose)	2026-02-24T01:18:16.2491268Z                         (default: /home/runner/.local/share/python-for-
build	Forge APK (Verbose)	2026-02-24T01:18:16.2491599Z                         android)
build	Forge APK (Verbose)	2026-02-24T01:18:16.2491854Z   --arch ARCH           The archs to build for.
build	Forge APK (Verbose)	2026-02-24T01:18:16.2492296Z   --dist-name DIST_NAME, --dist_name DIST_NAME
build	Forge APK (Verbose)	2026-02-24T01:18:16.2492634Z                         The name of the distribution to use or create
build	Forge APK (Verbose)	2026-02-24T01:18:16.2492970Z   --requirements REQUIREMENTS
build	Forge APK (Verbose)	2026-02-24T01:18:16.2493281Z                         Dependencies of your app, should be recipe names or
build	Forge APK (Verbose)	2026-02-24T01:18:16.2493704Z                         Python modules. NOT NECESSARY if you are using Python
build	Forge APK (Verbose)	2026-02-24T01:18:16.2494067Z                         3 with --use-setup-py
build	Forge APK (Verbose)	2026-02-24T01:18:16.2494337Z   --recipe-blacklist RECIPE_BLACKLIST
build	Forge APK (Verbose)	2026-02-24T01:18:16.2494630Z                         Blacklist an internal recipe from use. Allows
build	Forge APK (Verbose)	2026-02-24T01:18:16.2494959Z                         disabling Python 3 core modules to save size
build	Forge APK (Verbose)	2026-02-24T01:18:16.2495304Z   --blacklist-requirements BLACKLIST_REQUIREMENTS
build	Forge APK (Verbose)	2026-02-24T01:18:16.2495744Z                         Blacklist an internal recipe from use. Allows
build	Forge APK (Verbose)	2026-02-24T01:18:16.2496068Z                         disabling Python 3 core modules to save size
build	Forge APK (Verbose)	2026-02-24T01:18:16.2496355Z   --bootstrap BOOTSTRAP
build	Forge APK (Verbose)	2026-02-24T01:18:16.2496610Z                         The bootstrap to build with. Leave unset to choose
build	Forge APK (Verbose)	2026-02-24T01:18:16.2496913Z                         automatically.
build	Forge APK (Verbose)	2026-02-24T01:18:16.2497227Z   --hook HOOK           Filename to a module that contains python-for-android
build	Forge APK (Verbose)	2026-02-24T01:18:16.2497552Z                         hooks
build	Forge APK (Verbose)	2026-02-24T01:18:16.2497831Z   --local-recipes LOCAL_RECIPES, --local_recipes LOCAL_RECIPES
build	Forge APK (Verbose)	2026-02-24T01:18:16.2498165Z                         Directory to look for local recipes
build	Forge APK (Verbose)	2026-02-24T01:18:16.2498452Z   --activity-class-name ACTIVITY_CLASS_NAME
build	Forge APK (Verbose)	2026-02-24T01:18:16.2498756Z                         The full java class name of the main activity
build	Forge APK (Verbose)	2026-02-24T01:18:16.2499060Z   --service-class-name SERVICE_CLASS_NAME
build	Forge APK (Verbose)	2026-02-24T01:18:16.2499366Z                         Full java package name of the PythonService class
build	Forge APK (Verbose)	2026-02-24T01:18:16.2499677Z   --java-build-tool {auto,ant,gradle}
build	Forge APK (Verbose)	2026-02-24T01:18:16.2499971Z                         The java build tool to use when packaging the APK,
build	Forge APK (Verbose)	2026-02-24T01:18:16.2500320Z                         defaults to automatically selecting an appropriate
build	Forge APK (Verbose)	2026-02-24T01:18:16.2500758Z                         tool.
build	Forge APK (Verbose)	2026-02-24T01:18:16.2501034Z   --add-asset ASSETS    Put this in the assets folder in the apk.
build	Forge APK (Verbose)	2026-02-24T01:18:16.2501351Z   --add-resource RESOURCES
build	Forge APK (Verbose)	2026-02-24T01:18:16.2501586Z                         Put this in the res folder in the apk.
build	Forge APK (Verbose)	2026-02-24T01:18:16.2501938Z   --private PRIVATE     the directory with the app source code files
build	Forge APK (Verbose)	2026-02-24T01:18:16.2502287Z                         (containing your main.py entrypoint)
build	Forge APK (Verbose)	2026-02-24T01:18:16.2502638Z   --use-setup-py        Process the setup.py of a project if present.
build	Forge APK (Verbose)	2026-02-24T01:18:16.2502963Z                         (Experimental!
build	Forge APK (Verbose)	2026-02-24T01:18:16.2503294Z   --ignore-setup-py     Don't run the setup.py of a project if present. This
build	Forge APK (Verbose)	2026-02-24T01:18:16.2503705Z                         may be required if the setup.py is not designed to
build	Forge APK (Verbose)	2026-02-24T01:18:16.2504061Z                         work inside p4a (e.g. by installing dependencies that
build	Forge APK (Verbose)	2026-02-24T01:18:16.2504398Z                         won't work or aren't desired on Android
build	Forge APK (Verbose)	2026-02-24T01:18:16.2504758Z   --release             Build your app as a non-debug release build. (Disables
build	Forge APK (Verbose)	2026-02-24T01:18:16.2505114Z                         gdb debugging among other things)
build	Forge APK (Verbose)	2026-02-24T01:18:16.2505458Z   --with-debug-symbols  Will keep debug symbols from `.so` files.
build	Forge APK (Verbose)	2026-02-24T01:18:16.2505870Z   --keystore KEYSTORE   Keystore for JAR signing key, will use jarsigner
build	Forge APK (Verbose)	2026-02-24T01:18:16.2506251Z                         default if not specified (release build only)
build	Forge APK (Verbose)	2026-02-24T01:18:16.2506620Z   --signkey SIGNKEY     Key alias to sign PARSER_APK. with (release build
build	Forge APK (Verbose)	2026-02-24T01:18:16.2506952Z                         only)
build	Forge APK (Verbose)	2026-02-24T01:18:16.2507160Z   --keystorepw KEYSTOREPW
build	Forge APK (Verbose)	2026-02-24T01:18:16.2507371Z                         Password for keystore
build	Forge APK (Verbose)	2026-02-24T01:18:16.2507754Z   --signkeypw SIGNKEYPW
build	Forge APK (Verbose)	2026-02-24T01:18:16.2507962Z                         Password for key alias
build	Forge APK (Verbose)	2026-02-24T01:18:16.2508129Z 
build	Forge APK (Verbose)	2026-02-24T01:18:16.2508254Z   Whether to force compilation of a new distribution
build	Forge APK (Verbose)	2026-02-24T01:18:16.2508454Z 
build	Forge APK (Verbose)	2026-02-24T01:18:16.2508521Z   --force-build
build	Forge APK (Verbose)	2026-02-24T01:18:16.2508722Z   --no-force-build      (this is the default)
build	Forge APK (Verbose)	2026-02-24T01:18:16.2508980Z   --require-perfect-match
build	Forge APK (Verbose)	2026-02-24T01:18:16.2509196Z   --no-require-perfect-match
build	Forge APK (Verbose)	2026-02-24T01:18:16.2509419Z                         (this is the default)
build	Forge APK (Verbose)	2026-02-24T01:18:16.2509672Z   --allow-replace-dist  (this is the default)
build	Forge APK (Verbose)	2026-02-24T01:18:16.2509922Z   --no-allow-replace-dist
build	Forge APK (Verbose)	2026-02-24T01:18:16.2510107Z   --copy-libs
build	Forge APK (Verbose)	2026-02-24T01:18:16.2510291Z   --no-copy-libs        (this is the default)
build	Forge APK (Verbose)	2026-02-24T01:18:16.3219877Z [WARNING]: prerequisites.py is experimental and does not support all prerequisites yet.
build	Forge APK (Verbose)	2026-02-24T01:18:16.3221332Z [0m[1;34m# Check application requirements[0m
build	Forge APK (Verbose)	2026-02-24T01:18:16.3221939Z [0m[1;34m# Compile platform[0m
build	Forge APK (Verbose)	2026-02-24T01:18:16.3225076Z [0m[1;30m# Run ['/opt/hostedtoolcache/Python/3.11.14/x64/bin/python', '-m', 'pythonforandroid.toolchain', 'create', '--dist_name=reech_sovereign_v80', '--bootstrap=webview', '--requirements=python3,hostpython3', '--arch=arm64-v8a', '--copy-libs', '--color=always', '--storage-dir=/home/runner/work/APEXYX_ORI_AI/APEXYX_ORI_AI/.buildozer/android/platform/build-arm64-v8a', '--ndk-api=26', '--ignore-setup-py', '--debug'][0m
build	Forge APK (Verbose)	2026-02-24T01:18:16.3228506Z [0m[1;30m# Cwd /home/runner/work/APEXYX_ORI_AI/APEXYX_ORI_AI/.buildozer/android/platform/python-for-android[0m
build	Forge APK (Verbose)	2026-02-24T01:18:16.3230302Z [WARNING]: Please report any issues to the python-for-android issue tracker.
build	Forge APK (Verbose)	2026-02-24T01:18:16.3782461Z [WARNING]: prerequisites.py is experimental and does not support all prerequisites yet.
build	Forge APK (Verbose)	2026-02-24T01:18:16.3783944Z [WARNING]: Please report any issues to the python-for-android issue tracker.
build	Forge APK (Verbose)	2026-02-24T01:18:16.3854439Z [1m[INFO][0m:    Will compile for the following archs: arm64-v8a
build	Forge APK (Verbose)	2026-02-24T01:18:16.3856128Z [1m[90m[DEBUG][39m[0m:   Create directory /home/runner/work/APEXYX_ORI_AI/APEXYX_ORI_AI/.buildozer/android/platform/build-arm64-v8a
build	Forge APK (Verbose)	2026-02-24T01:18:16.3858362Z [1m[90m[DEBUG][39m[0m:   Create directory /home/runner/work/APEXYX_ORI_AI/APEXYX_ORI_AI/.buildozer/android/platform/build-arm64-v8a/build
build	Forge APK (Verbose)	2026-02-24T01:18:16.3860846Z [1m[90m[DEBUG][39m[0m:   Create directory /home/runner/work/APEXYX_ORI_AI/APEXYX_ORI_AI/.buildozer/android/platform/build-arm64-v8a/dists
build	Forge APK (Verbose)	2026-02-24T01:18:16.3863293Z [1m[90m[DEBUG][39m[0m:   Create directory /home/runner/work/APEXYX_ORI_AI/APEXYX_ORI_AI/.buildozer/android/platform/build-arm64-v8a/build/bootstrap_builds
build	Forge APK (Verbose)	2026-02-24T01:18:16.3865608Z [1m[90m[DEBUG][39m[0m:   Create directory /home/runner/work/APEXYX_ORI_AI/APEXYX_ORI_AI/.buildozer/android/platform/build-arm64-v8a/build/other_builds
build	Forge APK (Verbose)	2026-02-24T01:18:16.3866636Z [1m[INFO][0m:    Found Android API target in $ANDROIDAPI: 35
build	Forge APK (Verbose)	2026-02-24T01:18:17.0260400Z [1m[INFO][0m:    Available Android APIs are (35)
build	Forge APK (Verbose)	2026-02-24T01:18:17.0261220Z [1m[INFO][0m:    Requested API target 35 is available, continuing.
build	Forge APK (Verbose)	2026-02-24T01:18:17.0261903Z [1m[INFO][0m:    Found NDK dir in $ANDROIDNDK: /home/runner/.buildozer/android/platform/android-ndk-r27c
build	Forge APK (Verbose)	2026-02-24T01:18:17.0264041Z [1m[INFO][0m:    Found NDK version 27c
build	Forge APK (Verbose)	2026-02-24T01:18:17.0265295Z [1m[31m[WARNING][39m[0m: Maximum recommended NDK version is 25b, but newer versions may work.
build	Forge APK (Verbose)	2026-02-24T01:18:17.0266692Z [1m[31m[WARNING][39m[0m: Newer NDKs may not be fully supported by p4a.
build	Forge APK (Verbose)	2026-02-24T01:18:17.0268038Z [1m[INFO][0m:    Getting NDK API version (i.e. minimum supported API) from user argument
build	Forge APK (Verbose)	2026-02-24T01:18:17.0269294Z [1m[INFO][0m:    ccache is missing, the build will not be optimized in the future.
build	Forge APK (Verbose)	2026-02-24T01:18:17.0743283Z [1m[90m[DEBUG][39m[0m:   All possible dists: []
build	Forge APK (Verbose)	2026-02-24T01:18:17.0744253Z [1m[90m[DEBUG][39m[0m:   Dist matching name and arch: []
build	Forge APK (Verbose)	2026-02-24T01:18:17.0745686Z [1m[90m[DEBUG][39m[0m:   Dist matching ndk_api and recipe: []
build	Forge APK (Verbose)	2026-02-24T01:18:17.0746685Z [1m[INFO][0m:    No existing dists meet the given requirements!
build	Forge APK (Verbose)	2026-02-24T01:18:17.0747873Z [1m[INFO][0m:    [1m[94mNo dist exists that meets your requirements, so one will be built.[0m
build	Forge APK (Verbose)	2026-02-24T01:18:17.0955865Z [1m[INFO][0m:    Found a single valid recipe set: ['hostpython3', 'libffi', 'openssl', 'sqlite3', 'python3', 'genericndkbuild', 'setuptools', 'six', 'pyjnius', 'android']
build	Forge APK (Verbose)	2026-02-24T01:18:17.0957337Z [1m[INFO][0m:    The selected bootstrap is webview
build	Forge APK (Verbose)	2026-02-24T01:18:17.0958122Z [1m[INFO][0m:    [1m[32m# Creating dist with webview bootstrap[0m[39m
build	Forge APK (Verbose)	2026-02-24T01:18:17.0959246Z [1m[INFO][0m:    [1m[94mDist will have name reech_sovereign_v80 and requirements (python3, hostpython3)[0m
build	Forge APK (Verbose)	2026-02-24T01:18:17.0961785Z [1m[INFO][0m:    Dist contains the following requirements as recipes: ['hostpython3', 'libffi', 'openssl', 'sqlite3', 'python3', 'genericndkbuild', 'setuptools', 'six', 'pyjnius', 'android']
build	Forge APK (Verbose)	2026-02-24T01:18:17.0963398Z [1m[INFO][0m:    Dist will also contain modules () installed from pip
build	Forge APK (Verbose)	2026-02-24T01:18:17.0964167Z [1m[INFO][0m:    Dist will be build in mode debug
build	Forge APK (Verbose)	2026-02-24T01:18:17.1046994Z [1m[INFO][0m:    [36m-> directory context /home/runner/work/APEXYX_ORI_AI/APEXYX_ORI_AI/.buildozer/android/platform/build-arm64-v8a/build/bootstrap_builds/webview[39m
build	Forge APK (Verbose)	2026-02-24T01:18:17.1049126Z [1m[INFO][0m:    [36m<- directory context /home/runner/work/APEXYX_ORI_AI/APEXYX_ORI_AI/.buildozer/android/platform/python-for-android[39m
build	Forge APK (Verbose)	2026-02-24T01:18:17.1051334Z [1m[90m[DEBUG][39m[0m:   Create directory /home/runner/work/APEXYX_ORI_AI/APEXYX_ORI_AI/.buildozer/android/platform/build-arm64-v8a/dists/reech_sovereign_v80
build	Forge APK (Verbose)	2026-02-24T01:18:17.1053533Z [1m[INFO][0m:    [1m[94mRecipe build order is ['hostpython3', 'libffi', 'openssl', 'sqlite3', 'python3', 'genericndkbuild', 'setuptools', 'six', 'pyjnius', 'android'][0m
build	Forge APK (Verbose)	2026-02-24T01:18:17.1054965Z [1m[INFO][0m:    [1m[32m# Downloading recipes [0m[39m
build	Forge APK (Verbose)	2026-02-24T01:18:17.1055692Z [1m[INFO][0m:    [1m[32mDownloading hostpython3[0m[39m
build	Forge APK (Verbose)	2026-02-24T01:18:17.1064719Z [1m[90m[DEBUG][39m[0m:   Create directory /home/runner/work/APEXYX_ORI_AI/APEXYX_ORI_AI/.buildozer/android/platform/build-arm64-v8a/packages/hostpython3
build	Forge APK (Verbose)	2026-02-24T01:18:17.1066804Z [1m[INFO][0m:    [36m-> directory context /home/runner/work/APEXYX_ORI_AI/APEXYX_ORI_AI/.buildozer/android/platform/build-arm64-v8a/packages/hostpython3[39m
build	Forge APK (Verbose)	2026-02-24T01:18:17.1091270Z stty: 'standard input': Inappropriate ioctl for device
build	Forge APK (Verbose)	2026-02-24T01:18:17.1095129Z [1m[90m[DEBUG][39m[0m:   [90m->[0m running basename https://www.python.org/ftp/python/3.11.5/Python-3.11.5.tgz[0m
build	Forge APK (Verbose)	2026-02-24T01:18:17.1136320Z [1m[90m[DEBUG][39m[0m:   	Python-3.11.5.tgz
build	Forge APK (Verbose)	2026-02-24T01:18:17.1141161Z [1m[90m[DEBUG][39m[0m:   Downloading hostpython3 from https://www.python.org/ftp/python/3.11.5/Python-3.11.5.tgz
build	Forge APK (Verbose)	2026-02-24T01:18:17.1157057Z stty: 'standard input': Inappropriate ioctl for device
build	Forge APK (Verbose)	2026-02-24T01:18:17.1160320Z [1m[90m[DEBUG][39m[0m:   [90m->[0m running rm -f .mark-Python-3.11.5.tgz[0m
build	Forge APK (Verbose)	2026-02-24T01:18:17.1198875Z [1m[INFO][0m:    Downloading hostpython3 from https://www.python.org/ftp/python/3.11.5/Python-3.11.5.tgz
build	Forge APK (Verbose)	2026-02-24T01:18:17.2487911Z [1m[INFO][0m:    [36m<- directory context /home/runner/work/APEXYX_ORI_AI/APEXYX_ORI_AI/.buildozer/android/platform/python-for-android[39m
build	Forge APK (Verbose)	2026-02-24T01:18:17.2489488Z [1m[INFO][0m:    [1m[32mDownloading libffi[0m[39m
build	Forge APK (Verbose)	2026-02-24T01:18:17.2491190Z [1m[90m[DEBUG][39m[0m:   Create directory /home/runner/work/APEXYX_ORI_AI/APEXYX_ORI_AI/.buildozer/android/platform/build-arm64-v8a/packages/libffi
build	Forge APK (Verbose)	2026-02-24T01:18:17.2492968Z [1m[INFO][0m:    [36m-> directory context /home/runner/work/APEXYX_ORI_AI/APEXYX_ORI_AI/.buildozer/android/platform/build-arm64-v8a/packages/libffi[39m
build	Forge APK (Verbose)	2026-02-24T01:18:17.2509896Z stty: 'standard input': Inappropriate ioctl for device
build	Forge APK (Verbose)	2026-02-24T01:18:17.2514286Z [1m[90m[DEBUG][39m[0m:   [90m->[0m running basename https://github.com/libffi/libffi/archive/v3.4.2.tar.gz[0m
build	Forge APK (Verbose)	2026-02-24T01:18:17.2560347Z [1m[90m[DEBUG][39m[0m:   	v3.4.2.tar.gz
build	Forge APK (Verbose)	2026-02-24T01:18:18.2568389Z [1m[90m[DEBUG][39m[0m:   Downloading libffi from https://github.com/libffi/libffi/archive/v3.4.2.tar.gz
build	Forge APK (Verbose)	2026-02-24T01:18:18.2587814Z stty: 'standard input': Inappropriate ioctl for device
build	Forge APK (Verbose)	2026-02-24T01:18:18.2591540Z [1m[90m[DEBUG][39m[0m:   [90m->[0m running rm -f .mark-v3.4.2.tar.gz[0m
build	Forge APK (Verbose)	2026-02-24T01:18:18.2634774Z [1m[INFO][0m:    Downloading libffi from https://github.com/libffi/libffi/archive/v3.4.2.tar.gz
build	Forge APK (Verbose)	2026-02-24T01:18:19.1838042Z [1m[INFO][0m:    [36m<- directory context /home/runner/work/APEXYX_ORI_AI/APEXYX_ORI_AI/.buildozer/android/platform/python-for-android[39m
build	Forge APK (Verbose)	2026-02-24T01:18:19.1839665Z [1m[INFO][0m:    [1m[32mDownloading openssl[0m[39m
build	Forge APK (Verbose)	2026-02-24T01:18:19.1841315Z [1m[90m[DEBUG][39m[0m:   Create directory /home/runner/work/APEXYX_ORI_AI/APEXYX_ORI_AI/.buildozer/android/platform/build-arm64-v8a/packages/openssl
build	Forge APK (Verbose)	2026-02-24T01:18:19.1842826Z [1m[INFO][0m:    [36m-> directory context /home/runner/work/APEXYX_ORI_AI/APEXYX_ORI_AI/.buildozer/android/platform/build-arm64-v8a/packages/openssl[39m
build	Forge APK (Verbose)	2026-02-24T01:18:19.1861596Z stty: 'standard input': Inappropriate ioctl for device
build	Forge APK (Verbose)	2026-02-24T01:18:19.1865391Z [1m[90m[DEBUG][39m[0m:   [90m->[0m running basename https://www.openssl.org/source/openssl-1.1.1w.tar.gz[0m
build	Forge APK (Verbose)	2026-02-24T01:18:19.1906690Z [1m[90m[DEBUG][39m[0m:   	openssl-1.1.1w.tar.gz
build	Forge APK (Verbose)	2026-02-24T01:18:20.1913893Z [1m[90m[DEBUG][39m[0m:   Downloading openssl from https://www.openssl.org/source/openssl-1.1.1w.tar.gz
build	Forge APK (Verbose)	2026-02-24T01:18:20.1932907Z stty: 'standard input': Inappropriate ioctl for device
build	Forge APK (Verbose)	2026-02-24T01:18:20.1936626Z [1m[90m[DEBUG][39m[0m:   [90m->[0m running rm -f .mark-openssl-1.1.1w.tar.gz[0m
build	Forge APK (Verbose)	2026-02-24T01:18:21.1984987Z [1m[INFO][0m:    Downloading openssl from https://www.openssl.org/source/openssl-1.1.1w.tar.gz
build	Forge APK (Verbose)	2026-02-24T01:18:21.7873378Z [1m[INFO][0m:    [36m<- directory context /home/runner/work/APEXYX_ORI_AI/APEXYX_ORI_AI/.buildozer/android/platform/python-for-android[39m
build	Forge APK (Verbose)	2026-02-24T01:18:21.7874656Z [1m[INFO][0m:    [1m[32mDownloading sqlite3[0m[39m
build	Forge APK (Verbose)	2026-02-24T01:18:21.7877270Z [1m[90m[DEBUG][39m[0m:   Create directory /home/runner/work/APEXYX_ORI_AI/APEXYX_ORI_AI/.buildozer/android/platform/build-arm64-v8a/packages/sqlite3
build	Forge APK (Verbose)	2026-02-24T01:18:21.7879230Z [1m[INFO][0m:    [36m-> directory context /home/runner/work/APEXYX_ORI_AI/APEXYX_ORI_AI/.buildozer/android/platform/build-arm64-v8a/packages/sqlite3[39m
build	Forge APK (Verbose)	2026-02-24T01:18:21.7899036Z stty: 'standard input': Inappropriate ioctl for device
build	Forge APK (Verbose)	2026-02-24T01:18:21.7903129Z [1m[90m[DEBUG][39m[0m:   [90m->[0m running basename https://www.sqlite.org/2021/sqlite-amalgamation-3350500.zip[0m
build	Forge APK (Verbose)	2026-02-24T01:18:21.7945103Z [1m[90m[DEBUG][39m[0m:   	sqlite-amalgamation-3350500.zip
build	Forge APK (Verbose)	2026-02-24T01:18:22.7952595Z [1m[90m[DEBUG][39m[0m:   Downloading sqlite3 from https://www.sqlite.org/2021/sqlite-amalgamation-3350500.zip
build	Forge APK (Verbose)	2026-02-24T01:18:22.7973398Z stty: 'standard input': Inappropriate ioctl for device
build	Forge APK (Verbose)	2026-02-24T01:18:22.7977535Z [1m[90m[DEBUG][39m[0m:   [90m->[0m running rm -f .mark-sqlite-amalgamation-3350500.zip[0m
build	Forge APK (Verbose)	2026-02-24T01:18:23.8034775Z [1m[INFO][0m:    Downloading sqlite3 from https://www.sqlite.org/2021/sqlite-amalgamation-3350500.zip
build	Forge APK (Verbose)	2026-02-24T01:18:24.4285240Z [1m[INFO][0m:    [36m<- directory context /home/runner/work/APEXYX_ORI_AI/APEXYX_ORI_AI/.buildozer/android/platform/python-for-android[39m
build	Forge APK (Verbose)	2026-02-24T01:18:24.4286633Z [1m[INFO][0m:    [1m[32mDownloading python3[0m[39m
build	Forge APK (Verbose)	2026-02-24T01:18:24.4288517Z [1m[90m[DEBUG][39m[0m:   Create directory /home/runner/work/APEXYX_ORI_AI/APEXYX_ORI_AI/.buildozer/android/platform/build-arm64-v8a/packages/python3
build	Forge APK (Verbose)	2026-02-24T01:18:24.4290340Z [1m[INFO][0m:    [36m-> directory context /home/runner/work/APEXYX_ORI_AI/APEXYX_ORI_AI/.buildozer/android/platform/build-arm64-v8a/packages/python3[39m
build	Forge APK (Verbose)	2026-02-24T01:18:24.4307606Z stty: 'standard input': Inappropriate ioctl for device
build	Forge APK (Verbose)	2026-02-24T01:18:24.4311320Z [1m[90m[DEBUG][39m[0m:   [90m->[0m running basename https://www.python.org/ftp/python/3.11.5/Python-3.11.5.tgz[0m
build	Forge APK (Verbose)	2026-02-24T01:18:24.4350913Z [1m[90m[DEBUG][39m[0m:   	Python-3.11.5.tgz
build	Forge APK (Verbose)	2026-02-24T01:18:24.4355412Z [1m[90m[DEBUG][39m[0m:   Downloading python3 from https://www.python.org/ftp/python/3.11.5/Python-3.11.5.tgz
build	Forge APK (Verbose)	2026-02-24T01:18:24.4371281Z stty: 'standard input': Inappropriate ioctl for device
build	Forge APK (Verbose)	2026-02-24T01:18:24.4374644Z [1m[90m[DEBUG][39m[0m:   [90m->[0m running rm -f .mark-Python-3.11.5.tgz[0m
build	Forge APK (Verbose)	2026-02-24T01:18:24.4413483Z [1m[INFO][0m:    Downloading python3 from https://www.python.org/ftp/python/3.11.5/Python-3.11.5.tgz
build	Forge APK (Verbose)	2026-02-24T01:18:24.5576877Z [1m[INFO][0m:    [36m<- directory context /home/runner/work/APEXYX_ORI_AI/APEXYX_ORI_AI/.buildozer/android/platform/python-for-android[39m
build	Forge APK (Verbose)	2026-02-24T01:18:24.5578264Z [1m[INFO][0m:    [1m[32mDownloading genericndkbuild[0m[39m
build	Forge APK (Verbose)	2026-02-24T01:18:24.5578846Z [1m[INFO][0m:    Skipping genericndkbuild download as no URL is set
build	Forge APK (Verbose)	2026-02-24T01:18:24.5579376Z [1m[INFO][0m:    [1m[32mDownloading setuptools[0m[39m
build	Forge APK (Verbose)	2026-02-24T01:18:24.5583487Z [1m[90m[DEBUG][39m[0m:   Create directory /home/runner/work/APEXYX_ORI_AI/APEXYX_ORI_AI/.buildozer/android/platform/build-arm64-v8a/packages/setuptools
build	Forge APK (Verbose)	2026-02-24T01:18:24.5585580Z [1m[INFO][0m:    [36m-> directory context /home/runner/work/APEXYX_ORI_AI/APEXYX_ORI_AI/.buildozer/android/platform/build-arm64-v8a/packages/setuptools[39m
build	Forge APK (Verbose)	2026-02-24T01:18:24.5605391Z stty: 'standard input': Inappropriate ioctl for device
build	Forge APK (Verbose)	2026-02-24T01:18:24.5609383Z [1m[90m[DEBUG][39m[0m:   [90m->[0m running basename https://pypi.python.org/packages/source/s/setuptools/setuptools-51.3.3.tar.gz[0m
build	Forge APK (Verbose)	2026-02-24T01:18:24.5654090Z [1m[90m[DEBUG][39m[0m:   	setuptools-51.3.3.tar.gz
build	Forge APK (Verbose)	2026-02-24T01:18:24.5658807Z [1m[90m[DEBUG][39m[0m:   Downloading setuptools from https://pypi.python.org/packages/source/s/setuptools/setuptools-51.3.3.tar.gz
build	Forge APK (Verbose)	2026-02-24T01:18:24.5676123Z stty: 'standard input': Inappropriate ioctl for device
build	Forge APK (Verbose)	2026-02-24T01:18:24.5679731Z [1m[90m[DEBUG][39m[0m:   [90m->[0m running rm -f .mark-setuptools-51.3.3.tar.gz[0m
build	Forge APK (Verbose)	2026-02-24T01:18:24.5721799Z [1m[INFO][0m:    Downloading setuptools from https://pypi.python.org/packages/source/s/setuptools/setuptools-51.3.3.tar.gz
build	Forge APK (Verbose)	2026-02-24T01:18:24.8519050Z [1m[INFO][0m:    [36m<- directory context /home/runner/work/APEXYX_ORI_AI/APEXYX_ORI_AI/.buildozer/android/platform/python-for-android[39m
build	Forge APK (Verbose)	2026-02-24T01:18:24.8520098Z [1m[INFO][0m:    [1m[32mDownloading six[0m[39m
build	Forge APK (Verbose)	2026-02-24T01:18:24.8523280Z [1m[90m[DEBUG][39m[0m:   Create directory /home/runner/work/APEXYX_ORI_AI/APEXYX_ORI_AI/.buildozer/android/platform/build-arm64-v8a/packages/six
build	Forge APK (Verbose)	2026-02-24T01:18:24.8525594Z [1m[INFO][0m:    [36m-> directory context /home/runner/work/APEXYX_ORI_AI/APEXYX_ORI_AI/.buildozer/android/platform/build-arm64-v8a/packages/six[39m
build	Forge APK (Verbose)	2026-02-24T01:18:24.8542869Z stty: 'standard input': Inappropriate ioctl for device
build	Forge APK (Verbose)	2026-02-24T01:18:24.8546507Z [1m[90m[DEBUG][39m[0m:   [90m->[0m running basename https://pypi.python.org/packages/source/s/six/six-1.15.0.tar.gz[0m
build	Forge APK (Verbose)	2026-02-24T01:18:24.8586336Z [1m[90m[DEBUG][39m[0m:   	six-1.15.0.tar.gz
build	Forge APK (Verbose)	2026-02-24T01:18:25.8592498Z [1m[90m[DEBUG][39m[0m:   Downloading six from https://pypi.python.org/packages/source/s/six/six-1.15.0.tar.gz
build	Forge APK (Verbose)	2026-02-24T01:18:25.8610152Z stty: 'standard input': Inappropriate ioctl for device
build	Forge APK (Verbose)	2026-02-24T01:18:25.8613824Z [1m[90m[DEBUG][39m[0m:   [90m->[0m running rm -f .mark-six-1.15.0.tar.gz[0m
build	Forge APK (Verbose)	2026-02-24T01:18:25.8656367Z [1m[INFO][0m:    Downloading six from https://pypi.python.org/packages/source/s/six/six-1.15.0.tar.gz
build	Forge APK (Verbose)	2026-02-24T01:18:26.1531888Z [1m[INFO][0m:    [36m<- directory context /home/runner/work/APEXYX_ORI_AI/APEXYX_ORI_AI/.buildozer/android/platform/python-for-android[39m
build	Forge APK (Verbose)	2026-02-24T01:18:26.1533146Z [1m[INFO][0m:    [1m[32mDownloading pyjnius[0m[39m
build	Forge APK (Verbose)	2026-02-24T01:18:26.1535859Z [1m[90m[DEBUG][39m[0m:   Create directory /home/runner/work/APEXYX_ORI_AI/APEXYX_ORI_AI/.buildozer/android/platform/build-arm64-v8a/packages/pyjnius
build	Forge APK (Verbose)	2026-02-24T01:18:26.1537515Z [1m[INFO][0m:    [36m-> directory context /home/runner/work/APEXYX_ORI_AI/APEXYX_ORI_AI/.buildozer/android/platform/build-arm64-v8a/packages/pyjnius[39m
build	Forge APK (Verbose)	2026-02-24T01:18:26.1556053Z stty: 'standard input': Inappropriate ioctl for device
build	Forge APK (Verbose)	2026-02-24T01:18:26.1559958Z [1m[90m[DEBUG][39m[0m:   [90m->[0m running basename https://github.com/kivy/pyjnius/archive/1.6.1.zip[0m
build	Forge APK (Verbose)	2026-02-24T01:18:26.1601045Z [1m[90m[DEBUG][39m[0m:   	1.6.1.zip
build	Forge APK (Verbose)	2026-02-24T01:18:26.1605535Z [1m[90m[DEBUG][39m[0m:   Downloading pyjnius from https://github.com/kivy/pyjnius/archive/1.6.1.zip
build	Forge APK (Verbose)	2026-02-24T01:18:26.1621973Z stty: 'standard input': Inappropriate ioctl for device
build	Forge APK (Verbose)	2026-02-24T01:18:26.1625349Z [1m[90m[DEBUG][39m[0m:   [90m->[0m running rm -f .mark-1.6.1.zip[0m
build	Forge APK (Verbose)	2026-02-24T01:18:26.1666959Z [1m[INFO][0m:    Downloading pyjnius from https://github.com/kivy/pyjnius/archive/1.6.1.zip
build	Forge APK (Verbose)	2026-02-24T01:18:27.0161193Z [1m[INFO][0m:    [36m<- directory context /home/runner/work/APEXYX_ORI_AI/APEXYX_ORI_AI/.buildozer/android/platform/python-for-android[39m
build	Forge APK (Verbose)	2026-02-24T01:18:27.0162445Z [1m[INFO][0m:    [1m[32mDownloading android[0m[39m
build	Forge APK (Verbose)	2026-02-24T01:18:27.0162971Z [1m[INFO][0m:    Skipping android download as no URL is set
build	Forge APK (Verbose)	2026-02-24T01:18:27.0163769Z [1m[INFO][0m:    [1m[32m# Building all recipes for arch arm64-v8a[0m[39m
build	Forge APK (Verbose)	2026-02-24T01:18:27.0164373Z [1m[INFO][0m:    [1m[32m# Unpacking recipes[0m[39m
build	Forge APK (Verbose)	2026-02-24T01:18:27.0165482Z [1m[90m[DEBUG][39m[0m:   Create directory /home/runner/work/APEXYX_ORI_AI/APEXYX_ORI_AI/.buildozer/android/platform/build-arm64-v8a/build/other_builds/hostpython3/desktop
build	Forge APK (Verbose)	2026-02-24T01:18:27.0166589Z [1m[INFO][0m:    [1m[32mUnpacking hostpython3 for arm64-v8a[0m[39m
build	Forge APK (Verbose)	2026-02-24T01:18:27.0185816Z stty: 'standard input': Inappropriate ioctl for device
build	Forge APK (Verbose)	2026-02-24T01:18:27.0189691Z [1m[90m[DEBUG][39m[0m:   [90m->[0m running basename https://www.python.org/ftp/python/3.11.5/Python-3.11.5.tgz[0m
build	Forge APK (Verbose)	2026-02-24T01:18:27.0232649Z [1m[90m[DEBUG][39m[0m:   	Python-3.11.5.tgz
build	Forge APK (Verbose)	2026-02-24T01:18:28.0241993Z [1m[INFO][0m:    [36m-> directory context /home/runner/work/APEXYX_ORI_AI/APEXYX_ORI_AI/.buildozer/android/platform/build-arm64-v8a/build/other_builds/hostpython3/desktop[39m
build	Forge APK (Verbose)	2026-02-24T01:18:29.1188439Z [1m[90m[DEBUG][39m[0m:   Moving Python-3.11.5 to /home/runner/work/APEXYX_ORI_AI/APEXYX_ORI_AI/.buildozer/android/platform/build-arm64-v8a/build/other_builds/hostpython3/desktop/hostpython3
build	Forge APK (Verbose)	2026-02-24T01:18:29.1191008Z [1m[INFO][0m:    [36m<- directory context /home/runner/work/APEXYX_ORI_AI/APEXYX_ORI_AI/.buildozer/android/platform/python-for-android[39m
build	Forge APK (Verbose)	2026-02-24T01:18:29.1193552Z [1m[90m[DEBUG][39m[0m:   Create directory /home/runner/work/APEXYX_ORI_AI/APEXYX_ORI_AI/.buildozer/android/platform/build-arm64-v8a/build/other_builds/libffi/arm64-v8a__ndk_target_26
build	Forge APK (Verbose)	2026-02-24T01:18:29.1195117Z [1m[INFO][0m:    [1m[32mUnpacking libffi for arm64-v8a[0m[39m
build	Forge APK (Verbose)	2026-02-24T01:18:29.1210908Z stty: 'standard input': Inappropriate ioctl for device
build	Forge APK (Verbose)	2026-02-24T01:18:29.1214874Z [1m[90m[DEBUG][39m[0m:   [90m->[0m running basename https://github.com/libffi/libffi/archive/v3.4.2.tar.gz[0m
build	Forge APK (Verbose)	2026-02-24T01:18:29.1255503Z [1m[90m[DEBUG][39m[0m:   	v3.4.2.tar.gz
build	Forge APK (Verbose)	2026-02-24T01:18:30.1263114Z [1m[INFO][0m:    [36m-> directory context /home/runner/work/APEXYX_ORI_AI/APEXYX_ORI_AI/.buildozer/android/platform/build-arm64-v8a/build/other_builds/libffi/arm64-v8a__ndk_target_26[39m
build	Forge APK (Verbose)	2026-02-24T01:18:30.1750461Z [1m[90m[DEBUG][39m[0m:   Moving libffi-3.4.2 to /home/runner/work/APEXYX_ORI_AI/APEXYX_ORI_AI/.buildozer/android/platform/build-arm64-v8a/build/other_builds/libffi/arm64-v8a__ndk_target_26/libffi
build	Forge APK (Verbose)	2026-02-24T01:18:30.1752740Z [1m[INFO][0m:    [36m<- directory context /home/runner/work/APEXYX_ORI_AI/APEXYX_ORI_AI/.buildozer/android/platform/python-for-android[39m
build	Forge APK (Verbose)	2026-02-24T01:18:30.1755145Z [1m[90m[DEBUG][39m[0m:   Create directory /home/runner/work/APEXYX_ORI_AI/APEXYX_ORI_AI/.buildozer/android/platform/build-arm64-v8a/build/other_builds/openssl/arm64-v8a__ndk_target_26
build	Forge APK (Verbose)	2026-02-24T01:18:30.1756494Z [1m[INFO][0m:    [1m[32mUnpacking openssl for arm64-v8a[0m[39m
build	Forge APK (Verbose)	2026-02-24T01:18:30.1770456Z stty: 'standard input': Inappropriate ioctl for device
build	Forge APK (Verbose)	2026-02-24T01:18:30.1774218Z [1m[90m[DEBUG][39m[0m:   [90m->[0m running basename https://www.openssl.org/source/openssl-1.1.1w.tar.gz[0m
build	Forge APK (Verbose)	2026-02-24T01:18:30.1812140Z [1m[90m[DEBUG][39m[0m:   	openssl-1.1.1w.tar.gz
build	Forge APK (Verbose)	2026-02-24T01:18:30.1816754Z [1m[INFO][0m:    [36m-> directory context /home/runner/work/APEXYX_ORI_AI/APEXYX_ORI_AI/.buildozer/android/platform/build-arm64-v8a/build/other_builds/openssl/arm64-v8a__ndk_target_26[39m
build	Forge APK (Verbose)	2026-02-24T01:18:30.6818118Z [1m[90m[DEBUG][39m[0m:   Moving openssl-1.1.1w to /home/runner/work/APEXYX_ORI_AI/APEXYX_ORI_AI/.buildozer/android/platform/build-arm64-v8a/build/other_builds/openssl/arm64-v8a__ndk_target_26/openssl1.1
build	Forge APK (Verbose)	2026-02-24T01:18:30.6821046Z [1m[INFO][0m:    [36m<- directory context /home/runner/work/APEXYX_ORI_AI/APEXYX_ORI_AI/.buildozer/android/platform/python-for-android[39m
build	Forge APK (Verbose)	2026-02-24T01:18:30.6823563Z [1m[90m[DEBUG][39m[0m:   Create directory /home/runner/work/APEXYX_ORI_AI/APEXYX_ORI_AI/.buildozer/android/platform/build-arm64-v8a/build/other_builds/sqlite3/arm64-v8a__ndk_target_26
build	Forge APK (Verbose)	2026-02-24T01:18:30.6824720Z [1m[INFO][0m:    [1m[32mUnpacking sqlite3 for arm64-v8a[0m[39m
build	Forge APK (Verbose)	2026-02-24T01:18:30.6840322Z stty: 'standard input': Inappropriate ioctl for device
build	Forge APK (Verbose)	2026-02-24T01:18:30.6844448Z [1m[90m[DEBUG][39m[0m:   [90m->[0m running basename https://www.sqlite.org/2021/sqlite-amalgamation-3350500.zip[0m
build	Forge APK (Verbose)	2026-02-24T01:18:30.6885768Z [1m[90m[DEBUG][39m[0m:   	sqlite-amalgamation-3350500.zip
build	Forge APK (Verbose)	2026-02-24T01:18:31.6892818Z [1m[INFO][0m:    [36m-> directory context /home/runner/work/APEXYX_ORI_AI/APEXYX_ORI_AI/.buildozer/android/platform/build-arm64-v8a/build/other_builds/sqlite3/arm64-v8a__ndk_target_26[39m
build	Forge APK (Verbose)	2026-02-24T01:18:31.7561788Z [1m[90m[DEBUG][39m[0m:   Moving sqlite-amalgamation-3350500 to /home/runner/work/APEXYX_ORI_AI/APEXYX_ORI_AI/.buildozer/android/platform/build-arm64-v8a/build/other_builds/sqlite3/arm64-v8a__ndk_target_26/sqlite3
build	Forge APK (Verbose)	2026-02-24T01:18:31.7564484Z [1m[INFO][0m:    [36m<- directory context /home/runner/work/APEXYX_ORI_AI/APEXYX_ORI_AI/.buildozer/android/platform/python-for-android[39m
build	Forge APK (Verbose)	2026-02-24T01:18:31.7566798Z [1m[90m[DEBUG][39m[0m:   Create directory /home/runner/work/APEXYX_ORI_AI/APEXYX_ORI_AI/.buildozer/android/platform/build-arm64-v8a/build/other_builds/python3/arm64-v8a__ndk_target_26
build	Forge APK (Verbose)	2026-02-24T01:18:31.7568255Z [1m[INFO][0m:    [1m[32mUnpacking python3 for arm64-v8a[0m[39m
build	Forge APK (Verbose)	2026-02-24T01:18:31.7583106Z stty: 'standard input': Inappropriate ioctl for device
build	Forge APK (Verbose)	2026-02-24T01:18:31.7586744Z [1m[90m[DEBUG][39m[0m:   [90m->[0m running basename https://www.python.org/ftp/python/3.11.5/Python-3.11.5.tgz[0m
build	Forge APK (Verbose)	2026-02-24T01:18:31.7626485Z [1m[90m[DEBUG][39m[0m:   	Python-3.11.5.tgz
build	Forge APK (Verbose)	2026-02-24T01:18:32.7633125Z [1m[INFO][0m:    [36m-> directory context /home/runner/work/APEXYX_ORI_AI/APEXYX_ORI_AI/.buildozer/android/platform/build-arm64-v8a/build/other_builds/python3/arm64-v8a__ndk_target_26[39m
build	Forge APK (Verbose)	2026-02-24T01:18:33.8739204Z [1m[90m[DEBUG][39m[0m:   Moving Python-3.11.5 to /home/runner/work/APEXYX_ORI_AI/APEXYX_ORI_AI/.buildozer/android/platform/build-arm64-v8a/build/other_builds/python3/arm64-v8a__ndk_target_26/python3
build	Forge APK (Verbose)	2026-02-24T01:18:33.8741855Z [1m[INFO][0m:    [36m<- directory context /home/runner/work/APEXYX_ORI_AI/APEXYX_ORI_AI/.buildozer/android/platform/python-for-android[39m
build	Forge APK (Verbose)	2026-02-24T01:18:33.8743398Z [1m[INFO][0m:    [1m[32mUnpacking genericndkbuild for arm64-v8a[0m[39m
build	Forge APK (Verbose)	2026-02-24T01:18:33.8755597Z [1m[INFO][0m:    Skipping genericndkbuild unpack as no URL is set
build	Forge APK (Verbose)	2026-02-24T01:18:33.8757605Z [1m[90m[DEBUG][39m[0m:   Create directory /home/runner/work/APEXYX_ORI_AI/APEXYX_ORI_AI/.buildozer/android/platform/build-arm64-v8a/build/other_builds/setuptools/arm64-v8a__ndk_target_26
build	Forge APK (Verbose)	2026-02-24T01:18:33.8758750Z [1m[INFO][0m:    [1m[32mUnpacking setuptools for arm64-v8a[0m[39m
build	Forge APK (Verbose)	2026-02-24T01:18:33.8764616Z stty: 'standard input': Inappropriate ioctl for device
build	Forge APK (Verbose)	2026-02-24T01:18:33.8768489Z [1m[90m[DEBUG][39m[0m:   [90m->[0m running basename https://pypi.python.org/packages/source/s/setuptools/setuptools-51.3.3.tar.gz[0m
build	Forge APK (Verbose)	2026-02-24T01:18:33.8810449Z [1m[90m[DEBUG][39m[0m:   	setuptools-51.3.3.tar.gz
build	Forge APK (Verbose)	2026-02-24T01:18:34.8819003Z [1m[INFO][0m:    [36m-> directory context /home/runner/work/APEXYX_ORI_AI/APEXYX_ORI_AI/.buildozer/android/platform/build-arm64-v8a/build/other_builds/setuptools/arm64-v8a__ndk_target_26[39m
build	Forge APK (Verbose)	2026-02-24T01:18:34.9731944Z [1m[90m[DEBUG][39m[0m:   Moving setuptools-51.3.3 to /home/runner/work/APEXYX_ORI_AI/APEXYX_ORI_AI/.buildozer/android/platform/build-arm64-v8a/build/other_builds/setuptools/arm64-v8a__ndk_target_26/setuptools
build	Forge APK (Verbose)	2026-02-24T01:18:34.9733959Z [1m[INFO][0m:    [36m<- directory context /home/runner/work/APEXYX_ORI_AI/APEXYX_ORI_AI/.buildozer/android/platform/python-for-android[39m
build	Forge APK (Verbose)	2026-02-24T01:18:34.9735733Z [1m[90m[DEBUG][39m[0m:   Create directory /home/runner/work/APEXYX_ORI_AI/APEXYX_ORI_AI/.buildozer/android/platform/build-arm64-v8a/build/other_builds/six/arm64-v8a__ndk_target_26
build	Forge APK (Verbose)	2026-02-24T01:18:34.9736831Z [1m[INFO][0m:    [1m[32mUnpacking six for arm64-v8a[0m[39m
build	Forge APK (Verbose)	2026-02-24T01:18:34.9754101Z stty: 'standard input': Inappropriate ioctl for device
build	Forge APK (Verbose)	2026-02-24T01:18:34.9757690Z [1m[90m[DEBUG][39m[0m:   [90m->[0m running basename https://pypi.python.org/packages/source/s/six/six-1.15.0.tar.gz[0m
build	Forge APK (Verbose)	2026-02-24T01:18:34.9798388Z [1m[90m[DEBUG][39m[0m:   	six-1.15.0.tar.gz
build	Forge APK (Verbose)	2026-02-24T01:18:35.9804423Z [1m[INFO][0m:    [36m-> directory context /home/runner/work/APEXYX_ORI_AI/APEXYX_ORI_AI/.buildozer/android/platform/build-arm64-v8a/build/other_builds/six/arm64-v8a__ndk_target_26[39m
build	Forge APK (Verbose)	2026-02-24T01:18:35.9953686Z [1m[90m[DEBUG][39m[0m:   Moving six-1.15.0 to /home/runner/work/APEXYX_ORI_AI/APEXYX_ORI_AI/.buildozer/android/platform/build-arm64-v8a/build/other_builds/six/arm64-v8a__ndk_target_26/six
build	Forge APK (Verbose)	2026-02-24T01:18:35.9955931Z [1m[INFO][0m:    [36m<- directory context /home/runner/work/APEXYX_ORI_AI/APEXYX_ORI_AI/.buildozer/android/platform/python-for-android[39m
build	Forge APK (Verbose)	2026-02-24T01:18:35.9958344Z [1m[90m[DEBUG][39m[0m:   Create directory /home/runner/work/APEXYX_ORI_AI/APEXYX_ORI_AI/.buildozer/android/platform/build-arm64-v8a/build/other_builds/pyjnius-genericndkbuild/arm64-v8a__ndk_target_26
build	Forge APK (Verbose)	2026-02-24T01:18:35.9960056Z [1m[INFO][0m:    [1m[32mUnpacking pyjnius for arm64-v8a[0m[39m
build	Forge APK (Verbose)	2026-02-24T01:18:35.9974932Z stty: 'standard input': Inappropriate ioctl for device
build	Forge APK (Verbose)	2026-02-24T01:18:35.9978508Z [1m[90m[DEBUG][39m[0m:   [90m->[0m running basename https://github.com/kivy/pyjnius/archive/1.6.1.zip[0m
build	Forge APK (Verbose)	2026-02-24T01:18:36.0018180Z [1m[90m[DEBUG][39m[0m:   	1.6.1.zip
build	Forge APK (Verbose)	2026-02-24T01:18:37.0026621Z [1m[INFO][0m:    [36m-> directory context /home/runner/work/APEXYX_ORI_AI/APEXYX_ORI_AI/.buildozer/android/platform/build-arm64-v8a/build/other_builds/pyjnius-genericndkbuild/arm64-v8a__ndk_target_26[39m
build	Forge APK (Verbose)	2026-02-24T01:18:37.0188394Z [1m[90m[DEBUG][39m[0m:   Moving pyjnius-1.6.1 to /home/runner/work/APEXYX_ORI_AI/APEXYX_ORI_AI/.buildozer/android/platform/build-arm64-v8a/build/other_builds/pyjnius-genericndkbuild/arm64-v8a__ndk_target_26/pyjnius
build	Forge APK (Verbose)	2026-02-24T01:18:37.0190781Z [1m[INFO][0m:    [36m<- directory context /home/runner/work/APEXYX_ORI_AI/APEXYX_ORI_AI/.buildozer/android/platform/python-for-android[39m
build	Forge APK (Verbose)	2026-02-24T01:18:37.0192251Z [1m[90m[DEBUG][39m[0m:   Create directory /home/runner/work/APEXYX_ORI_AI/APEXYX_ORI_AI/.buildozer/android/platform/build-arm64-v8a/build/other_builds/android-genericndkbuild/arm64-v8a__ndk_target_26
build	Forge APK (Verbose)	2026-02-24T01:18:37.0210677Z stty: 'standard input': Inappropriate ioctl for device
build	Forge APK (Verbose)	2026-02-24T01:18:37.0216251Z [1m[90m[DEBUG][39m[0m:   [90m->[0m running cp -a /home/runner/work/APEXYX_ORI_AI/APEXYX_ORI_AI/.buildozer/android/platform/python-for-android/pythonforandroid/recipes/android/src /home/runner/work/APEXYX_ORI_AI/APEXYX_ORI_AI/.buildozer/android/platform/build-arm64-v8a/build/other_builds/android-genericndkbuild/arm64-v8a__ndk_target_26/android[0m
build	Forge APK (Verbose)	2026-02-24T01:18:38.0271597Z [1m[INFO][0m:    [1m[32m# Prebuilding recipes[0m[39m
build	Forge APK (Verbose)	2026-02-24T01:18:38.0272673Z [1m[INFO][0m:    [1m[32mPrebuilding hostpython3 for arm64-v8a[0m[39m
build	Forge APK (Verbose)	2026-02-24T01:18:38.0273549Z [1m[INFO][0m:    hostpython3 has no prebuild_arm64_v8a, skipping
build	Forge APK (Verbose)	2026-02-24T01:18:38.0274373Z [1m[INFO][0m:    [1m[32mApplying patches for hostpython3[arm64-v8a][0m[39m
build	Forge APK (Verbose)	2026-02-24T01:18:38.0275065Z [1m[INFO][0m:    Applying patch patches/pyconfig_detection.patch
build	Forge APK (Verbose)	2026-02-24T01:18:38.0293996Z stty: 'standard input': Inappropriate ioctl for device
build	Forge APK (Verbose)	2026-02-24T01:18:38.0299177Z [1m[90m[DEBUG][39m[0m:   [90m->[0m running patch -t -d /home/runner/work/APEXYX_ORI_AI/APEXYX_ORI_AI/.buildozer/android/platform/build-arm64-v8a/build/other_builds/hostpython3/desktop/hostpython3 -p1 -i /home/runner/work/APEXYX_ORI_AI/APEXYX_ORI_AI/.buildozer/android/platform/python-for-android/pythonforandroid/recipes/hostpython3/patches/pyconfig_detection.patch[0m
build	Forge APK (Verbose)	2026-02-24T01:18:38.0847681Z [1m[90m[DEBUG][39m[0m:   	patching file Lib/site.py
build	Forge APK (Verbose)	2026-02-24T01:18:38.0848481Z [1m[90m[DEBUG][39m[0m:   	Hunk #1 succeeded at 523 (offset 36 lines).
build	Forge APK (Verbose)	2026-02-24T01:18:38.0855025Z [1m[INFO][0m:    [1m[32mPrebuilding libffi for arm64-v8a[0m[39m
build	Forge APK (Verbose)	2026-02-24T01:18:38.0855691Z [1m[INFO][0m:    libffi has no prebuild_arm64_v8a, skipping
build	Forge APK (Verbose)	2026-02-24T01:18:38.0856348Z [1m[INFO][0m:    [1m[32mApplying patches for libffi[arm64-v8a][0m[39m
build	Forge APK (Verbose)	2026-02-24T01:18:38.0857123Z [1m[INFO][0m:    Applying patch remove-version-info.patch
build	Forge APK (Verbose)	2026-02-24T01:18:38.0873431Z stty: 'standard input': Inappropriate ioctl for device
build	Forge APK (Verbose)	2026-02-24T01:18:38.0878164Z [1m[90m[DEBUG][39m[0m:   [90m->[0m running patch -t -d /home/runner/work/APEXYX_ORI_AI/APEXYX_ORI_AI/.buildozer/android/platform/build-arm64-v8a/build/other_builds/libffi/arm64-v8a__ndk_target_26/libffi -p1 -i /home/runner/work/APEXYX_ORI_AI/APEXYX_ORI_AI/.buildozer/android/platform/python-for-android/pythonforandroid/recipes/libffi/remove-version-info.patch[0m
build	Forge APK (Verbose)	2026-02-24T01:18:38.0917293Z [1m[90m[DEBUG][39m[0m:   	patching file Makefile.am
build	Forge APK (Verbose)	2026-02-24T01:18:38.0918077Z [1m[90m[DEBUG][39m[0m:   	Hunk #1 succeeded at 138 with fuzz 2 (offset -18 lines).
build	Forge APK (Verbose)	2026-02-24T01:18:39.0924993Z [1m[INFO][0m:    [1m[32mPrebuilding openssl for arm64-v8a[0m[39m
build	Forge APK (Verbose)	2026-02-24T01:18:39.0925991Z [1m[INFO][0m:    openssl has no prebuild_arm64_v8a, skipping
build	Forge APK (Verbose)	2026-02-24T01:18:39.0926631Z [1m[INFO][0m:    [1m[32mPrebuilding sqlite3 for arm64-v8a[0m[39m
build	Forge APK (Verbose)	2026-02-24T01:18:39.0927248Z [1m[INFO][0m:    sqlite3 has no prebuild_arm64_v8a, skipping
build	Forge APK (Verbose)	2026-02-24T01:18:39.0928634Z [1m[90m[DEBUG][39m[0m:   Create directory /home/runner/work/APEXYX_ORI_AI/APEXYX_ORI_AI/.buildozer/android/platform/build-arm64-v8a/build/other_builds/sqlite3/arm64-v8a__ndk_target_26/sqlite3/jni
build	Forge APK (Verbose)	2026-02-24T01:18:39.0930496Z [1m[INFO][0m:    [1m[32mPrebuilding python3 for arm64-v8a[0m[39m
build	Forge APK (Verbose)	2026-02-24T01:18:39.0931534Z [1m[INFO][0m:    python3 has no prebuild_arm64_v8a, skipping
build	Forge APK (Verbose)	2026-02-24T01:18:39.0932556Z [1m[INFO][0m:    [1m[32mApplying patches for python3[arm64-v8a][0m[39m
build	Forge APK (Verbose)	2026-02-24T01:18:39.0933290Z [1m[INFO][0m:    Applying patch patches/pyconfig_detection.patch
build	Forge APK (Verbose)	2026-02-24T01:18:39.0950218Z stty: 'standard input': Inappropriate ioctl for device
build	Forge APK (Verbose)	2026-02-24T01:18:39.0955228Z [1m[90m[DEBUG][39m[0m:   [90m->[0m running patch -t -d /home/runner/work/APEXYX_ORI_AI/APEXYX_ORI_AI/.buildozer/android/platform/build-arm64-v8a/build/other_builds/python3/arm64-v8a__ndk_target_26/python3 -p1 -i /home/runner/work/APEXYX_ORI_AI/APEXYX_ORI_AI/.buildozer/android/platform/python-for-android/pythonforandroid/recipes/python3/patches/pyconfig_detection.patch[0m
build	Forge APK (Verbose)	2026-02-24T01:18:39.0995398Z [1m[90m[DEBUG][39m[0m:   	patching file Lib/site.py
build	Forge APK (Verbose)	2026-02-24T01:18:39.0996278Z [1m[90m[DEBUG][39m[0m:   	Hunk #1 succeeded at 523 (offset 36 lines).
build	Forge APK (Verbose)	2026-02-24T01:18:39.1000978Z [1m[INFO][0m:    Applying patch patches/reproducible-buildinfo.diff
build	Forge APK (Verbose)	2026-02-24T01:18:39.1017705Z stty: 'standard input': Inappropriate ioctl for device
build	Forge APK (Verbose)	2026-02-24T01:18:39.1023499Z [1m[90m[DEBUG][39m[0m:   [90m->[0m running patch -t -d /home/runner/work/APEXYX_ORI_AI/APEXYX_ORI_AI/.buildozer/android/platform/build-arm64-v8a/build/other_builds/python3/arm64-v8a__ndk_target_26/python3 -p1 -i /home/runner/work/APEXYX_ORI_AI/APEXYX_ORI_AI/.buildozer/android/platform/python-for-android/pythonforandroid/recipes/python3/patches/reproducible-buildinfo.diff[0m
build	Forge APK (Verbose)	2026-02-24T01:18:39.1059821Z [1m[90m[DEBUG][39m[0m:   	patching file Makefile.pre.in
build	Forge APK (Verbose)	2026-02-24T01:18:39.1061229Z [1m[90m[DEBUG][39m[0m:   	Hunk #1 succeeded at 1238 with fuzz 1 (offset 453 lines).
build	Forge APK (Verbose)	2026-02-24T01:18:39.1066021Z [1m[INFO][0m:    Applying patch patches/cpython-311-ctypes-find-library.patch
build	Forge APK (Verbose)	2026-02-24T01:18:39.1082647Z stty: 'standard input': Inappropriate ioctl for device
build	Forge APK (Verbose)	2026-02-24T01:18:39.1088525Z [1m[90m[DEBUG][39m[0m:   [90m->[0m running patch -t -d /home/runner/work/APEXYX_ORI_AI/APEXYX_ORI_AI/.buildozer/android/platform/build-arm64-v8a/build/other_builds/python3/arm64-v8a__ndk_target_26/python3 -p1 -i /home/runner/work/APEXYX_ORI_AI/APEXYX_ORI_AI/.buildozer/android/platform/python-for-android/pythonforandroid/recipes/python3/patches/cpython-311-ctypes-find-library.patch[0m
build	Forge APK (Verbose)	2026-02-24T01:18:39.1125203Z [1m[90m[DEBUG][39m[0m:   	patching file Lib/ctypes/util.py
build	Forge APK (Verbose)	2026-02-24T01:18:40.1131865Z [1m[INFO][0m:    Applying patch patches/py3.8.1_fix_cortex_a8.patch
build	Forge APK (Verbose)	2026-02-24T01:18:40.1150836Z stty: 'standard input': Inappropriate ioctl for device
build	Forge APK (Verbose)	2026-02-24T01:18:40.1156365Z [1m[90m[DEBUG][39m[0m:   [90m->[0m running patch -t -d /home/runner/work/APEXYX_ORI_AI/APEXYX_ORI_AI/.buildozer/android/platform/build-arm64-v8a/build/other_builds/python3/arm64-v8a__ndk_target_26/python3 -p1 -i /home/runner/work/APEXYX_ORI_AI/APEXYX_ORI_AI/.buildozer/android/platform/python-for-android/pythonforandroid/recipes/python3/patches/py3.8.1_fix_cortex_a8.patch[0m
build	Forge APK (Verbose)	2026-02-24T01:18:40.1203831Z [1m[90m[DEBUG][39m[0m:   	patching file configure
build	Forge APK (Verbose)	2026-02-24T01:18:40.1206612Z [1m[90m[DEBUG][39m[0m:   	Hunk #1 succeeded at 6358 (offset 716 lines).
build	Forge APK (Verbose)	2026-02-24T01:18:40.1223025Z [1m[INFO][0m:    [1m[32mPrebuilding genericndkbuild for arm64-v8a[0m[39m
build	Forge APK (Verbose)	2026-02-24T01:18:40.1224312Z [1m[INFO][0m:    genericndkbuild has no prebuild_arm64_v8a, skipping
build	Forge APK (Verbose)	2026-02-24T01:18:40.1225504Z [1m[INFO][0m:    [1m[32mPrebuilding setuptools for arm64-v8a[0m[39m
build	Forge APK (Verbose)	2026-02-24T01:18:40.1226648Z [1m[INFO][0m:    setuptools has no prebuild_arm64_v8a, skipping
build	Forge APK (Verbose)	2026-02-24T01:18:40.1227742Z [1m[INFO][0m:    [1m[32mPrebuilding six for arm64-v8a[0m[39m
build	Forge APK (Verbose)	2026-02-24T01:18:40.1228711Z [1m[INFO][0m:    six has no prebuild_arm64_v8a, skipping
build	Forge APK (Verbose)	2026-02-24T01:18:40.1229666Z [1m[INFO][0m:    [1m[32mPrebuilding pyjnius for arm64-v8a[0m[39m
build	Forge APK (Verbose)	2026-02-24T01:18:40.1230708Z [1m[INFO][0m:    pyjnius has no prebuild_arm64_v8a, skipping
build	Forge APK (Verbose)	2026-02-24T01:18:40.1231622Z [1m[INFO][0m:    [1m[32mApplying patches for pyjnius[arm64-v8a][0m[39m
build	Forge APK (Verbose)	2026-02-24T01:18:40.1232533Z [1m[INFO][0m:    Applying patch genericndkbuild_jnienv_getter.patch
build	Forge APK (Verbose)	2026-02-24T01:18:40.1245451Z stty: 'standard input': Inappropriate ioctl for device
build	Forge APK (Verbose)	2026-02-24T01:18:40.1251378Z [1m[90m[DEBUG][39m[0m:   [90m->[0m running patch -t -d /home/runner/work/APEXYX_ORI_AI/APEXYX_ORI_AI/.buildozer/android/platform/build-arm64-v8a/build/other_builds/pyjnius-genericndkbuild/arm64-v8a__ndk_target_26/pyjnius -p1 -i /home/runner/work/APEXYX_ORI_AI/APEXYX_ORI_AI/.buildozer/android/platform/python-for-android/pythonforandroid/recipes/pyjnius/genericndkbuild_jnienv_getter.patch[0m
build	Forge APK (Verbose)	2026-02-24T01:18:40.1291683Z [1m[90m[DEBUG][39m[0m:   	patching file jnius/env.py
build	Forge APK (Verbose)	2026-02-24T01:18:40.1292754Z [1m[90m[DEBUG][39m[0m:   	Hunk #1 succeeded at 288 (offset 20 lines).
build	Forge APK (Verbose)	2026-02-24T01:18:40.1293543Z [1m[90m[DEBUG][39m[0m:   	patching file jnius/jnius_jvm_android.pxi
build	Forge APK (Verbose)	2026-02-24T01:18:41.1298180Z [1m[INFO][0m:    [1m[32mPrebuilding android for arm64-v8a[0m[39m
build	Forge APK (Verbose)	2026-02-24T01:18:41.1298900Z [1m[INFO][0m:    android has no prebuild_arm64_v8a, skipping
build	Forge APK (Verbose)	2026-02-24T01:18:41.1300300Z [1m[INFO][0m:    [36m-> directory context /home/runner/work/APEXYX_ORI_AI/APEXYX_ORI_AI/.buildozer/android/platform/build-arm64-v8a/build/other_builds/android-genericndkbuild/arm64-v8a__ndk_target_26/android[39m
build	Forge APK (Verbose)	2026-02-24T01:18:41.1302963Z [1m[INFO][0m:    [36m<- directory context /home/runner/work/APEXYX_ORI_AI/APEXYX_ORI_AI/.buildozer/android/platform/python-for-android[39m
build	Forge APK (Verbose)	2026-02-24T01:18:41.1304329Z [1m[INFO][0m:    [1m[32m# Building recipes[0m[39m
build	Forge APK (Verbose)	2026-02-24T01:18:41.1305459Z [1m[INFO][0m:    [1m[32mBuilding hostpython3 for arm64-v8a[0m[39m
build	Forge APK (Verbose)	2026-02-24T01:18:41.1306819Z [1m[31m[WARNING][39m[0m: pkg-config location is not supported on linux for prerequisite: openssl
build	Forge APK (Verbose)	2026-02-24T01:18:41.1309089Z [1m[90m[DEBUG][39m[0m:   Create directory /home/runner/work/APEXYX_ORI_AI/APEXYX_ORI_AI/.buildozer/android/platform/build-arm64-v8a/build/other_builds/hostpython3/desktop/hostpython3/native-build
build	Forge APK (Verbose)	2026-02-24T01:18:41.1312113Z [1m[INFO][0m:    [36m-> directory context /home/runner/work/APEXYX_ORI_AI/APEXYX_ORI_AI/.buildozer/android/platform/build-arm64-v8a/build/other_builds/hostpython3/desktop/hostpython3/native-build[39m
build	Forge APK (Verbose)	2026-02-24T01:18:41.1327238Z stty: 'standard input': Inappropriate ioctl for device
build	Forge APK (Verbose)	2026-02-24T01:18:41.1330734Z [1m[90m[DEBUG][39m[0m:   [90m->[0m running configure[0m
build	Forge APK (Verbose)	2026-02-24T01:18:41.2911145Z [1m[90m[DEBUG][39m[0m:   	checking build system type... x86_64-pc-linux-gnu
build	Forge APK (Verbose)	2026-02-24T01:18:41.2912177Z [1m[90m[DEBUG][39m[0m:   	checking host system type... x86_64-pc-linux-gnu
build	Forge APK (Verbose)	2026-02-24T01:18:41.2920451Z [1m[90m[DEBUG][39m[0m:   	checking for Python interpreter freezing... ./_bootstrap_python
build	Forge APK (Verbose)	2026-02-24T01:18:41.2923811Z [1m[90m[DEBUG][39m[0m:   	checking for python3.11... python3.11
build	Forge APK (Verbose)	2026-02-24T01:18:41.2972970Z [1m[90m[DEBUG][39m[0m:   	checking Python for regen version... Python 3.11.14
build	Forge APK (Verbose)	2026-02-24T01:18:41.3027510Z [1m[90m[DEBUG][39m[0m:   	checking for pkg-config... /usr/bin/pkg-config
build	Forge APK (Verbose)	2026-02-24T01:18:41.3054811Z [1m[90m[DEBUG][39m[0m:   	checking pkg-config is at least version 0.9.0... yes
build	Forge APK (Verbose)	2026-02-24T01:18:41.3057814Z [1m[90m[DEBUG][39m[0m:   	checking for --enable-universalsdk... no
build	Forge APK (Verbose)	2026-02-24T01:18:41.3070449Z [1m[90m[DEBUG][39m[0m:   	checking for --with-universal-archs... no
build	Forge APK (Verbose)	2026-02-24T01:18:41.3141106Z [1m[90m[DEBUG][39m[0m:   	checking MACHDEP... "linux"
build	Forge APK (Verbose)	2026-02-24T01:18:41.3149498Z [1m[90m[DEBUG][39m[0m:   	checking for gcc... gcc
build	Forge APK (Verbose)	2026-02-24T01:18:41.3886227Z [1m[90m[DEBUG][39m[0m:   	checking whether the C compiler works... yes
build	Forge APK (Verbose)	2026-02-24T01:18:41.3887019Z [1m[90m[DEBUG][39m[0m:   	checking for C compiler default output file name... a.out
build	Forge APK (Verbose)	2026-02-24T01:18:41.4171070Z [1m[90m[DEBUG][39m[0m:   	checking for suffix of executables...
build	Forge APK (Verbose)	2026-02-24T01:18:41.4628396Z [1m[90m[DEBUG][39m[0m:   	checking whether we are cross compiling... no
build	Forge APK (Verbose)	2026-02-24T01:18:41.4792455Z [1m[90m[DEBUG][39m[0m:   	checking for suffix of object files... o
build	Forge APK (Verbose)	2026-02-24T01:18:41.4935813Z [1m[90m[DEBUG][39m[0m:   	checking whether we are using the GNU C compiler... yes
build	Forge APK (Verbose)	2026-02-24T01:18:41.5078177Z [1m[90m[DEBUG][39m[0m:   	checking whether gcc accepts -g... yes
build	Forge APK (Verbose)	2026-02-24T01:18:41.5371913Z [1m[90m[DEBUG][39m[0m:   	checking for gcc option to accept ISO C89... none needed
build	Forge APK (Verbose)	2026-02-24T01:18:41.5621385Z [1m[90m[DEBUG][39m[0m:   	checking how to run the C preprocessor... gcc -E
build	Forge APK (Verbose)	2026-02-24T01:18:41.5852089Z [1m[90m[DEBUG][39m[0m:   	checking for grep that handles long lines and -e... /usr/bin/grep
build	Forge APK (Verbose)	2026-02-24T01:18:41.5888407Z [1m[90m[DEBUG][39m[0m:   	checking for a sed that does not truncate output... /usr/bin/sed
build	Forge APK (Verbose)	2026-02-24T01:18:41.5913640Z [1m[90m[DEBUG][39m[0m:   	checking for egrep... /usr/bin/grep -E
build	Forge APK (Verbose)	2026-02-24T01:18:41.6003454Z [1m[90m[DEBUG][39m[0m:   	checking for CC compiler name... gcc
build	Forge APK (Verbose)	2026-02-24T01:18:41.6811378Z [1m[90m[DEBUG][39m[0m:   	checking for ANSI C header files... yes
build	Forge APK (Verbose)	2026-02-24T01:18:41.6995599Z [1m[90m[DEBUG][39m[0m:   	checking for sys/types.h... yes
build	Forge APK (Verbose)	2026-02-24T01:18:41.7233271Z [1m[90m[DEBUG][39m[0m:   	checking for sys/stat.h... yes
build	Forge APK (Verbose)	2026-02-24T01:18:41.7449512Z [1m[90m[DEBUG][39m[0m:   	checking for stdlib.h... yes
build	Forge APK (Verbose)	2026-02-24T01:18:41.7669383Z [1m[90m[DEBUG][39m[0m:   	checking for string.h... yes
build	Forge APK (Verbose)	2026-02-24T01:18:41.7890825Z [1m[90m[DEBUG][39m[0m:   	checking for memory.h... yes
build	Forge APK (Verbose)	2026-02-24T01:18:41.8115414Z [1m[90m[DEBUG][39m[0m:   	checking for strings.h... yes
build	Forge APK (Verbose)	2026-02-24T01:18:41.8358887Z [1m[90m[DEBUG][39m[0m:   	checking for inttypes.h... yes
build	Forge APK (Verbose)	2026-02-24T01:18:41.8588960Z [1m[90m[DEBUG][39m[0m:   	checking for stdint.h... yes
build	Forge APK (Verbose)	2026-02-24T01:18:41.8852031Z [1m[90m[DEBUG][39m[0m:   	checking for unistd.h... yes
build	Forge APK (Verbose)	2026-02-24T01:18:41.9099075Z [1m[90m[DEBUG][39m[0m:   	checking minix/config.h usability... no
build	Forge APK (Verbose)	2026-02-24T01:18:41.9214883Z [1m[90m[DEBUG][39m[0m:   	checking minix/config.h presence... no
build	Forge APK (Verbose)	2026-02-24T01:18:41.9215704Z [1m[90m[DEBUG][39m[0m:   	checking for minix/config.h... no
build	Forge APK (Verbose)	2026-02-24T01:18:41.9441504Z [1m[90m[DEBUG][39m[0m:   	checking whether it is safe to define __EXTENSIONS__... yes
build	Forge APK (Verbose)	2026-02-24T01:18:41.9442897Z [1m[90m[DEBUG][39m[0m:   	checking for --with-cxx-main=<compiler>... no
build	Forge APK (Verbose)	2026-02-24T01:18:41.9449864Z [1m[90m[DEBUG][39m[0m:   	checking for g++... no
build	Forge APK (Verbose)	2026-02-24T01:18:41.9453458Z [1m[90m[DEBUG][39m[0m:   	configure:
build	Forge APK (Verbose)	2026-02-24T01:18:41.9454074Z [1m[90m[DEBUG][39m[0m:   	
build	Forge APK (Verbose)	2026-02-24T01:18:41.9455013Z [1m[90m[DEBUG][39m[0m:   	  By default, distutils will build C++ extension modules with "g++".
build	Forge APK (Verbose)	2026-02-24T01:18:41.9455738Z [1m[90m[DEBUG][39m[0m:   	  If this is not intended, then set CXX on the configure command line.
build	Forge APK (Verbose)	2026-02-24T01:18:41.9456194Z [1m[90m[DEBUG][39m[0m:   	
build	Forge APK (Verbose)	2026-02-24T01:18:41.9535064Z [1m[90m[DEBUG][39m[0m:   	checking for the platform triplet based on compiler characteristics... x86_64-linux-gnu
build	Forge APK (Verbose)	2026-02-24T01:18:41.9562168Z [1m[90m[DEBUG][39m[0m:   	checking for multiarch... x86_64-linux-gnu
build	Forge APK (Verbose)	2026-02-24T01:18:41.9564913Z [1m[90m[DEBUG][39m[0m:   	checking for PEP 11 support tier... x86_64-pc-linux-gnu/gcc has tier 1 (supported)
build	Forge APK (Verbose)	2026-02-24T01:18:41.9881887Z [1m[90m[DEBUG][39m[0m:   	checking for -Wl,--no-as-needed... yes
build	Forge APK (Verbose)	2026-02-24T01:18:41.9942892Z [1m[90m[DEBUG][39m[0m:   	checking for the Android API level... not Android
build	Forge APK (Verbose)	2026-02-24T01:18:41.9954129Z [1m[90m[DEBUG][39m[0m:   	checking for --with-emscripten-target...
build	Forge APK (Verbose)	2026-02-24T01:18:41.9955492Z [1m[90m[DEBUG][39m[0m:   	checking for --enable-wasm-dynamic-linking... missing
build	Forge APK (Verbose)	2026-02-24T01:18:41.9957180Z [1m[90m[DEBUG][39m[0m:   	checking for --enable-wasm-pthreads... missing
build	Forge APK (Verbose)	2026-02-24T01:18:41.9958891Z [1m[90m[DEBUG][39m[0m:   	checking for --with-suffix...
build	Forge APK (Verbose)	2026-02-24T01:18:41.9971792Z [1m[90m[DEBUG][39m[0m:   	checking for case-insensitive build directory... no
build	Forge APK (Verbose)	2026-02-24T01:18:41.9982027Z [1m[90m[DEBUG][39m[0m:   	checking LIBRARY... libpython$(VERSION)$(ABIFLAGS).a
build	Forge APK (Verbose)	2026-02-24T01:18:41.9983708Z [1m[90m[DEBUG][39m[0m:   	checking LINKCC... $(PURIFY) $(MAINCC)
build	Forge APK (Verbose)	2026-02-24T01:18:41.9984558Z [1m[90m[DEBUG][39m[0m:   	checking EXPORTSYMS...
build	Forge APK (Verbose)	2026-02-24T01:18:42.0024982Z [1m[90m[DEBUG][39m[0m:   	checking for GNU ld... yes
build	Forge APK (Verbose)	2026-02-24T01:18:42.0026433Z [1m[90m[DEBUG][39m[0m:   	checking for --enable-shared... no
build	Forge APK (Verbose)	2026-02-24T01:18:42.0027290Z [1m[90m[DEBUG][39m[0m:   	checking for --with-static-libpython... yes
build	Forge APK (Verbose)	2026-02-24T01:18:42.0028127Z [1m[90m[DEBUG][39m[0m:   	checking for --enable-profiling... no
build	Forge APK (Verbose)	2026-02-24T01:18:42.0034104Z [1m[90m[DEBUG][39m[0m:   	checking LDLIBRARY... checking HOSTRUNNER...
build	Forge APK (Verbose)	2026-02-24T01:18:42.0035613Z [1m[90m[DEBUG][39m[0m:   	libpython$(VERSION)$(ABIFLAGS).a
build	Forge APK (Verbose)	2026-02-24T01:18:42.0040761Z [1m[90m[DEBUG][39m[0m:   	checking for ar... ar
build	Forge APK (Verbose)	2026-02-24T01:18:42.0046562Z [1m[90m[DEBUG][39m[0m:   	checking for readelf... readelf
build	Forge APK (Verbose)	2026-02-24T01:18:42.0133339Z [1m[90m[DEBUG][39m[0m:   	checking for a BSD-compatible install... /usr/bin/install -c
build	Forge APK (Verbose)	2026-02-24T01:18:42.0155905Z [1m[90m[DEBUG][39m[0m:   	checking for a thread-safe mkdir -p... /usr/bin/mkdir -p
build	Forge APK (Verbose)	2026-02-24T01:18:42.0158160Z [1m[90m[DEBUG][39m[0m:   	checking for --with-pydebug... no
build	Forge APK (Verbose)	2026-02-24T01:18:42.0159134Z [1m[90m[DEBUG][39m[0m:   	checking for --with-trace-refs... no
build	Forge APK (Verbose)	2026-02-24T01:18:42.0160145Z [1m[90m[DEBUG][39m[0m:   	checking for --enable-pystats... no
build	Forge APK (Verbose)	2026-02-24T01:18:42.0161324Z [1m[90m[DEBUG][39m[0m:   	checking for --with-assertions... no
build	Forge APK (Verbose)	2026-02-24T01:18:42.0162510Z [1m[90m[DEBUG][39m[0m:   	checking for --enable-optimizations... no
build	Forge APK (Verbose)	2026-02-24T01:18:42.0163583Z [1m[90m[DEBUG][39m[0m:   	checking PROFILE_TASK... -m test --pgo --timeout=$(TESTTIMEOUT)
build	Forge APK (Verbose)	2026-02-24T01:18:42.0164554Z [1m[90m[DEBUG][39m[0m:   	checking for --with-lto... no
build	Forge APK (Verbose)	2026-02-24T01:18:42.0172034Z [1m[90m[DEBUG][39m[0m:   	checking for llvm-profdata... no
build	Forge APK (Verbose)	2026-02-24T01:18:42.0341867Z [1m[90m[DEBUG][39m[0m:   	checking if gcc supports -Og optimization level... yes
build	Forge APK (Verbose)	2026-02-24T01:18:42.0613028Z [1m[90m[DEBUG][39m[0m:   	checking if we can add -Wextra... yes
build	Forge APK (Verbose)	2026-02-24T01:18:42.0903328Z [1m[90m[DEBUG][39m[0m:   	checking whether gcc -fno-strict-aliasing accepts and needs -fno-strict-aliasing... no
build	Forge APK (Verbose)	2026-02-24T01:18:42.1046473Z [1m[90m[DEBUG][39m[0m:   	checking if we can disable gcc unused-parameter warning... yes
build	Forge APK (Verbose)	2026-02-24T01:18:42.1187338Z [1m[90m[DEBUG][39m[0m:   	checking if we can disable gcc int-conversion warning... yes
build	Forge APK (Verbose)	2026-02-24T01:18:42.1327642Z [1m[90m[DEBUG][39m[0m:   	checking if we can disable gcc missing-field-initializers warning... yes
build	Forge APK (Verbose)	2026-02-24T01:18:42.1468613Z [1m[90m[DEBUG][39m[0m:   	checking if we can enable gcc sign-compare warning... yes
build	Forge APK (Verbose)	2026-02-24T01:18:42.1609455Z [1m[90m[DEBUG][39m[0m:   	checking if we can enable gcc unreachable-code warning... yes
build	Forge APK (Verbose)	2026-02-24T01:18:42.1793980Z [1m[90m[DEBUG][39m[0m:   	checking if we can enable gcc strict-prototypes warning... no
build	Forge APK (Verbose)	2026-02-24T01:18:42.1935739Z [1m[90m[DEBUG][39m[0m:   	checking if we can make implicit function declaration an error in gcc -Werror=implicit-function-declaration... yes
build	Forge APK (Verbose)	2026-02-24T01:18:42.2076701Z [1m[90m[DEBUG][39m[0m:   	checking if we can use visibility in gcc -fvisibility=hidden... yes
build	Forge APK (Verbose)	2026-02-24T01:18:42.2490409Z [1m[90m[DEBUG][39m[0m:   	checking whether pthreads are available without options... yes
build	Forge APK (Verbose)	2026-02-24T01:18:42.2494014Z [1m[90m[DEBUG][39m[0m:   	checking whether g++ also accepts flags for thread support... no
build	Forge APK (Verbose)	2026-02-24T01:18:42.2817548Z [1m[90m[DEBUG][39m[0m:   	checking alloca.h usability... yes
build	Forge APK (Verbose)	2026-02-24T01:18:42.2901868Z [1m[90m[DEBUG][39m[0m:   	checking alloca.h presence... yes
build	Forge APK (Verbose)	2026-02-24T01:18:42.2903576Z [1m[90m[DEBUG][39m[0m:   	checking for alloca.h... yes
build	Forge APK (Verbose)	2026-02-24T01:18:42.3171652Z [1m[90m[DEBUG][39m[0m:   	checking asm/types.h usability... yes
build	Forge APK (Verbose)	2026-02-24T01:18:42.3246743Z [1m[90m[DEBUG][39m[0m:   	checking asm/types.h presence... yes
build	Forge APK (Verbose)	2026-02-24T01:18:42.3247722Z [1m[90m[DEBUG][39m[0m:   	checking for asm/types.h... yes
build	Forge APK (Verbose)	2026-02-24T01:18:42.3538699Z [1m[90m[DEBUG][39m[0m:   	checking bluetooth.h usability... no
build	Forge APK (Verbose)	2026-02-24T01:18:42.3652866Z [1m[90m[DEBUG][39m[0m:   	checking bluetooth.h presence... no
build	Forge APK (Verbose)	2026-02-24T01:18:42.3653914Z [1m[90m[DEBUG][39m[0m:   	checking for bluetooth.h... no
build	Forge APK (Verbose)	2026-02-24T01:18:42.3916630Z [1m[90m[DEBUG][39m[0m:   	checking conio.h usability... no
build	Forge APK (Verbose)	2026-02-24T01:18:42.4033080Z [1m[90m[DEBUG][39m[0m:   	checking conio.h presence... no
build	Forge APK (Verbose)	2026-02-24T01:18:42.4033770Z [1m[90m[DEBUG][39m[0m:   	checking for conio.h... no
build	Forge APK (Verbose)	2026-02-24T01:18:42.4316205Z [1m[90m[DEBUG][39m[0m:   	checking crypt.h usability... yes
build	Forge APK (Verbose)	2026-02-24T01:18:42.4398828Z [1m[90m[DEBUG][39m[0m:   	checking crypt.h presence... yes
build	Forge APK (Verbose)	2026-02-24T01:18:42.4399714Z [1m[90m[DEBUG][39m[0m:   	checking for crypt.h... yes
build	Forge APK (Verbose)	2026-02-24T01:18:42.4691793Z [1m[90m[DEBUG][39m[0m:   	checking direct.h usability... no
build	Forge APK (Verbose)	2026-02-24T01:18:42.4806396Z [1m[90m[DEBUG][39m[0m:   	checking direct.h presence... no
build	Forge APK (Verbose)	2026-02-24T01:18:42.4807376Z [1m[90m[DEBUG][39m[0m:   	checking for direct.h... no
build	Forge APK (Verbose)	2026-02-24T01:18:42.5058915Z [1m[90m[DEBUG][39m[0m:   	checking dlfcn.h usability... yes
build	Forge APK (Verbose)	2026-02-24T01:18:42.5143183Z [1m[90m[DEBUG][39m[0m:   	checking dlfcn.h presence... yes
build	Forge APK (Verbose)	2026-02-24T01:18:42.5144183Z [1m[90m[DEBUG][39m[0m:   	checking for dlfcn.h... yes
build	Forge APK (Verbose)	2026-02-24T01:18:42.5414782Z [1m[90m[DEBUG][39m[0m:   	checking endian.h usability... yes
build	Forge APK (Verbose)	2026-02-24T01:18:42.5502818Z [1m[90m[DEBUG][39m[0m:   	checking endian.h presence... yes
build	Forge APK (Verbose)	2026-02-24T01:18:42.5504031Z [1m[90m[DEBUG][39m[0m:   	checking for endian.h... yes
build	Forge APK (Verbose)	2026-02-24T01:18:42.5793311Z [1m[90m[DEBUG][39m[0m:   	checking errno.h usability... yes
build	Forge APK (Verbose)	2026-02-24T01:18:42.5875506Z [1m[90m[DEBUG][39m[0m:   	checking errno.h presence... yes
build	Forge APK (Verbose)	2026-02-24T01:18:42.5876312Z [1m[90m[DEBUG][39m[0m:   	checking for errno.h... yes
build	Forge APK (Verbose)	2026-02-24T01:18:42.6167531Z [1m[90m[DEBUG][39m[0m:   	checking fcntl.h usability... yes
build	Forge APK (Verbose)	2026-02-24T01:18:42.6258800Z [1m[90m[DEBUG][39m[0m:   	checking fcntl.h presence... yes
build	Forge APK (Verbose)	2026-02-24T01:18:42.6259609Z [1m[90m[DEBUG][39m[0m:   	checking for fcntl.h... yes
build	Forge APK (Verbose)	2026-02-24T01:18:42.6530893Z [1m[90m[DEBUG][39m[0m:   	checking grp.h usability... yes
build	Forge APK (Verbose)	2026-02-24T01:18:42.6618231Z [1m[90m[DEBUG][39m[0m:   	checking grp.h presence... yes
build	Forge APK (Verbose)	2026-02-24T01:18:42.6619250Z [1m[90m[DEBUG][39m[0m:   	checking for grp.h... yes
build	Forge APK (Verbose)	2026-02-24T01:18:42.6909709Z [1m[90m[DEBUG][39m[0m:   	checking ieeefp.h usability... no
build	Forge APK (Verbose)	2026-02-24T01:18:42.7025053Z [1m[90m[DEBUG][39m[0m:   	checking ieeefp.h presence... no
build	Forge APK (Verbose)	2026-02-24T01:18:42.7026047Z [1m[90m[DEBUG][39m[0m:   	checking for ieeefp.h... no
build	Forge APK (Verbose)	2026-02-24T01:18:42.7285156Z [1m[90m[DEBUG][39m[0m:   	checking io.h usability... no
build	Forge APK (Verbose)	2026-02-24T01:18:42.7399417Z [1m[90m[DEBUG][39m[0m:   	checking io.h presence... no
build	Forge APK (Verbose)	2026-02-24T01:18:42.7400281Z [1m[90m[DEBUG][39m[0m:   	checking for io.h... no
build	Forge APK (Verbose)	2026-02-24T01:18:42.7650116Z [1m[90m[DEBUG][39m[0m:   	checking langinfo.h usability... yes
build	Forge APK (Verbose)	2026-02-24T01:18:42.7735732Z [1m[90m[DEBUG][39m[0m:   	checking langinfo.h presence... yes
build	Forge APK (Verbose)	2026-02-24T01:18:42.7736617Z [1m[90m[DEBUG][39m[0m:   	checking for langinfo.h... yes
build	Forge APK (Verbose)	2026-02-24T01:18:42.8007397Z [1m[90m[DEBUG][39m[0m:   	checking libintl.h usability... yes
build	Forge APK (Verbose)	2026-02-24T01:18:42.8089217Z [1m[90m[DEBUG][39m[0m:   	checking libintl.h presence... yes
build	Forge APK (Verbose)	2026-02-24T01:18:42.8090050Z [1m[90m[DEBUG][39m[0m:   	checking for libintl.h... yes
build	Forge APK (Verbose)	2026-02-24T01:18:42.8382691Z [1m[90m[DEBUG][39m[0m:   	checking libutil.h usability... no
build	Forge APK (Verbose)	2026-02-24T01:18:42.8498577Z [1m[90m[DEBUG][39m[0m:   	checking libutil.h presence... no
build	Forge APK (Verbose)	2026-02-24T01:18:42.8499392Z [1m[90m[DEBUG][39m[0m:   	checking for libutil.h... no
build	Forge APK (Verbose)	2026-02-24T01:18:42.9254602Z [1m[90m[DEBUG][39m[0m:   	checking linux/auxvec.h usability... yes
build	Forge APK (Verbose)	2026-02-24T01:18:42.9330285Z [1m[90m[DEBUG][39m[0m:   	checking linux/auxvec.h presence... yes
build	Forge APK (Verbose)	2026-02-24T01:18:42.9331321Z [1m[90m[DEBUG][39m[0m:   	checking for linux/auxvec.h... yes
build	Forge APK (Verbose)	2026-02-24T01:18:42.9626356Z [1m[90m[DEBUG][39m[0m:   	checking sys/auxv.h usability... yes
build	Forge APK (Verbose)	2026-02-24T01:18:42.9731180Z [1m[90m[DEBUG][39m[0m:   	checking sys/auxv.h presence... yes
build	Forge APK (Verbose)	2026-02-24T01:18:42.9732664Z [1m[90m[DEBUG][39m[0m:   	checking for sys/auxv.h... yes
build	Forge APK (Verbose)	2026-02-24T01:18:43.0002180Z [1m[90m[DEBUG][39m[0m:   	checking linux/limits.h usability... yes
build	Forge APK (Verbose)	2026-02-24T01:18:43.0078074Z [1m[90m[DEBUG][39m[0m:   	checking linux/limits.h presence... yes
build	Forge APK (Verbose)	2026-02-24T01:18:43.0079260Z [1m[90m[DEBUG][39m[0m:   	checking for linux/limits.h... yes
build	Forge APK (Verbose)	2026-02-24T01:18:43.0364328Z [1m[90m[DEBUG][39m[0m:   	checking linux/memfd.h usability... yes
build	Forge APK (Verbose)	2026-02-24T01:18:43.0441051Z [1m[90m[DEBUG][39m[0m:   	checking linux/memfd.h presence... yes
build	Forge APK (Verbose)	2026-02-24T01:18:43.0442158Z [1m[90m[DEBUG][39m[0m:   	checking for linux/memfd.h... yes
build	Forge APK (Verbose)	2026-02-24T01:18:43.0741106Z [1m[90m[DEBUG][39m[0m:   	checking linux/random.h usability... yes
build	Forge APK (Verbose)	2026-02-24T01:18:43.0822746Z [1m[90m[DEBUG][39m[0m:   	checking linux/random.h presence... yes
build	Forge APK (Verbose)	2026-02-24T01:18:43.0823573Z [1m[90m[DEBUG][39m[0m:   	checking for linux/random.h... yes
build	Forge APK (Verbose)	2026-02-24T01:18:43.1120862Z [1m[90m[DEBUG][39m[0m:   	checking linux/soundcard.h usability... yes
build	Forge APK (Verbose)	2026-02-24T01:18:43.1216691Z [1m[90m[DEBUG][39m[0m:   	checking linux/soundcard.h presence... yes
build	Forge APK (Verbose)	2026-02-24T01:18:43.1217860Z [1m[90m[DEBUG][39m[0m:   	checking for linux/soundcard.h... yes
build	Forge APK (Verbose)	2026-02-24T01:18:43.1517750Z [1m[90m[DEBUG][39m[0m:   	checking linux/tipc.h usability... yes
build	Forge APK (Verbose)	2026-02-24T01:18:43.1601302Z [1m[90m[DEBUG][39m[0m:   	checking linux/tipc.h presence... yes
build	Forge APK (Verbose)	2026-02-24T01:18:43.1602181Z [1m[90m[DEBUG][39m[0m:   	checking for linux/tipc.h... yes
build	Forge APK (Verbose)	2026-02-24T01:18:43.1883299Z [1m[90m[DEBUG][39m[0m:   	checking linux/wait.h usability... yes
build	Forge APK (Verbose)	2026-02-24T01:18:43.1959731Z [1m[90m[DEBUG][39m[0m:   	checking linux/wait.h presence... yes
build	Forge APK (Verbose)	2026-02-24T01:18:43.1960700Z [1m[90m[DEBUG][39m[0m:   	checking for linux/wait.h... yes
build	Forge APK (Verbose)	2026-02-24T01:18:43.2314410Z [1m[90m[DEBUG][39m[0m:   	checking netdb.h usability... yes
build	Forge APK (Verbose)	2026-02-24T01:18:43.2437563Z [1m[90m[DEBUG][39m[0m:   	checking netdb.h presence... yes
build	Forge APK (Verbose)	2026-02-24T01:18:43.2438381Z [1m[90m[DEBUG][39m[0m:   	checking for netdb.h... yes
build	Forge APK (Verbose)	2026-02-24T01:18:43.2732322Z [1m[90m[DEBUG][39m[0m:   	checking netinet/in.h usability... yes
build	Forge APK (Verbose)	2026-02-24T01:18:43.2846619Z [1m[90m[DEBUG][39m[0m:   	checking netinet/in.h presence... yes
build	Forge APK (Verbose)	2026-02-24T01:18:43.2847544Z [1m[90m[DEBUG][39m[0m:   	checking for netinet/in.h... yes
build	Forge APK (Verbose)	2026-02-24T01:18:43.3171652Z [1m[90m[DEBUG][39m[0m:   	checking netpacket/packet.h usability... yes
build	Forge APK (Verbose)	2026-02-24T01:18:43.3247870Z [1m[90m[DEBUG][39m[0m:   	checking netpacket/packet.h presence... yes
build	Forge APK (Verbose)	2026-02-24T01:18:43.3248734Z [1m[90m[DEBUG][39m[0m:   	checking for netpacket/packet.h... yes
build	Forge APK (Verbose)	2026-02-24T01:18:43.3531586Z [1m[90m[DEBUG][39m[0m:   	checking poll.h usability... yes
build	Forge APK (Verbose)	2026-02-24T01:18:43.3621587Z [1m[90m[DEBUG][39m[0m:   	checking poll.h presence... yes
build	Forge APK (Verbose)	2026-02-24T01:18:43.3622576Z [1m[90m[DEBUG][39m[0m:   	checking for poll.h... yes
build	Forge APK (Verbose)	2026-02-24T01:18:43.3925943Z [1m[90m[DEBUG][39m[0m:   	checking process.h usability... no
build	Forge APK (Verbose)	2026-02-24T01:18:43.4057100Z [1m[90m[DEBUG][39m[0m:   	checking process.h presence... no
build	Forge APK (Verbose)	2026-02-24T01:18:43.4057702Z [1m[90m[DEBUG][39m[0m:   	checking for process.h... no
build	Forge APK (Verbose)	2026-02-24T01:18:43.4324024Z [1m[90m[DEBUG][39m[0m:   	checking pthread.h usability... yes
build	Forge APK (Verbose)	2026-02-24T01:18:43.4435632Z [1m[90m[DEBUG][39m[0m:   	checking pthread.h presence... yes
build	Forge APK (Verbose)	2026-02-24T01:18:43.4436289Z [1m[90m[DEBUG][39m[0m:   	checking for pthread.h... yes
build	Forge APK (Verbose)	2026-02-24T01:18:43.4777957Z [1m[90m[DEBUG][39m[0m:   	checking pty.h usability... yes
build	Forge APK (Verbose)	2026-02-24T01:18:43.4884673Z [1m[90m[DEBUG][39m[0m:   	checking pty.h presence... yes
build	Forge APK (Verbose)	2026-02-24T01:18:43.4886429Z [1m[90m[DEBUG][39m[0m:   	checking for pty.h... yes
build	Forge APK (Verbose)	2026-02-24T01:18:43.5167354Z [1m[90m[DEBUG][39m[0m:   	checking sched.h usability... yes
build	Forge APK (Verbose)	2026-02-24T01:18:43.5258151Z [1m[90m[DEBUG][39m[0m:   	checking sched.h presence... yes
build	Forge APK (Verbose)	2026-02-24T01:18:43.5259083Z [1m[90m[DEBUG][39m[0m:   	checking for sched.h... yes
build	Forge APK (Verbose)	2026-02-24T01:18:43.5541368Z [1m[90m[DEBUG][39m[0m:   	checking setjmp.h usability... yes
build	Forge APK (Verbose)	2026-02-24T01:18:43.5625179Z [1m[90m[DEBUG][39m[0m:   	checking setjmp.h presence... yes
build	Forge APK (Verbose)	2026-02-24T01:18:43.5625985Z [1m[90m[DEBUG][39m[0m:   	checking for setjmp.h... yes
build	Forge APK (Verbose)	2026-02-24T01:18:43.5907594Z [1m[90m[DEBUG][39m[0m:   	checking shadow.h usability... yes
build	Forge APK (Verbose)	2026-02-24T01:18:43.5992321Z [1m[90m[DEBUG][39m[0m:   	checking shadow.h presence... yes
build	Forge APK (Verbose)	2026-02-24T01:18:43.5993405Z [1m[90m[DEBUG][39m[0m:   	checking for shadow.h... yes
build	Forge APK (Verbose)	2026-02-24T01:18:43.6340026Z [1m[90m[DEBUG][39m[0m:   	checking signal.h usability... yes
build	Forge APK (Verbose)	2026-02-24T01:18:43.6457382Z [1m[90m[DEBUG][39m[0m:   	checking signal.h presence... yes
build	Forge APK (Verbose)	2026-02-24T01:18:43.6458181Z [1m[90m[DEBUG][39m[0m:   	checking for signal.h... yes
build	Forge APK (Verbose)	2026-02-24T01:18:43.6746903Z [1m[90m[DEBUG][39m[0m:   	checking spawn.h usability... yes
build	Forge APK (Verbose)	2026-02-24T01:18:43.6848512Z [1m[90m[DEBUG][39m[0m:   	checking spawn.h presence... yes
build	Forge APK (Verbose)	2026-02-24T01:18:43.6849420Z [1m[90m[DEBUG][39m[0m:   	checking for spawn.h... yes
build	Forge APK (Verbose)	2026-02-24T01:18:43.7141019Z [1m[90m[DEBUG][39m[0m:   	checking stropts.h usability... no
build	Forge APK (Verbose)	2026-02-24T01:18:43.7256318Z [1m[90m[DEBUG][39m[0m:   	checking stropts.h presence... no
build	Forge APK (Verbose)	2026-02-24T01:18:43.7257497Z [1m[90m[DEBUG][39m[0m:   	checking for stropts.h... no
build	Forge APK (Verbose)	2026-02-24T01:18:43.7517095Z [1m[90m[DEBUG][39m[0m:   	checking sys/audioio.h usability... no
build	Forge APK (Verbose)	2026-02-24T01:18:43.7631280Z [1m[90m[DEBUG][39m[0m:   	checking sys/audioio.h presence... no
build	Forge APK (Verbose)	2026-02-24T01:18:43.7632690Z [1m[90m[DEBUG][39m[0m:   	checking for sys/audioio.h... no
build	Forge APK (Verbose)	2026-02-24T01:18:43.7892279Z [1m[90m[DEBUG][39m[0m:   	checking sys/bsdtty.h usability... no
build	Forge APK (Verbose)	2026-02-24T01:18:43.8007244Z [1m[90m[DEBUG][39m[0m:   	checking sys/bsdtty.h presence... no
build	Forge APK (Verbose)	2026-02-24T01:18:43.8008285Z [1m[90m[DEBUG][39m[0m:   	checking for sys/bsdtty.h... no
build	Forge APK (Verbose)	2026-02-24T01:18:43.8268245Z [1m[90m[DEBUG][39m[0m:   	checking sys/devpoll.h usability... no
build	Forge APK (Verbose)	2026-02-24T01:18:43.8383022Z [1m[90m[DEBUG][39m[0m:   	checking sys/devpoll.h presence... no
build	Forge APK (Verbose)	2026-02-24T01:18:43.8383806Z [1m[90m[DEBUG][39m[0m:   	checking for sys/devpoll.h... no
build	Forge APK (Verbose)	2026-02-24T01:18:43.8646116Z [1m[90m[DEBUG][39m[0m:   	checking sys/endian.h usability... no
build	Forge APK (Verbose)	2026-02-24T01:18:43.8761848Z [1m[90m[DEBUG][39m[0m:   	checking sys/endian.h presence... no
build	Forge APK (Verbose)	2026-02-24T01:18:43.8762929Z [1m[90m[DEBUG][39m[0m:   	checking for sys/endian.h... no
build	Forge APK (Verbose)	2026-02-24T01:18:43.9013407Z [1m[90m[DEBUG][39m[0m:   	checking sys/epoll.h usability... yes
build	Forge APK (Verbose)	2026-02-24T01:18:43.9113476Z [1m[90m[DEBUG][39m[0m:   	checking sys/epoll.h presence... yes
build	Forge APK (Verbose)	2026-02-24T01:18:43.9114557Z [1m[90m[DEBUG][39m[0m:   	checking for sys/epoll.h... yes
build	Forge APK (Verbose)	2026-02-24T01:18:43.9407936Z [1m[90m[DEBUG][39m[0m:   	checking sys/event.h usability... no
build	Forge APK (Verbose)	2026-02-24T01:18:43.9523451Z [1m[90m[DEBUG][39m[0m:   	checking sys/event.h presence... no
build	Forge APK (Verbose)	2026-02-24T01:18:43.9524456Z [1m[90m[DEBUG][39m[0m:   	checking for sys/event.h... no
build	Forge APK (Verbose)	2026-02-24T01:18:43.9814483Z [1m[90m[DEBUG][39m[0m:   	checking sys/eventfd.h usability... yes
build	Forge APK (Verbose)	2026-02-24T01:18:43.9904091Z [1m[90m[DEBUG][39m[0m:   	checking sys/eventfd.h presence... yes
build	Forge APK (Verbose)	2026-02-24T01:18:43.9904948Z [1m[90m[DEBUG][39m[0m:   	checking for sys/eventfd.h... yes
build	Forge APK (Verbose)	2026-02-24T01:18:44.0182389Z [1m[90m[DEBUG][39m[0m:   	checking sys/file.h usability... yes
build	Forge APK (Verbose)	2026-02-24T01:18:44.0275506Z [1m[90m[DEBUG][39m[0m:   	checking sys/file.h presence... yes
build	Forge APK (Verbose)	2026-02-24T01:18:44.0276382Z [1m[90m[DEBUG][39m[0m:   	checking for sys/file.h... yes
build	Forge APK (Verbose)	2026-02-24T01:18:44.0550932Z [1m[90m[DEBUG][39m[0m:   	checking sys/ioctl.h usability... yes
build	Forge APK (Verbose)	2026-02-24T01:18:44.0636278Z [1m[90m[DEBUG][39m[0m:   	checking sys/ioctl.h presence... yes
build	Forge APK (Verbose)	2026-02-24T01:18:44.0637634Z [1m[90m[DEBUG][39m[0m:   	checking for sys/ioctl.h... yes
build	Forge APK (Verbose)	2026-02-24T01:18:44.0932690Z [1m[90m[DEBUG][39m[0m:   	checking sys/kern_control.h usability... no
build	Forge APK (Verbose)	2026-02-24T01:18:44.1047921Z [1m[90m[DEBUG][39m[0m:   	checking sys/kern_control.h presence... no
build	Forge APK (Verbose)	2026-02-24T01:18:44.1048898Z [1m[90m[DEBUG][39m[0m:   	checking for sys/kern_control.h... no
build	Forge APK (Verbose)	2026-02-24T01:18:44.1310072Z [1m[90m[DEBUG][39m[0m:   	checking sys/loadavg.h usability... no
build	Forge APK (Verbose)	2026-02-24T01:18:44.1426966Z [1m[90m[DEBUG][39m[0m:   	checking sys/loadavg.h presence... no
build	Forge APK (Verbose)	2026-02-24T01:18:44.1427977Z [1m[90m[DEBUG][39m[0m:   	checking for sys/loadavg.h... no
build	Forge APK (Verbose)	2026-02-24T01:18:44.1690837Z [1m[90m[DEBUG][39m[0m:   	checking sys/lock.h usability... no
build	Forge APK (Verbose)	2026-02-24T01:18:44.1805801Z [1m[90m[DEBUG][39m[0m:   	checking sys/lock.h presence... no
build	Forge APK (Verbose)	2026-02-24T01:18:44.1806458Z [1m[90m[DEBUG][39m[0m:   	checking for sys/lock.h... no
build	Forge APK (Verbose)	2026-02-24T01:18:44.2066397Z [1m[90m[DEBUG][39m[0m:   	checking sys/memfd.h usability... no
build	Forge APK (Verbose)	2026-02-24T01:18:44.2181135Z [1m[90m[DEBUG][39m[0m:   	checking sys/memfd.h presence... no
build	Forge APK (Verbose)	2026-02-24T01:18:44.2181996Z [1m[90m[DEBUG][39m[0m:   	checking for sys/memfd.h... no
build	Forge APK (Verbose)	2026-02-24T01:18:44.2445110Z [1m[90m[DEBUG][39m[0m:   	checking sys/mkdev.h usability... no
build	Forge APK (Verbose)	2026-02-24T01:18:44.2561405Z [1m[90m[DEBUG][39m[0m:   	checking sys/mkdev.h presence... no
build	Forge APK (Verbose)	2026-02-24T01:18:44.2562414Z [1m[90m[DEBUG][39m[0m:   	checking for sys/mkdev.h... no
build	Forge APK (Verbose)	2026-02-24T01:18:44.2823784Z [1m[90m[DEBUG][39m[0m:   	checking sys/mman.h usability... yes
build	Forge APK (Verbose)	2026-02-24T01:18:44.2917213Z [1m[90m[DEBUG][39m[0m:   	checking sys/mman.h presence... yes
build	Forge APK (Verbose)	2026-02-24T01:18:44.2918037Z [1m[90m[DEBUG][39m[0m:   	checking for sys/mman.h... yes
build	Forge APK (Verbose)	2026-02-24T01:18:44.3208123Z [1m[90m[DEBUG][39m[0m:   	checking sys/modem.h usability... no
build	Forge APK (Verbose)	2026-02-24T01:18:44.3324384Z [1m[90m[DEBUG][39m[0m:   	checking sys/modem.h presence... no
build	Forge APK (Verbose)	2026-02-24T01:18:44.3325330Z [1m[90m[DEBUG][39m[0m:   	checking for sys/modem.h... no
build	Forge APK (Verbose)	2026-02-24T01:18:44.3600434Z [1m[90m[DEBUG][39m[0m:   	checking sys/param.h usability... yes
build	Forge APK (Verbose)	2026-02-24T01:18:44.3733211Z [1m[90m[DEBUG][39m[0m:   	checking sys/param.h presence... yes
build	Forge APK (Verbose)	2026-02-24T01:18:44.3734026Z [1m[90m[DEBUG][39m[0m:   	checking for sys/param.h... yes
build	Forge APK (Verbose)	2026-02-24T01:18:44.4004392Z [1m[90m[DEBUG][39m[0m:   	checking sys/poll.h usability... yes
build	Forge APK (Verbose)	2026-02-24T01:18:44.4092556Z [1m[90m[DEBUG][39m[0m:   	checking sys/poll.h presence... yes
build	Forge APK (Verbose)	2026-02-24T01:18:44.4093448Z [1m[90m[DEBUG][39m[0m:   	checking for sys/poll.h... yes
build	Forge APK (Verbose)	2026-02-24T01:18:44.4366806Z [1m[90m[DEBUG][39m[0m:   	checking sys/random.h usability... yes
build	Forge APK (Verbose)	2026-02-24T01:18:44.4461954Z [1m[90m[DEBUG][39m[0m:   	checking sys/random.h presence... yes
build	Forge APK (Verbose)	2026-02-24T01:18:44.4462914Z [1m[90m[DEBUG][39m[0m:   	checking for sys/random.h... yes
build	Forge APK (Verbose)	2026-02-24T01:18:44.4742239Z [1m[90m[DEBUG][39m[0m:   	checking sys/resource.h usability... yes
build	Forge APK (Verbose)	2026-02-24T01:18:44.4830253Z [1m[90m[DEBUG][39m[0m:   	checking sys/resource.h presence... yes
build	Forge APK (Verbose)	2026-02-24T01:18:44.4831826Z [1m[90m[DEBUG][39m[0m:   	checking for sys/resource.h... yes
build	Forge APK (Verbose)	2026-02-24T01:18:44.5098582Z [1m[90m[DEBUG][39m[0m:   	checking sys/select.h usability... yes
build	Forge APK (Verbose)	2026-02-24T01:18:44.5186401Z [1m[90m[DEBUG][39m[0m:   	checking sys/select.h presence... yes
build	Forge APK (Verbose)	2026-02-24T01:18:44.5187304Z [1m[90m[DEBUG][39m[0m:   	checking for sys/select.h... yes
build	Forge APK (Verbose)	2026-02-24T01:18:44.5465570Z [1m[90m[DEBUG][39m[0m:   	checking sys/sendfile.h usability... yes
build	Forge APK (Verbose)	2026-02-24T01:18:44.5561183Z [1m[90m[DEBUG][39m[0m:   	checking sys/sendfile.h presence... yes
build	Forge APK (Verbose)	2026-02-24T01:18:44.5562334Z [1m[90m[DEBUG][39m[0m:   	checking for sys/sendfile.h... yes
build	Forge APK (Verbose)	2026-02-24T01:18:44.5840789Z [1m[90m[DEBUG][39m[0m:   	checking sys/socket.h usability... yes
build	Forge APK (Verbose)	2026-02-24T01:18:44.5947367Z [1m[90m[DEBUG][39m[0m:   	checking sys/socket.h presence... yes
build	Forge APK (Verbose)	2026-02-24T01:18:44.5948439Z [1m[90m[DEBUG][39m[0m:   	checking for sys/socket.h... yes
build	Forge APK (Verbose)	2026-02-24T01:18:44.6225966Z [1m[90m[DEBUG][39m[0m:   	checking sys/soundcard.h usability... yes
build	Forge APK (Verbose)	2026-02-24T01:18:44.6318663Z [1m[90m[DEBUG][39m[0m:   	checking sys/soundcard.h presence... yes
build	Forge APK (Verbose)	2026-02-24T01:18:44.6319756Z [1m[90m[DEBUG][39m[0m:   	checking for sys/soundcard.h... yes
build	Forge APK (Verbose)	2026-02-24T01:18:44.6377287Z [1m[90m[DEBUG][39m[0m:   	checking for sys/stat.h... (cached) yes
build	Forge APK (Verbose)	2026-02-24T01:18:44.6652340Z [1m[90m[DEBUG][39m[0m:   	checking sys/statvfs.h usability... yes
build	Forge APK (Verbose)	2026-02-24T01:18:44.6739929Z [1m[90m[DEBUG][39m[0m:   	checking sys/statvfs.h presence... yes
build	Forge APK (Verbose)	2026-02-24T01:18:44.6740917Z [1m[90m[DEBUG][39m[0m:   	checking for sys/statvfs.h... yes
build	Forge APK (Verbose)	2026-02-24T01:18:44.7044701Z [1m[90m[DEBUG][39m[0m:   	checking sys/sys_domain.h usability... no
build	Forge APK (Verbose)	2026-02-24T01:18:44.7164893Z [1m[90m[DEBUG][39m[0m:   	checking sys/sys_domain.h presence... no
build	Forge APK (Verbose)	2026-02-24T01:18:44.7165751Z [1m[90m[DEBUG][39m[0m:   	checking for sys/sys_domain.h... no
build	Forge APK (Verbose)	2026-02-24T01:18:44.7430738Z [1m[90m[DEBUG][39m[0m:   	checking sys/syscall.h usability... yes
build	Forge APK (Verbose)	2026-02-24T01:18:44.7516532Z [1m[90m[DEBUG][39m[0m:   	checking sys/syscall.h presence... yes
build	Forge APK (Verbose)	2026-02-24T01:18:44.7517401Z [1m[90m[DEBUG][39m[0m:   	checking for sys/syscall.h... yes
build	Forge APK (Verbose)	2026-02-24T01:18:44.7800318Z [1m[90m[DEBUG][39m[0m:   	checking sys/sysmacros.h usability... yes
build	Forge APK (Verbose)	2026-02-24T01:18:44.7887326Z [1m[90m[DEBUG][39m[0m:   	checking sys/sysmacros.h presence... yes
build	Forge APK (Verbose)	2026-02-24T01:18:44.7888371Z [1m[90m[DEBUG][39m[0m:   	checking for sys/sysmacros.h... yes
build	Forge APK (Verbose)	2026-02-24T01:18:44.8191488Z [1m[90m[DEBUG][39m[0m:   	checking sys/termio.h usability... no
build	Forge APK (Verbose)	2026-02-24T01:18:44.8310840Z [1m[90m[DEBUG][39m[0m:   	checking sys/termio.h presence... no
build	Forge APK (Verbose)	2026-02-24T01:18:44.8311808Z [1m[90m[DEBUG][39m[0m:   	checking for sys/termio.h... no
build	Forge APK (Verbose)	2026-02-24T01:18:44.8559200Z [1m[90m[DEBUG][39m[0m:   	checking sys/time.h usability... yes
build	Forge APK (Verbose)	2026-02-24T01:18:44.8651608Z [1m[90m[DEBUG][39m[0m:   	checking sys/time.h presence... yes
build	Forge APK (Verbose)	2026-02-24T01:18:44.8652673Z [1m[90m[DEBUG][39m[0m:   	checking for sys/time.h... yes
build	Forge APK (Verbose)	2026-02-24T01:18:44.8944997Z [1m[90m[DEBUG][39m[0m:   	checking sys/times.h usability... yes
build	Forge APK (Verbose)	2026-02-24T01:18:44.9045930Z [1m[90m[DEBUG][39m[0m:   	checking sys/times.h presence... yes
build	Forge APK (Verbose)	2026-02-24T01:18:44.9106384Z [1m[90m[DEBUG][39m[0m:   	checking for sys/times.h... yes
build	Forge APK (Verbose)	2026-02-24T01:18:44.9107043Z [1m[90m[DEBUG][39m[0m:   	checking for sys/types.h... (cached) yes
build	Forge APK (Verbose)	2026-02-24T01:18:44.9400987Z [1m[90m[DEBUG][39m[0m:   	checking sys/uio.h usability... yes
build	Forge APK (Verbose)	2026-02-24T01:18:44.9504349Z [1m[90m[DEBUG][39m[0m:   	checking sys/uio.h presence... yes
build	Forge APK (Verbose)	2026-02-24T01:18:44.9505139Z [1m[90m[DEBUG][39m[0m:   	checking for sys/uio.h... yes
build	Forge APK (Verbose)	2026-02-24T01:18:44.9789499Z [1m[90m[DEBUG][39m[0m:   	checking sys/un.h usability... yes
build	Forge APK (Verbose)	2026-02-24T01:18:44.9885013Z [1m[90m[DEBUG][39m[0m:   	checking sys/un.h presence... yes
build	Forge APK (Verbose)	2026-02-24T01:18:44.9885868Z [1m[90m[DEBUG][39m[0m:   	checking for sys/un.h... yes
build	Forge APK (Verbose)	2026-02-24T01:18:45.0172015Z [1m[90m[DEBUG][39m[0m:   	checking sys/utsname.h usability... yes
build	Forge APK (Verbose)	2026-02-24T01:18:45.0257706Z [1m[90m[DEBUG][39m[0m:   	checking sys/utsname.h presence... yes
build	Forge APK (Verbose)	2026-02-24T01:18:45.0258822Z [1m[90m[DEBUG][39m[0m:   	checking for sys/utsname.h... yes
build	Forge APK (Verbose)	2026-02-24T01:18:45.0627808Z [1m[90m[DEBUG][39m[0m:   	checking sys/wait.h usability... yes
build	Forge APK (Verbose)	2026-02-24T01:18:45.0754247Z [1m[90m[DEBUG][39m[0m:   	checking sys/wait.h presence... yes
build	Forge APK (Verbose)	2026-02-24T01:18:45.0754935Z [1m[90m[DEBUG][39m[0m:   	checking for sys/wait.h... yes
build	Forge APK (Verbose)	2026-02-24T01:18:45.1034847Z [1m[90m[DEBUG][39m[0m:   	checking sys/xattr.h usability... yes
build	Forge APK (Verbose)	2026-02-24T01:18:45.1135269Z [1m[90m[DEBUG][39m[0m:   	checking sys/xattr.h presence... yes
build	Forge APK (Verbose)	2026-02-24T01:18:45.1136191Z [1m[90m[DEBUG][39m[0m:   	checking for sys/xattr.h... yes
build	Forge APK (Verbose)	2026-02-24T01:18:45.1414192Z [1m[90m[DEBUG][39m[0m:   	checking sysexits.h usability... yes
build	Forge APK (Verbose)	2026-02-24T01:18:45.1492296Z [1m[90m[DEBUG][39m[0m:   	checking sysexits.h presence... yes
build	Forge APK (Verbose)	2026-02-24T01:18:45.1492911Z [1m[90m[DEBUG][39m[0m:   	checking for sysexits.h... yes
build	Forge APK (Verbose)	2026-02-24T01:18:45.1775843Z [1m[90m[DEBUG][39m[0m:   	checking syslog.h usability... yes
build	Forge APK (Verbose)	2026-02-24T01:18:45.1864048Z [1m[90m[DEBUG][39m[0m:   	checking syslog.h presence... yes
build	Forge APK (Verbose)	2026-02-24T01:18:45.1865012Z [1m[90m[DEBUG][39m[0m:   	checking for syslog.h... yes
build	Forge APK (Verbose)	2026-02-24T01:18:45.2142276Z [1m[90m[DEBUG][39m[0m:   	checking termios.h usability... yes
build	Forge APK (Verbose)	2026-02-24T01:18:45.2231686Z [1m[90m[DEBUG][39m[0m:   	checking termios.h presence... yes
build	Forge APK (Verbose)	2026-02-24T01:18:45.2232491Z [1m[90m[DEBUG][39m[0m:   	checking for termios.h... yes
build	Forge APK (Verbose)	2026-02-24T01:18:45.2531795Z [1m[90m[DEBUG][39m[0m:   	checking util.h usability... no
build	Forge APK (Verbose)	2026-02-24T01:18:45.2649979Z [1m[90m[DEBUG][39m[0m:   	checking util.h presence... no
build	Forge APK (Verbose)	2026-02-24T01:18:45.2651213Z [1m[90m[DEBUG][39m[0m:   	checking for util.h... no
build	Forge APK (Verbose)	2026-02-24T01:18:45.2898927Z [1m[90m[DEBUG][39m[0m:   	checking utime.h usability... yes
build	Forge APK (Verbose)	2026-02-24T01:18:45.2985413Z [1m[90m[DEBUG][39m[0m:   	checking utime.h presence... yes
build	Forge APK (Verbose)	2026-02-24T01:18:45.2986176Z [1m[90m[DEBUG][39m[0m:   	checking for utime.h... yes
build	Forge APK (Verbose)	2026-02-24T01:18:45.3269403Z [1m[90m[DEBUG][39m[0m:   	checking utmp.h usability... yes
build	Forge APK (Verbose)	2026-02-24T01:18:45.3366362Z [1m[90m[DEBUG][39m[0m:   	checking utmp.h presence... yes
build	Forge APK (Verbose)	2026-02-24T01:18:45.3367250Z [1m[90m[DEBUG][39m[0m:   	checking for utmp.h... yes
build	Forge APK (Verbose)	2026-02-24T01:18:45.3611079Z [1m[90m[DEBUG][39m[0m:   	checking for dirent.h that defines DIR... yes
build	Forge APK (Verbose)	2026-02-24T01:18:45.3958393Z [1m[90m[DEBUG][39m[0m:   	checking for library containing opendir... none required
build	Forge APK (Verbose)	2026-02-24T01:18:45.4339166Z [1m[90m[DEBUG][39m[0m:   	checking whether sys/types.h defines makedev... no
build	Forge APK (Verbose)	2026-02-24T01:18:45.4340220Z [1m[90m[DEBUG][39m[0m:   	checking for sys/mkdev.h... (cached) no
build	Forge APK (Verbose)	2026-02-24T01:18:45.4341157Z [1m[90m[DEBUG][39m[0m:   	checking for sys/sysmacros.h... (cached) yes
build	Forge APK (Verbose)	2026-02-24T01:18:45.4583213Z [1m[90m[DEBUG][39m[0m:   	checking bluetooth/bluetooth.h usability... no
build	Forge APK (Verbose)	2026-02-24T01:18:45.4700932Z [1m[90m[DEBUG][39m[0m:   	checking bluetooth/bluetooth.h presence... no
build	Forge APK (Verbose)	2026-02-24T01:18:45.4702227Z [1m[90m[DEBUG][39m[0m:   	checking for bluetooth/bluetooth.h... no
build	Forge APK (Verbose)	2026-02-24T01:18:45.4895925Z [1m[90m[DEBUG][39m[0m:   	checking for net/if.h... yes
build	Forge APK (Verbose)	2026-02-24T01:18:45.5066220Z [1m[90m[DEBUG][39m[0m:   	checking for linux/netlink.h... yes
build	Forge APK (Verbose)	2026-02-24T01:18:45.5231653Z [1m[90m[DEBUG][39m[0m:   	checking for linux/qrtr.h... yes
build	Forge APK (Verbose)	2026-02-24T01:18:45.5397721Z [1m[90m[DEBUG][39m[0m:   	checking for linux/vm_sockets.h... yes
build	Forge APK (Verbose)	2026-02-24T01:18:45.5633378Z [1m[90m[DEBUG][39m[0m:   	checking for linux/can.h... yes
build	Forge APK (Verbose)	2026-02-24T01:18:45.5846546Z [1m[90m[DEBUG][39m[0m:   	checking for linux/can/bcm.h... yes
build	Forge APK (Verbose)	2026-02-24T01:18:45.6058379Z [1m[90m[DEBUG][39m[0m:   	checking for linux/can/j1939.h... yes
build	Forge APK (Verbose)	2026-02-24T01:18:45.6268677Z [1m[90m[DEBUG][39m[0m:   	checking for linux/can/raw.h... yes
build	Forge APK (Verbose)	2026-02-24T01:18:45.6496372Z [1m[90m[DEBUG][39m[0m:   	checking for netcan/can.h... no
build	Forge APK (Verbose)	2026-02-24T01:18:45.6591050Z [1m[90m[DEBUG][39m[0m:   	checking for clock_t in time.h... yes
build	Forge APK (Verbose)	2026-02-24T01:18:45.6909059Z [1m[90m[DEBUG][39m[0m:   	checking for makedev... yes
build	Forge APK (Verbose)	2026-02-24T01:18:45.7229807Z [1m[90m[DEBUG][39m[0m:   	checking for le64toh... yes
build	Forge APK (Verbose)	2026-02-24T01:18:45.7735459Z [1m[90m[DEBUG][39m[0m:   	checking for mode_t... yes
build	Forge APK (Verbose)	2026-02-24T01:18:45.8232442Z [1m[90m[DEBUG][39m[0m:   	checking for off_t... yes
build	Forge APK (Verbose)	2026-02-24T01:18:45.8720854Z [1m[90m[DEBUG][39m[0m:   	checking for pid_t... yes
build	Forge APK (Verbose)	2026-02-24T01:18:45.9226476Z [1m[90m[DEBUG][39m[0m:   	checking for size_t... yes
build	Forge APK (Verbose)	2026-02-24T01:18:45.9323112Z [1m[90m[DEBUG][39m[0m:   	checking for uid_t in sys/types.h... yes
build	Forge APK (Verbose)	2026-02-24T01:18:45.9815643Z [1m[90m[DEBUG][39m[0m:   	checking for ssize_t... yes
build	Forge APK (Verbose)	2026-02-24T01:18:46.0301311Z [1m[90m[DEBUG][39m[0m:   	checking for __uint128_t... yes
build	Forge APK (Verbose)	2026-02-24T01:18:46.0737590Z [1m[90m[DEBUG][39m[0m:   	checking size of int... 4
build	Forge APK (Verbose)	2026-02-24T01:18:46.1182411Z [1m[90m[DEBUG][39m[0m:   	checking size of long... 8
build	Forge APK (Verbose)	2026-02-24T01:18:46.1629010Z [1m[90m[DEBUG][39m[0m:   	checking alignment of long... 8
build	Forge APK (Verbose)	2026-02-24T01:18:46.2088759Z [1m[90m[DEBUG][39m[0m:   	checking size of long long... 8
build	Forge APK (Verbose)	2026-02-24T01:18:46.2545662Z [1m[90m[DEBUG][39m[0m:   	checking size of void *... 8
build	Forge APK (Verbose)	2026-02-24T01:18:46.3001551Z [1m[90m[DEBUG][39m[0m:   	checking size of short... 2
build	Forge APK (Verbose)	2026-02-24T01:18:46.3461105Z [1m[90m[DEBUG][39m[0m:   	checking size of float... 4
build	Forge APK (Verbose)	2026-02-24T01:18:46.3919144Z [1m[90m[DEBUG][39m[0m:   	checking size of double... 8
build	Forge APK (Verbose)	2026-02-24T01:18:46.4376880Z [1m[90m[DEBUG][39m[0m:   	checking size of fpos_t... 16
build	Forge APK (Verbose)	2026-02-24T01:18:46.4832203Z [1m[90m[DEBUG][39m[0m:   	checking size of size_t... 8
build	Forge APK (Verbose)	2026-02-24T01:18:46.5289763Z [1m[90m[DEBUG][39m[0m:   	checking alignment of size_t... 8
build	Forge APK (Verbose)	2026-02-24T01:18:46.5742196Z [1m[90m[DEBUG][39m[0m:   	checking size of pid_t... 4
build	Forge APK (Verbose)	2026-02-24T01:18:46.6199465Z [1m[90m[DEBUG][39m[0m:   	checking size of uintptr_t... 8
build	Forge APK (Verbose)	2026-02-24T01:18:46.6209048Z [1m[90m[DEBUG][39m[0m:   	checking for long double... yes
build	Forge APK (Verbose)	2026-02-24T01:18:46.6652338Z [1m[90m[DEBUG][39m[0m:   	checking size of long double... 16
build	Forge APK (Verbose)	2026-02-24T01:18:46.7096080Z [1m[90m[DEBUG][39m[0m:   	checking size of _Bool... 1
build	Forge APK (Verbose)	2026-02-24T01:18:46.7513510Z [1m[90m[DEBUG][39m[0m:   	checking size of off_t... 8
build	Forge APK (Verbose)	2026-02-24T01:18:46.7522984Z [1m[90m[DEBUG][39m[0m:   	checking whether to enable large file support... no
build	Forge APK (Verbose)	2026-02-24T01:18:46.7917816Z [1m[90m[DEBUG][39m[0m:   	checking size of time_t... 8
build	Forge APK (Verbose)	2026-02-24T01:18:46.8120380Z [1m[90m[DEBUG][39m[0m:   	checking for pthread_t... yes
build	Forge APK (Verbose)	2026-02-24T01:18:46.8533950Z [1m[90m[DEBUG][39m[0m:   	checking size of pthread_t... 8
build	Forge APK (Verbose)	2026-02-24T01:18:46.8961230Z [1m[90m[DEBUG][39m[0m:   	checking size of pthread_key_t... 4
build	Forge APK (Verbose)	2026-02-24T01:18:46.9163053Z [1m[90m[DEBUG][39m[0m:   	checking whether pthread_key_t is compatible with int... yes
build	Forge APK (Verbose)	2026-02-24T01:18:46.9164537Z [1m[90m[DEBUG][39m[0m:   	checking for --enable-framework... no
build	Forge APK (Verbose)	2026-02-24T01:18:46.9168743Z [1m[90m[DEBUG][39m[0m:   	checking for dyld... no
build	Forge APK (Verbose)	2026-02-24T01:18:46.9171016Z [1m[90m[DEBUG][39m[0m:   	checking for --with-address-sanitizer... no
build	Forge APK (Verbose)	2026-02-24T01:18:46.9172073Z [1m[90m[DEBUG][39m[0m:   	checking for --with-memory-sanitizer... no
build	Forge APK (Verbose)	2026-02-24T01:18:46.9173079Z [1m[90m[DEBUG][39m[0m:   	checking for --with-undefined-behavior-sanitizer... no
build	Forge APK (Verbose)	2026-02-24T01:18:46.9174107Z [1m[90m[DEBUG][39m[0m:   	checking the extension of shared libraries... .so
build	Forge APK (Verbose)	2026-02-24T01:18:46.9175673Z [1m[90m[DEBUG][39m[0m:   	checking LDSHARED... $(CC) -shared
build	Forge APK (Verbose)	2026-02-24T01:18:46.9176786Z [1m[90m[DEBUG][39m[0m:   	checking BLDSHARED flags... $(CC) -shared
build	Forge APK (Verbose)	2026-02-24T01:18:46.9178098Z [1m[90m[DEBUG][39m[0m:   	checking CCSHARED... -fPIC
build	Forge APK (Verbose)	2026-02-24T01:18:46.9179397Z [1m[90m[DEBUG][39m[0m:   	checking LINKFORSHARED... -Xlinker -export-dynamic
build	Forge APK (Verbose)	2026-02-24T01:18:46.9181703Z [1m[90m[DEBUG][39m[0m:   	checking CFLAGSFORSHARED...
build	Forge APK (Verbose)	2026-02-24T01:18:46.9182919Z [1m[90m[DEBUG][39m[0m:   	checking SHLIBS... $(LIBS)
build	Forge APK (Verbose)	2026-02-24T01:18:46.9426695Z [1m[90m[DEBUG][39m[0m:   	checking for sendfile in -lsendfile... no
build	Forge APK (Verbose)	2026-02-24T01:18:46.9802318Z [1m[90m[DEBUG][39m[0m:   	checking for dlopen in -ldl... yes
build	Forge APK (Verbose)	2026-02-24T01:18:47.0056255Z [1m[90m[DEBUG][39m[0m:   	checking for shl_load in -ldld... no
build	Forge APK (Verbose)	2026-02-24T01:18:47.0297740Z [1m[90m[DEBUG][39m[0m:   	checking uuid.h usability... no
build	Forge APK (Verbose)	2026-02-24T01:18:47.0413523Z [1m[90m[DEBUG][39m[0m:   	checking uuid.h presence... no
build	Forge APK (Verbose)	2026-02-24T01:18:47.0414429Z [1m[90m[DEBUG][39m[0m:   	checking for uuid.h... no
build	Forge APK (Verbose)	2026-02-24T01:18:47.0704744Z [1m[90m[DEBUG][39m[0m:   	checking for LIBUUID... no
build	Forge APK (Verbose)	2026-02-24T01:18:47.0990448Z [1m[90m[DEBUG][39m[0m:   	checking uuid/uuid.h usability... no
build	Forge APK (Verbose)	2026-02-24T01:18:47.1107422Z [1m[90m[DEBUG][39m[0m:   	checking uuid/uuid.h presence... no
build	Forge APK (Verbose)	2026-02-24T01:18:47.1108253Z [1m[90m[DEBUG][39m[0m:   	checking for uuid/uuid.h... no
build	Forge APK (Verbose)	2026-02-24T01:18:47.1112550Z [1m[90m[DEBUG][39m[0m:   	checking for uuid/uuid.h... (cached) no
build	Forge APK (Verbose)	2026-02-24T01:18:47.1427480Z [1m[90m[DEBUG][39m[0m:   	checking for library containing sem_init... none required
build	Forge APK (Verbose)	2026-02-24T01:18:47.1672661Z [1m[90m[DEBUG][39m[0m:   	checking for textdomain in -lintl... no
build	Forge APK (Verbose)	2026-02-24T01:18:47.1993308Z [1m[90m[DEBUG][39m[0m:   	checking aligned memory access is required... no
build	Forge APK (Verbose)	2026-02-24T01:18:47.1994314Z [1m[90m[DEBUG][39m[0m:   	checking for --with-hash-algorithm... default
build	Forge APK (Verbose)	2026-02-24T01:18:47.2012931Z [1m[90m[DEBUG][39m[0m:   	checking for --with-tzpath... "/usr/share/zoneinfo:/usr/lib/zoneinfo:/usr/share/lib/zoneinfo:/etc/zoneinfo"
build	Forge APK (Verbose)	2026-02-24T01:18:47.2256992Z [1m[90m[DEBUG][39m[0m:   	checking for t_open in -lnsl... no
build	Forge APK (Verbose)	2026-02-24T01:18:47.2500723Z [1m[90m[DEBUG][39m[0m:   	checking for socket in -lsocket... no
build	Forge APK (Verbose)	2026-02-24T01:18:47.2501949Z [1m[90m[DEBUG][39m[0m:   	checking for --with-libs... no
build	Forge APK (Verbose)	2026-02-24T01:18:47.2505618Z [1m[90m[DEBUG][39m[0m:   	checking for --with-system-expat... no
build	Forge APK (Verbose)	2026-02-24T01:18:47.2506324Z [1m[90m[DEBUG][39m[0m:   	checking for --with-system-ffi... yes
build	Forge APK (Verbose)	2026-02-24T01:18:47.2526338Z [1m[90m[DEBUG][39m[0m:   	checking for --with-system-libmpdec... no
build	Forge APK (Verbose)	2026-02-24T01:18:47.2528205Z [1m[90m[DEBUG][39m[0m:   	checking for --with-decimal-contextvar... yes
build	Forge APK (Verbose)	2026-02-24T01:18:47.2530348Z [1m[90m[DEBUG][39m[0m:   	checking for decimal libmpdec machine... uint128
build	Forge APK (Verbose)	2026-02-24T01:18:47.2605355Z [1m[90m[DEBUG][39m[0m:   	checking for LIBNSL... no
build	Forge APK (Verbose)	2026-02-24T01:18:47.3238385Z [1m[90m[DEBUG][39m[0m:   	checking for library containing yp_match... no
build	Forge APK (Verbose)	2026-02-24T01:18:47.3305535Z [1m[90m[DEBUG][39m[0m:   	checking for LIBSQLITE3... yes
build	Forge APK (Verbose)	2026-02-24T01:18:47.3751908Z [1m[90m[DEBUG][39m[0m:   	checking sqlite3.h usability... yes
build	Forge APK (Verbose)	2026-02-24T01:18:47.3851272Z [1m[90m[DEBUG][39m[0m:   	checking sqlite3.h presence... yes
build	Forge APK (Verbose)	2026-02-24T01:18:47.3852187Z [1m[90m[DEBUG][39m[0m:   	checking for sqlite3.h... yes
build	Forge APK (Verbose)	2026-02-24T01:18:47.4383637Z [1m[90m[DEBUG][39m[0m:   	checking for sqlite3_bind_double in -lsqlite3... yes
build	Forge APK (Verbose)	2026-02-24T01:18:47.4749265Z [1m[90m[DEBUG][39m[0m:   	checking for sqlite3_column_decltype in -lsqlite3... yes
build	Forge APK (Verbose)	2026-02-24T01:18:47.5112883Z [1m[90m[DEBUG][39m[0m:   	checking for sqlite3_column_double in -lsqlite3... yes
build	Forge APK (Verbose)	2026-02-24T01:18:47.5475492Z [1m[90m[DEBUG][39m[0m:   	checking for sqlite3_complete in -lsqlite3... yes
build	Forge APK (Verbose)	2026-02-24T01:18:47.5843826Z [1m[90m[DEBUG][39m[0m:   	checking for sqlite3_enable_shared_cache in -lsqlite3... yes
build	Forge APK (Verbose)	2026-02-24T01:18:47.6212655Z [1m[90m[DEBUG][39m[0m:   	checking for sqlite3_progress_handler in -lsqlite3... yes
build	Forge APK (Verbose)	2026-02-24T01:18:47.6597322Z [1m[90m[DEBUG][39m[0m:   	checking for sqlite3_result_double in -lsqlite3... yes
build	Forge APK (Verbose)	2026-02-24T01:18:47.6977286Z [1m[90m[DEBUG][39m[0m:   	checking for sqlite3_set_authorizer in -lsqlite3... yes
build	Forge APK (Verbose)	2026-02-24T01:18:47.7357765Z [1m[90m[DEBUG][39m[0m:   	checking for sqlite3_trace_v2 in -lsqlite3... yes
build	Forge APK (Verbose)	2026-02-24T01:18:47.7745808Z [1m[90m[DEBUG][39m[0m:   	checking for sqlite3_value_double in -lsqlite3... yes
build	Forge APK (Verbose)	2026-02-24T01:18:47.8134497Z [1m[90m[DEBUG][39m[0m:   	checking for sqlite3_load_extension in -lsqlite3... yes
build	Forge APK (Verbose)	2026-02-24T01:18:47.8512186Z [1m[90m[DEBUG][39m[0m:   	checking for sqlite3_serialize in -lsqlite3... yes
build	Forge APK (Verbose)	2026-02-24T01:18:47.8521816Z [1m[90m[DEBUG][39m[0m:   	checking for --enable-loadable-sqlite-extensions... no
build	Forge APK (Verbose)	2026-02-24T01:18:47.9197097Z [1m[90m[DEBUG][39m[0m:   	checking gdbm.h usability... no
build	Forge APK (Verbose)	2026-02-24T01:18:47.9315725Z [1m[90m[DEBUG][39m[0m:   	checking gdbm.h presence... no
build	Forge APK (Verbose)	2026-02-24T01:18:47.9316556Z [1m[90m[DEBUG][39m[0m:   	checking for gdbm.h... no
build	Forge APK (Verbose)	2026-02-24T01:18:47.9568530Z [1m[90m[DEBUG][39m[0m:   	checking ndbm.h usability... no
build	Forge APK (Verbose)	2026-02-24T01:18:47.9689339Z [1m[90m[DEBUG][39m[0m:   	checking ndbm.h presence... no
build	Forge APK (Verbose)	2026-02-24T01:18:47.9690084Z [1m[90m[DEBUG][39m[0m:   	checking for ndbm.h... no
build	Forge APK (Verbose)	2026-02-24T01:18:47.9936267Z [1m[90m[DEBUG][39m[0m:   	checking gdbm/ndbm.h usability... no
build	Forge APK (Verbose)	2026-02-24T01:18:48.0054602Z [1m[90m[DEBUG][39m[0m:   	checking gdbm/ndbm.h presence... no
build	Forge APK (Verbose)	2026-02-24T01:18:48.0055468Z [1m[90m[DEBUG][39m[0m:   	checking for gdbm/ndbm.h... no
build	Forge APK (Verbose)	2026-02-24T01:18:48.0301867Z [1m[90m[DEBUG][39m[0m:   	checking gdbm-ndbm.h usability... no
build	Forge APK (Verbose)	2026-02-24T01:18:48.0419961Z [1m[90m[DEBUG][39m[0m:   	checking gdbm-ndbm.h presence... no
build	Forge APK (Verbose)	2026-02-24T01:18:48.0421064Z [1m[90m[DEBUG][39m[0m:   	checking for gdbm-ndbm.h... no
build	Forge APK (Verbose)	2026-02-24T01:18:48.0666822Z [1m[90m[DEBUG][39m[0m:   	checking db.h usability... no
build	Forge APK (Verbose)	2026-02-24T01:18:48.0786104Z [1m[90m[DEBUG][39m[0m:   	checking db.h presence... no
build	Forge APK (Verbose)	2026-02-24T01:18:48.0787344Z [1m[90m[DEBUG][39m[0m:   	checking for db.h... no
build	Forge APK (Verbose)	2026-02-24T01:18:48.0790278Z [1m[90m[DEBUG][39m[0m:   	checking for --with-dbmliborder... gdbm:ndbm:bdb
build	Forge APK (Verbose)	2026-02-24T01:18:48.1180272Z [1m[90m[DEBUG][39m[0m:   	checking if PTHREAD_SCOPE_SYSTEM is supported... yes
build	Forge APK (Verbose)	2026-02-24T01:18:48.1503772Z [1m[90m[DEBUG][39m[0m:   	checking for pthread_sigmask... yes
build	Forge APK (Verbose)	2026-02-24T01:18:48.1831357Z [1m[90m[DEBUG][39m[0m:   	checking for pthread_getcpuclockid... yes
build	Forge APK (Verbose)	2026-02-24T01:18:48.2032913Z [1m[90m[DEBUG][39m[0m:   	checking if --enable-ipv6 is specified... yes
build	Forge APK (Verbose)	2026-02-24T01:18:48.2220029Z [1m[90m[DEBUG][39m[0m:   	checking if RFC2553 API is available... yes
build	Forge APK (Verbose)	2026-02-24T01:18:48.2542205Z [1m[90m[DEBUG][39m[0m:   	checking ipv6 stack type... linux-glibc
build	Forge APK (Verbose)	2026-02-24T01:18:48.2697971Z [1m[90m[DEBUG][39m[0m:   	checking CAN_RAW_FD_FRAMES... yes
build	Forge APK (Verbose)	2026-02-24T01:18:48.2851022Z [1m[90m[DEBUG][39m[0m:   	checking for CAN_RAW_JOIN_FILTERS... yes
build	Forge APK (Verbose)	2026-02-24T01:18:48.2853045Z [1m[90m[DEBUG][39m[0m:   	checking for --with-doc-strings... yes
build	Forge APK (Verbose)	2026-02-24T01:18:48.2854268Z [1m[90m[DEBUG][39m[0m:   	checking for --with-pymalloc... yes
build	Forge APK (Verbose)	2026-02-24T01:18:48.2855415Z [1m[90m[DEBUG][39m[0m:   	checking for --with-freelists... yes
build	Forge APK (Verbose)	2026-02-24T01:18:48.2856878Z [1m[90m[DEBUG][39m[0m:   	checking for --with-c-locale-coercion... yes
build	Forge APK (Verbose)	2026-02-24T01:18:48.2858057Z [1m[90m[DEBUG][39m[0m:   	checking for --with-valgrind... no
build	Forge APK (Verbose)	2026-02-24T01:18:48.2859939Z [1m[90m[DEBUG][39m[0m:   	checking for --with-dtrace... no
build	Forge APK (Verbose)	2026-02-24T01:18:48.3182641Z [1m[90m[DEBUG][39m[0m:   	checking for dlopen... yes
build	Forge APK (Verbose)	2026-02-24T01:18:48.3193246Z [1m[90m[DEBUG][39m[0m:   	checking DYNLOADFILE... dynload_shlib.o
build	Forge APK (Verbose)	2026-02-24T01:18:48.3194345Z [1m[90m[DEBUG][39m[0m:   	checking MACHDEP_OBJS... none
build	Forge APK (Verbose)	2026-02-24T01:18:48.3542862Z [1m[90m[DEBUG][39m[0m:   	checking for accept4... yes
build	Forge APK (Verbose)	2026-02-24T01:18:48.3918734Z [1m[90m[DEBUG][39m[0m:   	checking for alarm... yes
build	Forge APK (Verbose)	2026-02-24T01:18:48.4298522Z [1m[90m[DEBUG][39m[0m:   	checking for bind_textdomain_codeset... yes
build	Forge APK (Verbose)	2026-02-24T01:18:48.4673187Z [1m[90m[DEBUG][39m[0m:   	checking for chmod... yes
build	Forge APK (Verbose)	2026-02-24T01:18:48.5048594Z [1m[90m[DEBUG][39m[0m:   	checking for chown... yes
build	Forge APK (Verbose)	2026-02-24T01:18:48.5432334Z [1m[90m[DEBUG][39m[0m:   	checking for clock... yes
build	Forge APK (Verbose)	2026-02-24T01:18:48.5810383Z [1m[90m[DEBUG][39m[0m:   	checking for close_range... yes
build	Forge APK (Verbose)	2026-02-24T01:18:48.6184624Z [1m[90m[DEBUG][39m[0m:   	checking for confstr... yes
build	Forge APK (Verbose)	2026-02-24T01:18:48.6559280Z [1m[90m[DEBUG][39m[0m:   	checking for copy_file_range... yes
build	Forge APK (Verbose)	2026-02-24T01:18:48.6932848Z [1m[90m[DEBUG][39m[0m:   	checking for ctermid... yes
build	Forge APK (Verbose)	2026-02-24T01:18:48.7306018Z [1m[90m[DEBUG][39m[0m:   	checking for dup... yes
build	Forge APK (Verbose)	2026-02-24T01:18:48.7675481Z [1m[90m[DEBUG][39m[0m:   	checking for dup3... yes
build	Forge APK (Verbose)	2026-02-24T01:18:48.8082943Z [1m[90m[DEBUG][39m[0m:   	checking for execv... yes
build	Forge APK (Verbose)	2026-02-24T01:18:48.8458383Z [1m[90m[DEBUG][39m[0m:   	checking for explicit_bzero... yes
build	Forge APK (Verbose)	2026-02-24T01:18:48.8872832Z [1m[90m[DEBUG][39m[0m:   	checking for explicit_memset... no
build	Forge APK (Verbose)	2026-02-24T01:18:48.9215332Z [1m[90m[DEBUG][39m[0m:   	checking for faccessat... yes
build	Forge APK (Verbose)	2026-02-24T01:18:48.9585465Z [1m[90m[DEBUG][39m[0m:   	checking for fchmod... yes
build	Forge APK (Verbose)	2026-02-24T01:18:48.9956059Z [1m[90m[DEBUG][39m[0m:   	checking for fchmodat... yes
build	Forge APK (Verbose)	2026-02-24T01:18:49.0328009Z [1m[90m[DEBUG][39m[0m:   	checking for fchown... yes
build	Forge APK (Verbose)	2026-02-24T01:18:49.0704874Z [1m[90m[DEBUG][39m[0m:   	checking for fchownat... yes
build	Forge APK (Verbose)	2026-02-24T01:18:49.1086094Z [1m[90m[DEBUG][39m[0m:   	checking for fdopendir... yes
build	Forge APK (Verbose)	2026-02-24T01:18:49.1508760Z [1m[90m[DEBUG][39m[0m:   	checking for fdwalk... no
build	Forge APK (Verbose)	2026-02-24T01:18:49.1859978Z [1m[90m[DEBUG][39m[0m:   	checking for fexecve... yes
build	Forge APK (Verbose)	2026-02-24T01:18:49.2275058Z [1m[90m[DEBUG][39m[0m:   	checking for fork... yes
build	Forge APK (Verbose)	2026-02-24T01:18:49.2706153Z [1m[90m[DEBUG][39m[0m:   	checking for fork1... no
build	Forge APK (Verbose)	2026-02-24T01:18:49.3056181Z [1m[90m[DEBUG][39m[0m:   	checking for fpathconf... yes
build	Forge APK (Verbose)	2026-02-24T01:18:49.3437725Z [1m[90m[DEBUG][39m[0m:   	checking for fstatat... yes
build	Forge APK (Verbose)	2026-02-24T01:18:49.3819688Z [1m[90m[DEBUG][39m[0m:   	checking for ftime... yes
build	Forge APK (Verbose)	2026-02-24T01:18:49.4199645Z [1m[90m[DEBUG][39m[0m:   	checking for ftruncate... yes
build	Forge APK (Verbose)	2026-02-24T01:18:49.4580084Z [1m[90m[DEBUG][39m[0m:   	checking for futimens... yes
build	Forge APK (Verbose)	2026-02-24T01:18:49.4964136Z [1m[90m[DEBUG][39m[0m:   	checking for futimes... yes
build	Forge APK (Verbose)	2026-02-24T01:18:49.5349605Z [1m[90m[DEBUG][39m[0m:   	checking for futimesat... yes
build	Forge APK (Verbose)	2026-02-24T01:18:49.5731090Z [1m[90m[DEBUG][39m[0m:   	checking for gai_strerror... yes
build	Forge APK (Verbose)	2026-02-24T01:18:49.6111975Z [1m[90m[DEBUG][39m[0m:   	checking for getegid... yes
build	Forge APK (Verbose)	2026-02-24T01:18:49.6489860Z [1m[90m[DEBUG][39m[0m:   	checking for getentropy... yes
build	Forge APK (Verbose)	2026-02-24T01:18:49.6864527Z [1m[90m[DEBUG][39m[0m:   	checking for geteuid... yes
build	Forge APK (Verbose)	2026-02-24T01:18:49.7241354Z [1m[90m[DEBUG][39m[0m:   	checking for getgid... yes
build	Forge APK (Verbose)	2026-02-24T01:18:49.7615898Z [1m[90m[DEBUG][39m[0m:   	checking for getgrgid... yes
build	Forge APK (Verbose)	2026-02-24T01:18:49.7993341Z [1m[90m[DEBUG][39m[0m:   	checking for getgrgid_r... yes
build	Forge APK (Verbose)	2026-02-24T01:18:49.8366164Z [1m[90m[DEBUG][39m[0m:   	checking for getgrnam_r... yes
build	Forge APK (Verbose)	2026-02-24T01:18:49.8744126Z [1m[90m[DEBUG][39m[0m:   	checking for getgrouplist... yes
build	Forge APK (Verbose)	2026-02-24T01:18:49.9124416Z [1m[90m[DEBUG][39m[0m:   	checking for getgroups... yes
build	Forge APK (Verbose)	2026-02-24T01:18:49.9502387Z [1m[90m[DEBUG][39m[0m:   	checking for gethostname... yes
build	Forge APK (Verbose)	2026-02-24T01:18:49.9877278Z [1m[90m[DEBUG][39m[0m:   	checking for getitimer... yes
build	Forge APK (Verbose)	2026-02-24T01:18:50.0254628Z [1m[90m[DEBUG][39m[0m:   	checking for getloadavg... yes
build	Forge APK (Verbose)	2026-02-24T01:18:50.0631286Z [1m[90m[DEBUG][39m[0m:   	checking for getlogin... yes
build	Forge APK (Verbose)	2026-02-24T01:18:50.1005094Z [1m[90m[DEBUG][39m[0m:   	checking for getpeername... yes
build	Forge APK (Verbose)	2026-02-24T01:18:50.1380362Z [1m[90m[DEBUG][39m[0m:   	checking for getpgid... yes
build	Forge APK (Verbose)	2026-02-24T01:18:50.1753194Z [1m[90m[DEBUG][39m[0m:   	checking for getpid... yes
build	Forge APK (Verbose)	2026-02-24T01:18:50.2125780Z [1m[90m[DEBUG][39m[0m:   	checking for getppid... yes
build	Forge APK (Verbose)	2026-02-24T01:18:50.2498899Z [1m[90m[DEBUG][39m[0m:   	checking for getpriority... yes
build	Forge APK (Verbose)	2026-02-24T01:18:50.2913942Z [1m[90m[DEBUG][39m[0m:   	checking for _getpty... no
build	Forge APK (Verbose)	2026-02-24T01:18:50.3255295Z [1m[90m[DEBUG][39m[0m:   	checking for getpwent... yes
build	Forge APK (Verbose)	2026-02-24T01:18:50.3630067Z [1m[90m[DEBUG][39m[0m:   	checking for getpwnam_r... yes
build	Forge APK (Verbose)	2026-02-24T01:18:50.4002891Z [1m[90m[DEBUG][39m[0m:   	checking for getpwuid... yes
build	Forge APK (Verbose)	2026-02-24T01:18:50.4378356Z [1m[90m[DEBUG][39m[0m:   	checking for getpwuid_r... yes
build	Forge APK (Verbose)	2026-02-24T01:18:50.4753082Z [1m[90m[DEBUG][39m[0m:   	checking for getresgid... yes
build	Forge APK (Verbose)	2026-02-24T01:18:50.5129087Z [1m[90m[DEBUG][39m[0m:   	checking for getresuid... yes
build	Forge APK (Verbose)	2026-02-24T01:18:50.5503755Z [1m[90m[DEBUG][39m[0m:   	checking for getrusage... yes
build	Forge APK (Verbose)	2026-02-24T01:18:50.5886145Z [1m[90m[DEBUG][39m[0m:   	checking for getsid... yes
build	Forge APK (Verbose)	2026-02-24T01:18:50.6272925Z [1m[90m[DEBUG][39m[0m:   	checking for getspent... yes
build	Forge APK (Verbose)	2026-02-24T01:18:50.6651700Z [1m[90m[DEBUG][39m[0m:   	checking for getspnam... yes
build	Forge APK (Verbose)	2026-02-24T01:18:50.7030728Z [1m[90m[DEBUG][39m[0m:   	checking for getuid... yes
build	Forge APK (Verbose)	2026-02-24T01:18:50.7441898Z [1m[90m[DEBUG][39m[0m:   	checking for getwd... yes
build	Forge APK (Verbose)	2026-02-24T01:18:50.7828927Z [1m[90m[DEBUG][39m[0m:   	checking for if_nameindex... yes
build	Forge APK (Verbose)	2026-02-24T01:18:50.8211340Z [1m[90m[DEBUG][39m[0m:   	checking for initgroups... yes
build	Forge APK (Verbose)	2026-02-24T01:18:50.8592181Z [1m[90m[DEBUG][39m[0m:   	checking for kill... yes
build	Forge APK (Verbose)	2026-02-24T01:18:50.8972059Z [1m[90m[DEBUG][39m[0m:   	checking for killpg... yes
build	Forge APK (Verbose)	2026-02-24T01:18:50.9350805Z [1m[90m[DEBUG][39m[0m:   	checking for lchown... yes
build	Forge APK (Verbose)	2026-02-24T01:18:50.9736267Z [1m[90m[DEBUG][39m[0m:   	checking for linkat... yes
build	Forge APK (Verbose)	2026-02-24T01:18:51.0118005Z [1m[90m[DEBUG][39m[0m:   	checking for lockf... yes
build	Forge APK (Verbose)	2026-02-24T01:18:51.0502226Z [1m[90m[DEBUG][39m[0m:   	checking for lstat... yes
build	Forge APK (Verbose)	2026-02-24T01:18:51.0885359Z [1m[90m[DEBUG][39m[0m:   	checking for lutimes... yes
build	Forge APK (Verbose)	2026-02-24T01:18:51.1267608Z [1m[90m[DEBUG][39m[0m:   	checking for madvise... yes
build	Forge APK (Verbose)	2026-02-24T01:18:51.1646344Z [1m[90m[DEBUG][39m[0m:   	checking for mbrtowc... yes
build	Forge APK (Verbose)	2026-02-24T01:18:51.2024463Z [1m[90m[DEBUG][39m[0m:   	checking for memrchr... yes
build	Forge APK (Verbose)	2026-02-24T01:18:51.2400431Z [1m[90m[DEBUG][39m[0m:   	checking for mkdirat... yes
build	Forge APK (Verbose)	2026-02-24T01:18:51.2771398Z [1m[90m[DEBUG][39m[0m:   	checking for mkfifo... yes
build	Forge APK (Verbose)	2026-02-24T01:18:51.3146536Z [1m[90m[DEBUG][39m[0m:   	checking for mkfifoat... yes
build	Forge APK (Verbose)	2026-02-24T01:18:51.3521948Z [1m[90m[DEBUG][39m[0m:   	checking for mknod... yes
build	Forge APK (Verbose)	2026-02-24T01:18:51.3896220Z [1m[90m[DEBUG][39m[0m:   	checking for mknodat... yes
build	Forge APK (Verbose)	2026-02-24T01:18:51.4272413Z [1m[90m[DEBUG][39m[0m:   	checking for mktime... yes
build	Forge APK (Verbose)	2026-02-24T01:18:51.4649853Z [1m[90m[DEBUG][39m[0m:   	checking for mmap... yes
build	Forge APK (Verbose)	2026-02-24T01:18:51.5031657Z [1m[90m[DEBUG][39m[0m:   	checking for mremap... yes
build	Forge APK (Verbose)	2026-02-24T01:18:51.5407668Z [1m[90m[DEBUG][39m[0m:   	checking for nice... yes
build	Forge APK (Verbose)	2026-02-24T01:18:51.5788626Z [1m[90m[DEBUG][39m[0m:   	checking for openat... yes
build	Forge APK (Verbose)	2026-02-24T01:18:51.6167616Z [1m[90m[DEBUG][39m[0m:   	checking for opendir... yes
build	Forge APK (Verbose)	2026-02-24T01:18:51.6540814Z [1m[90m[DEBUG][39m[0m:   	checking for pathconf... yes
build	Forge APK (Verbose)	2026-02-24T01:18:51.6917367Z [1m[90m[DEBUG][39m[0m:   	checking for pause... yes
build	Forge APK (Verbose)	2026-02-24T01:18:51.7294635Z [1m[90m[DEBUG][39m[0m:   	checking for pipe... yes
build	Forge APK (Verbose)	2026-02-24T01:18:51.7670918Z [1m[90m[DEBUG][39m[0m:   	checking for pipe2... yes
build	Forge APK (Verbose)	2026-02-24T01:18:51.8088201Z [1m[90m[DEBUG][39m[0m:   	checking for plock... no
build	Forge APK (Verbose)	2026-02-24T01:18:51.8426797Z [1m[90m[DEBUG][39m[0m:   	checking for poll... yes
build	Forge APK (Verbose)	2026-02-24T01:18:51.8799042Z [1m[90m[DEBUG][39m[0m:   	checking for posix_fadvise... yes
build	Forge APK (Verbose)	2026-02-24T01:18:51.9171415Z [1m[90m[DEBUG][39m[0m:   	checking for posix_fallocate... yes
build	Forge APK (Verbose)	2026-02-24T01:18:51.9545790Z [1m[90m[DEBUG][39m[0m:   	checking for posix_spawn... yes
build	Forge APK (Verbose)	2026-02-24T01:18:51.9920425Z [1m[90m[DEBUG][39m[0m:   	checking for posix_spawnp... yes
build	Forge APK (Verbose)	2026-02-24T01:18:52.0304129Z [1m[90m[DEBUG][39m[0m:   	checking for pread... yes
build	Forge APK (Verbose)	2026-02-24T01:18:52.0691597Z [1m[90m[DEBUG][39m[0m:   	checking for preadv... yes
build	Forge APK (Verbose)	2026-02-24T01:18:52.1073564Z [1m[90m[DEBUG][39m[0m:   	checking for preadv2... yes
build	Forge APK (Verbose)	2026-02-24T01:18:52.1452167Z [1m[90m[DEBUG][39m[0m:   	checking for pthread_condattr_setclock... yes
build	Forge APK (Verbose)	2026-02-24T01:18:52.1877388Z [1m[90m[DEBUG][39m[0m:   	checking for pthread_init... no
build	Forge APK (Verbose)	2026-02-24T01:18:52.2224927Z [1m[90m[DEBUG][39m[0m:   	checking for pthread_kill... yes
build	Forge APK (Verbose)	2026-02-24T01:18:52.2611834Z [1m[90m[DEBUG][39m[0m:   	checking for pwrite... yes
build	Forge APK (Verbose)	2026-02-24T01:18:52.2994975Z [1m[90m[DEBUG][39m[0m:   	checking for pwritev... yes
build	Forge APK (Verbose)	2026-02-24T01:18:52.3376291Z [1m[90m[DEBUG][39m[0m:   	checking for pwritev2... yes
build	Forge APK (Verbose)	2026-02-24T01:18:52.3759830Z [1m[90m[DEBUG][39m[0m:   	checking for readlink... yes
build	Forge APK (Verbose)	2026-02-24T01:18:52.4145632Z [1m[90m[DEBUG][39m[0m:   	checking for readlinkat... yes
build	Forge APK (Verbose)	2026-02-24T01:18:52.4534913Z [1m[90m[DEBUG][39m[0m:   	checking for readv... yes
build	Forge APK (Verbose)	2026-02-24T01:18:52.4914341Z [1m[90m[DEBUG][39m[0m:   	checking for realpath... yes
build	Forge APK (Verbose)	2026-02-24T01:18:52.5297241Z [1m[90m[DEBUG][39m[0m:   	checking for renameat... yes
build	Forge APK (Verbose)	2026-02-24T01:18:52.5716702Z [1m[90m[DEBUG][39m[0m:   	checking for rtpSpawn... no
build	Forge APK (Verbose)	2026-02-24T01:18:52.6066259Z [1m[90m[DEBUG][39m[0m:   	checking for sched_get_priority_max... yes
build	Forge APK (Verbose)	2026-02-24T01:18:52.6444385Z [1m[90m[DEBUG][39m[0m:   	checking for sched_rr_get_interval... yes
build	Forge APK (Verbose)	2026-02-24T01:18:52.6823501Z [1m[90m[DEBUG][39m[0m:   	checking for sched_setaffinity... yes
build	Forge APK (Verbose)	2026-02-24T01:18:52.7202405Z [1m[90m[DEBUG][39m[0m:   	checking for sched_setparam... yes
build	Forge APK (Verbose)	2026-02-24T01:18:52.7575944Z [1m[90m[DEBUG][39m[0m:   	checking for sched_setscheduler... yes
build	Forge APK (Verbose)	2026-02-24T01:18:52.7951450Z [1m[90m[DEBUG][39m[0m:   	checking for sem_clockwait... yes
build	Forge APK (Verbose)	2026-02-24T01:18:52.8323069Z [1m[90m[DEBUG][39m[0m:   	checking for sem_getvalue... yes
build	Forge APK (Verbose)	2026-02-24T01:18:52.8697727Z [1m[90m[DEBUG][39m[0m:   	checking for sem_open... yes
build	Forge APK (Verbose)	2026-02-24T01:18:52.9072785Z [1m[90m[DEBUG][39m[0m:   	checking for sem_timedwait... yes
build	Forge APK (Verbose)	2026-02-24T01:18:52.9450208Z [1m[90m[DEBUG][39m[0m:   	checking for sem_unlink... yes
build	Forge APK (Verbose)	2026-02-24T01:18:52.9824063Z [1m[90m[DEBUG][39m[0m:   	checking for sendfile... yes
build	Forge APK (Verbose)	2026-02-24T01:18:53.0195007Z [1m[90m[DEBUG][39m[0m:   	checking for setegid... yes
build	Forge APK (Verbose)	2026-02-24T01:18:53.0567793Z [1m[90m[DEBUG][39m[0m:   	checking for seteuid... yes
build	Forge APK (Verbose)	2026-02-24T01:18:53.0939082Z [1m[90m[DEBUG][39m[0m:   	checking for setgid... yes
build	Forge APK (Verbose)	2026-02-24T01:18:53.1315254Z [1m[90m[DEBUG][39m[0m:   	checking for sethostname... yes
build	Forge APK (Verbose)	2026-02-24T01:18:53.1686560Z [1m[90m[DEBUG][39m[0m:   	checking for setitimer... yes
build	Forge APK (Verbose)	2026-02-24T01:18:53.2061701Z [1m[90m[DEBUG][39m[0m:   	checking for setlocale... yes
build	Forge APK (Verbose)	2026-02-24T01:18:53.2436786Z [1m[90m[DEBUG][39m[0m:   	checking for setpgid... yes
build	Forge APK (Verbose)	2026-02-24T01:18:53.2805999Z [1m[90m[DEBUG][39m[0m:   	checking for setpgrp... yes
build	Forge APK (Verbose)	2026-02-24T01:18:53.3176334Z [1m[90m[DEBUG][39m[0m:   	checking for setpriority... yes
build	Forge APK (Verbose)	2026-02-24T01:18:53.3548121Z [1m[90m[DEBUG][39m[0m:   	checking for setregid... yes
build	Forge APK (Verbose)	2026-02-24T01:18:53.3921439Z [1m[90m[DEBUG][39m[0m:   	checking for setresgid... yes
build	Forge APK (Verbose)	2026-02-24T01:18:53.4295959Z [1m[90m[DEBUG][39m[0m:   	checking for setresuid... yes
build	Forge APK (Verbose)	2026-02-24T01:18:53.4673383Z [1m[90m[DEBUG][39m[0m:   	checking for setreuid... yes
build	Forge APK (Verbose)	2026-02-24T01:18:53.5045881Z [1m[90m[DEBUG][39m[0m:   	checking for setsid... yes
build	Forge APK (Verbose)	2026-02-24T01:18:53.5418069Z [1m[90m[DEBUG][39m[0m:   	checking for setuid... yes
build	Forge APK (Verbose)	2026-02-24T01:18:53.5787948Z [1m[90m[DEBUG][39m[0m:   	checking for setvbuf... yes
build	Forge APK (Verbose)	2026-02-24T01:18:53.6159764Z [1m[90m[DEBUG][39m[0m:   	checking for shutdown... yes
build	Forge APK (Verbose)	2026-02-24T01:18:53.6542578Z [1m[90m[DEBUG][39m[0m:   	checking for sigaction... yes
build	Forge APK (Verbose)	2026-02-24T01:18:53.6923563Z [1m[90m[DEBUG][39m[0m:   	checking for sigaltstack... yes
build	Forge APK (Verbose)	2026-02-24T01:18:53.7308725Z [1m[90m[DEBUG][39m[0m:   	checking for sigfillset... yes
build	Forge APK (Verbose)	2026-02-24T01:18:53.7689266Z [1m[90m[DEBUG][39m[0m:   	checking for siginterrupt... yes
build	Forge APK (Verbose)	2026-02-24T01:18:53.8065147Z [1m[90m[DEBUG][39m[0m:   	checking for sigpending... yes
build	Forge APK (Verbose)	2026-02-24T01:18:53.8441321Z [1m[90m[DEBUG][39m[0m:   	checking for sigrelse... yes
build	Forge APK (Verbose)	2026-02-24T01:18:53.8824396Z [1m[90m[DEBUG][39m[0m:   	checking for sigtimedwait... yes
build	Forge APK (Verbose)	2026-02-24T01:18:53.9207182Z [1m[90m[DEBUG][39m[0m:   	checking for sigwait... yes
build	Forge APK (Verbose)	2026-02-24T01:18:53.9594032Z [1m[90m[DEBUG][39m[0m:   	checking for sigwaitinfo... yes
build	Forge APK (Verbose)	2026-02-24T01:18:54.0009154Z [1m[90m[DEBUG][39m[0m:   	checking for snprintf... yes
build	Forge APK (Verbose)	2026-02-24T01:18:54.0394975Z [1m[90m[DEBUG][39m[0m:   	checking for splice... yes
build	Forge APK (Verbose)	2026-02-24T01:18:54.0815181Z [1m[90m[DEBUG][39m[0m:   	checking for strftime... yes
build	Forge APK (Verbose)	2026-02-24T01:18:54.1198513Z [1m[90m[DEBUG][39m[0m:   	checking for strlcpy... yes
build	Forge APK (Verbose)	2026-02-24T01:18:54.1587704Z [1m[90m[DEBUG][39m[0m:   	checking for strsignal... yes
build	Forge APK (Verbose)	2026-02-24T01:18:54.1962524Z [1m[90m[DEBUG][39m[0m:   	checking for symlinkat... yes
build	Forge APK (Verbose)	2026-02-24T01:18:54.2338702Z [1m[90m[DEBUG][39m[0m:   	checking for sync... yes
build	Forge APK (Verbose)	2026-02-24T01:18:54.2715640Z [1m[90m[DEBUG][39m[0m:   	checking for sysconf... yes
build	Forge APK (Verbose)	2026-02-24T01:18:54.3127506Z [1m[90m[DEBUG][39m[0m:   	checking for system... yes
build	Forge APK (Verbose)	2026-02-24T01:18:54.3501248Z [1m[90m[DEBUG][39m[0m:   	checking for tcgetpgrp... yes
build	Forge APK (Verbose)	2026-02-24T01:18:54.3874376Z [1m[90m[DEBUG][39m[0m:   	checking for tcsetpgrp... yes
build	Forge APK (Verbose)	2026-02-24T01:18:54.4279744Z [1m[90m[DEBUG][39m[0m:   	checking for tempnam... yes
build	Forge APK (Verbose)	2026-02-24T01:18:54.4654740Z [1m[90m[DEBUG][39m[0m:   	checking for timegm... yes
build	Forge APK (Verbose)	2026-02-24T01:18:54.5040330Z [1m[90m[DEBUG][39m[0m:   	checking for times... yes
build	Forge APK (Verbose)	2026-02-24T01:18:54.5415711Z [1m[90m[DEBUG][39m[0m:   	checking for tmpfile... yes
build	Forge APK (Verbose)	2026-02-24T01:18:54.5822969Z [1m[90m[DEBUG][39m[0m:   	checking for tmpnam... yes
build	Forge APK (Verbose)	2026-02-24T01:18:54.6224660Z [1m[90m[DEBUG][39m[0m:   	checking for tmpnam_r... yes
build	Forge APK (Verbose)	2026-02-24T01:18:54.6599403Z [1m[90m[DEBUG][39m[0m:   	checking for truncate... yes
build	Forge APK (Verbose)	2026-02-24T01:18:54.6972793Z [1m[90m[DEBUG][39m[0m:   	checking for ttyname... yes
build	Forge APK (Verbose)	2026-02-24T01:18:54.7346110Z [1m[90m[DEBUG][39m[0m:   	checking for umask... yes
build	Forge APK (Verbose)	2026-02-24T01:18:54.7719746Z [1m[90m[DEBUG][39m[0m:   	checking for uname... yes
build	Forge APK (Verbose)	2026-02-24T01:18:54.8094041Z [1m[90m[DEBUG][39m[0m:   	checking for unlinkat... yes
build	Forge APK (Verbose)	2026-02-24T01:18:54.8468119Z [1m[90m[DEBUG][39m[0m:   	checking for utimensat... yes
build	Forge APK (Verbose)	2026-02-24T01:18:54.8840391Z [1m[90m[DEBUG][39m[0m:   	checking for utimes... yes
build	Forge APK (Verbose)	2026-02-24T01:18:54.9216462Z [1m[90m[DEBUG][39m[0m:   	checking for vfork... yes
build	Forge APK (Verbose)	2026-02-24T01:18:54.9590449Z [1m[90m[DEBUG][39m[0m:   	checking for wait... yes
build	Forge APK (Verbose)	2026-02-24T01:18:54.9965170Z [1m[90m[DEBUG][39m[0m:   	checking for wait3... yes
build	Forge APK (Verbose)	2026-02-24T01:18:55.0341125Z [1m[90m[DEBUG][39m[0m:   	checking for wait4... yes
build	Forge APK (Verbose)	2026-02-24T01:18:55.0717264Z [1m[90m[DEBUG][39m[0m:   	checking for waitid... yes
build	Forge APK (Verbose)	2026-02-24T01:18:55.1098583Z [1m[90m[DEBUG][39m[0m:   	checking for waitpid... yes
build	Forge APK (Verbose)	2026-02-24T01:18:55.1482409Z [1m[90m[DEBUG][39m[0m:   	checking for wcscoll... yes
build	Forge APK (Verbose)	2026-02-24T01:18:55.1864763Z [1m[90m[DEBUG][39m[0m:   	checking for wcsftime... yes
build	Forge APK (Verbose)	2026-02-24T01:18:55.2249879Z [1m[90m[DEBUG][39m[0m:   	checking for wcsxfrm... yes
build	Forge APK (Verbose)	2026-02-24T01:18:55.2634311Z [1m[90m[DEBUG][39m[0m:   	checking for wmemcmp... yes
build	Forge APK (Verbose)	2026-02-24T01:18:55.3021035Z [1m[90m[DEBUG][39m[0m:   	checking for writev... yes
build	Forge APK (Verbose)	2026-02-24T01:18:55.3286456Z [1m[90m[DEBUG][39m[0m:   	checking whether dirfd is declared... yes
build	Forge APK (Verbose)	2026-02-24T01:18:55.3476817Z [1m[90m[DEBUG][39m[0m:   	checking for chroot... yes
build	Forge APK (Verbose)	2026-02-24T01:18:55.3662795Z [1m[90m[DEBUG][39m[0m:   	checking for link... yes
build	Forge APK (Verbose)	2026-02-24T01:18:55.3848792Z [1m[90m[DEBUG][39m[0m:   	checking for symlink... yes
build	Forge APK (Verbose)	2026-02-24T01:18:55.4035766Z [1m[90m[DEBUG][39m[0m:   	checking for fchdir... yes
build	Forge APK (Verbose)	2026-02-24T01:18:55.4220029Z [1m[90m[DEBUG][39m[0m:   	checking for fsync... yes
build	Forge APK (Verbose)	2026-02-24T01:18:55.4408915Z [1m[90m[DEBUG][39m[0m:   	checking for fdatasync... yes
build	Forge APK (Verbose)	2026-02-24T01:18:55.4606168Z [1m[90m[DEBUG][39m[0m:   	checking for epoll_create... yes
build	Forge APK (Verbose)	2026-02-24T01:18:55.4804066Z [1m[90m[DEBUG][39m[0m:   	checking for epoll_create1... yes
build	Forge APK (Verbose)	2026-02-24T01:18:55.4974812Z [1m[90m[DEBUG][39m[0m:   	checking for kqueue... no
build	Forge APK (Verbose)	2026-02-24T01:18:55.5155778Z [1m[90m[DEBUG][39m[0m:   	checking for prlimit... yes
build	Forge APK (Verbose)	2026-02-24T01:18:55.5295843Z [1m[90m[DEBUG][39m[0m:   	checking for _dyld_shared_cache_contains_path... no
build	Forge APK (Verbose)	2026-02-24T01:18:55.5471082Z [1m[90m[DEBUG][39m[0m:   	checking for memfd_create... yes
build	Forge APK (Verbose)	2026-02-24T01:18:55.5645257Z [1m[90m[DEBUG][39m[0m:   	checking for eventfd... yes
build	Forge APK (Verbose)	2026-02-24T01:18:55.5817945Z [1m[90m[DEBUG][39m[0m:   	checking for ctermid_r... no
build	Forge APK (Verbose)	2026-02-24T01:18:55.5996626Z [1m[90m[DEBUG][39m[0m:   	checking for flock declaration... yes
build	Forge APK (Verbose)	2026-02-24T01:18:55.6323785Z [1m[90m[DEBUG][39m[0m:   	checking for flock... yes
build	Forge APK (Verbose)	2026-02-24T01:18:55.6519908Z [1m[90m[DEBUG][39m[0m:   	checking for getpagesize... yes
build	Forge APK (Verbose)	2026-02-24T01:18:55.6724002Z [1m[90m[DEBUG][39m[0m:   	checking for broken unsetenv... no
build	Forge APK (Verbose)	2026-02-24T01:18:55.6726707Z [1m[90m[DEBUG][39m[0m:   	checking for true... true
build	Forge APK (Verbose)	2026-02-24T01:18:55.7053187Z [1m[90m[DEBUG][39m[0m:   	checking for inet_aton in -lc... yes
build	Forge APK (Verbose)	2026-02-24T01:18:55.7437130Z [1m[90m[DEBUG][39m[0m:   	checking for chflags... no
build	Forge APK (Verbose)	2026-02-24T01:18:55.7804238Z [1m[90m[DEBUG][39m[0m:   	checking for lchflags... no
build	Forge APK (Verbose)	2026-02-24T01:18:55.7872329Z [1m[90m[DEBUG][39m[0m:   	checking for ZLIB... yes
build	Forge APK (Verbose)	2026-02-24T01:18:55.7946723Z [1m[90m[DEBUG][39m[0m:   	checking for BZIP2... no
build	Forge APK (Verbose)	2026-02-24T01:18:55.8236908Z [1m[90m[DEBUG][39m[0m:   	checking bzlib.h usability... no
build	Forge APK (Verbose)	2026-02-24T01:18:55.8354282Z [1m[90m[DEBUG][39m[0m:   	checking bzlib.h presence... no
build	Forge APK (Verbose)	2026-02-24T01:18:55.8355543Z [1m[90m[DEBUG][39m[0m:   	checking for bzlib.h... no
build	Forge APK (Verbose)	2026-02-24T01:18:55.8431945Z [1m[90m[DEBUG][39m[0m:   	checking for LIBLZMA... no
build	Forge APK (Verbose)	2026-02-24T01:18:55.8720040Z [1m[90m[DEBUG][39m[0m:   	checking lzma.h usability... no
build	Forge APK (Verbose)	2026-02-24T01:18:55.8838196Z [1m[90m[DEBUG][39m[0m:   	checking lzma.h presence... no
build	Forge APK (Verbose)	2026-02-24T01:18:55.8839308Z [1m[90m[DEBUG][39m[0m:   	checking for lzma.h... no
build	Forge APK (Verbose)	2026-02-24T01:18:55.9042973Z [1m[90m[DEBUG][39m[0m:   	checking for hstrerror... yes
build	Forge APK (Verbose)	2026-02-24T01:18:55.9247335Z [1m[90m[DEBUG][39m[0m:   	checking for getservbyname... yes
build	Forge APK (Verbose)	2026-02-24T01:18:55.9450194Z [1m[90m[DEBUG][39m[0m:   	checking for getservbyport... yes
build	Forge APK (Verbose)	2026-02-24T01:18:55.9649963Z [1m[90m[DEBUG][39m[0m:   	checking for gethostbyname... yes
build	Forge APK (Verbose)	2026-02-24T01:18:55.9849593Z [1m[90m[DEBUG][39m[0m:   	checking for gethostbyaddr... yes
build	Forge APK (Verbose)	2026-02-24T01:18:56.0048334Z [1m[90m[DEBUG][39m[0m:   	checking for getprotobyname... yes
build	Forge APK (Verbose)	2026-02-24T01:18:56.0248640Z [1m[90m[DEBUG][39m[0m:   	checking for inet_aton... yes
build	Forge APK (Verbose)	2026-02-24T01:18:56.0444450Z [1m[90m[DEBUG][39m[0m:   	checking for inet_ntoa... yes
build	Forge APK (Verbose)	2026-02-24T01:18:56.0638271Z [1m[90m[DEBUG][39m[0m:   	checking for inet_pton... yes
build	Forge APK (Verbose)	2026-02-24T01:18:56.0639331Z [1m[90m[DEBUG][39m[0m:   	checking for getpeername... (cached) yes
build	Forge APK (Verbose)	2026-02-24T01:18:56.0837150Z [1m[90m[DEBUG][39m[0m:   	checking for getsockname... yes
build	Forge APK (Verbose)	2026-02-24T01:18:56.1032264Z [1m[90m[DEBUG][39m[0m:   	checking for accept... yes
build	Forge APK (Verbose)	2026-02-24T01:18:56.1227226Z [1m[90m[DEBUG][39m[0m:   	checking for bind... yes
build	Forge APK (Verbose)	2026-02-24T01:18:56.1423153Z [1m[90m[DEBUG][39m[0m:   	checking for connect... yes
build	Forge APK (Verbose)	2026-02-24T01:18:56.1617008Z [1m[90m[DEBUG][39m[0m:   	checking for listen... yes
build	Forge APK (Verbose)	2026-02-24T01:18:56.1813770Z [1m[90m[DEBUG][39m[0m:   	checking for recvfrom... yes
build	Forge APK (Verbose)	2026-02-24T01:18:56.2009821Z [1m[90m[DEBUG][39m[0m:   	checking for sendto... yes
build	Forge APK (Verbose)	2026-02-24T01:18:56.2203242Z [1m[90m[DEBUG][39m[0m:   	checking for setsockopt... yes
build	Forge APK (Verbose)	2026-02-24T01:18:56.2400405Z [1m[90m[DEBUG][39m[0m:   	checking for socket... yes
build	Forge APK (Verbose)	2026-02-24T01:18:56.2649118Z [1m[90m[DEBUG][39m[0m:   	checking for setgroups... yes
build	Forge APK (Verbose)	2026-02-24T01:18:56.2972227Z [1m[90m[DEBUG][39m[0m:   	checking for openpty... yes
build	Forge APK (Verbose)	2026-02-24T01:18:56.3296589Z [1m[90m[DEBUG][39m[0m:   	checking for library containing login_tty... none required
build	Forge APK (Verbose)	2026-02-24T01:18:56.3624978Z [1m[90m[DEBUG][39m[0m:   	checking for forkpty... yes
build	Forge APK (Verbose)	2026-02-24T01:18:56.4027286Z [1m[90m[DEBUG][39m[0m:   	checking for fseek64... no
build	Forge APK (Verbose)	2026-02-24T01:18:56.4374785Z [1m[90m[DEBUG][39m[0m:   	checking for fseeko... yes
build	Forge APK (Verbose)	2026-02-24T01:18:56.4754707Z [1m[90m[DEBUG][39m[0m:   	checking for fstatvfs... yes
build	Forge APK (Verbose)	2026-02-24T01:18:56.5176917Z [1m[90m[DEBUG][39m[0m:   	checking for ftell64... no
build	Forge APK (Verbose)	2026-02-24T01:18:56.5526676Z [1m[90m[DEBUG][39m[0m:   	checking for ftello... yes
build	Forge APK (Verbose)	2026-02-24T01:18:56.5906959Z [1m[90m[DEBUG][39m[0m:   	checking for statvfs... yes
build	Forge APK (Verbose)	2026-02-24T01:18:56.6265242Z [1m[90m[DEBUG][39m[0m:   	checking for dup2... yes
build	Forge APK (Verbose)	2026-02-24T01:18:56.6588391Z [1m[90m[DEBUG][39m[0m:   	checking for getpgrp... yes
build	Forge APK (Verbose)	2026-02-24T01:18:56.6766217Z [1m[90m[DEBUG][39m[0m:   	checking for setpgrp... (cached) yes
build	Forge APK (Verbose)	2026-02-24T01:18:56.7008912Z [1m[90m[DEBUG][39m[0m:   	checking for LIBCRYPT... yes
build	Forge APK (Verbose)	2026-02-24T01:18:56.7345837Z [1m[90m[DEBUG][39m[0m:   	checking for crypt or crypt_r... yes
build	Forge APK (Verbose)	2026-02-24T01:18:56.7672352Z [1m[90m[DEBUG][39m[0m:   	checking for clock_gettime... yes
build	Forge APK (Verbose)	2026-02-24T01:18:56.8018654Z [1m[90m[DEBUG][39m[0m:   	checking for clock_getres... yes
build	Forge APK (Verbose)	2026-02-24T01:18:56.8360289Z [1m[90m[DEBUG][39m[0m:   	checking for clock_settime... yes
build	Forge APK (Verbose)	2026-02-24T01:18:56.8701862Z [1m[90m[DEBUG][39m[0m:   	checking for clock_nanosleep... yes
build	Forge APK (Verbose)	2026-02-24T01:18:56.9046977Z [1m[90m[DEBUG][39m[0m:   	checking for nanosleep... yes
build	Forge APK (Verbose)	2026-02-24T01:18:56.9386941Z [1m[90m[DEBUG][39m[0m:   	checking for major, minor, and makedev... yes
build	Forge APK (Verbose)	2026-02-24T01:18:56.9778231Z [1m[90m[DEBUG][39m[0m:   	checking for getaddrinfo... yes
build	Forge APK (Verbose)	2026-02-24T01:18:57.0209358Z [1m[90m[DEBUG][39m[0m:   	checking getaddrinfo bug... no
build	Forge APK (Verbose)	2026-02-24T01:18:57.0537102Z [1m[90m[DEBUG][39m[0m:   	checking for getnameinfo... yes
build	Forge APK (Verbose)	2026-02-24T01:18:57.0740694Z [1m[90m[DEBUG][39m[0m:   	checking whether struct tm is in sys/time.h or time.h... time.h
build	Forge APK (Verbose)	2026-02-24T01:18:57.0936817Z [1m[90m[DEBUG][39m[0m:   	checking for struct tm.tm_zone... yes
build	Forge APK (Verbose)	2026-02-24T01:18:57.1214454Z [1m[90m[DEBUG][39m[0m:   	checking for struct stat.st_rdev... yes
build	Forge APK (Verbose)	2026-02-24T01:18:57.1480491Z [1m[90m[DEBUG][39m[0m:   	checking for struct stat.st_blksize... yes
build	Forge APK (Verbose)	2026-02-24T01:18:57.1990486Z [1m[90m[DEBUG][39m[0m:   	checking for struct stat.st_flags... no
build	Forge APK (Verbose)	2026-02-24T01:18:57.2494282Z [1m[90m[DEBUG][39m[0m:   	checking for struct stat.st_gen... no
build	Forge APK (Verbose)	2026-02-24T01:18:57.2987360Z [1m[90m[DEBUG][39m[0m:   	checking for struct stat.st_birthtime... no
build	Forge APK (Verbose)	2026-02-24T01:18:57.3249729Z [1m[90m[DEBUG][39m[0m:   	checking for struct stat.st_blocks... yes
build	Forge APK (Verbose)	2026-02-24T01:18:57.3448120Z [1m[90m[DEBUG][39m[0m:   	checking for struct passwd.pw_gecos... yes
build	Forge APK (Verbose)	2026-02-24T01:18:57.3639657Z [1m[90m[DEBUG][39m[0m:   	checking for struct passwd.pw_passwd... yes
build	Forge APK (Verbose)	2026-02-24T01:18:57.3856072Z [1m[90m[DEBUG][39m[0m:   	checking for siginfo_t.si_band... yes
build	Forge APK (Verbose)	2026-02-24T01:18:57.4030389Z [1m[90m[DEBUG][39m[0m:   	checking for time.h that defines altzone... no
build	Forge APK (Verbose)	2026-02-24T01:18:57.4235732Z [1m[90m[DEBUG][39m[0m:   	checking for addrinfo... yes
build	Forge APK (Verbose)	2026-02-24T01:18:57.4428199Z [1m[90m[DEBUG][39m[0m:   	checking for sockaddr_storage... yes
build	Forge APK (Verbose)	2026-02-24T01:18:57.4626761Z [1m[90m[DEBUG][39m[0m:   	checking for sockaddr_alg... yes
build	Forge APK (Verbose)	2026-02-24T01:18:57.4789758Z [1m[90m[DEBUG][39m[0m:   	checking for an ANSI C-conforming const... yes
build	Forge APK (Verbose)	2026-02-24T01:18:57.4937590Z [1m[90m[DEBUG][39m[0m:   	checking for working signed char... yes
build	Forge APK (Verbose)	2026-02-24T01:18:57.5087136Z [1m[90m[DEBUG][39m[0m:   	checking for prototypes... yes
build	Forge APK (Verbose)	2026-02-24T01:18:57.5259902Z [1m[90m[DEBUG][39m[0m:   	checking for variable length prototypes and stdarg.h... yes
build	Forge APK (Verbose)	2026-02-24T01:18:57.5452184Z [1m[90m[DEBUG][39m[0m:   	checking for socketpair... yes
build	Forge APK (Verbose)	2026-02-24T01:18:57.5631520Z [1m[90m[DEBUG][39m[0m:   	checking if sockaddr has sa_len member... no
build	Forge APK (Verbose)	2026-02-24T01:18:57.5954995Z [1m[90m[DEBUG][39m[0m:   	checking for gethostbyname_r... yes
build	Forge APK (Verbose)	2026-02-24T01:18:57.6156526Z [1m[90m[DEBUG][39m[0m:   	checking gethostbyname_r with 6 args... yes
build	Forge APK (Verbose)	2026-02-24T01:18:57.6487676Z [1m[90m[DEBUG][39m[0m:   	checking for __fpu_control... yes
build	Forge APK (Verbose)	2026-02-24T01:18:57.6488767Z [1m[90m[DEBUG][39m[0m:   	checking for --with-libm=STRING... default LIBM="-lm"
build	Forge APK (Verbose)	2026-02-24T01:18:57.6490345Z [1m[90m[DEBUG][39m[0m:   	checking for --with-libc=STRING... default LIBC=""
build	Forge APK (Verbose)	2026-02-24T01:18:57.6800031Z [1m[90m[DEBUG][39m[0m:   	checking for x64 gcc inline assembler... yes
build	Forge APK (Verbose)	2026-02-24T01:18:57.6934770Z [1m[90m[DEBUG][39m[0m:   	checking whether float word ordering is bigendian... no
build	Forge APK (Verbose)	2026-02-24T01:18:57.7250860Z [1m[90m[DEBUG][39m[0m:   	checking whether we can use gcc inline assembler to get and set x87 control word... yes
build	Forge APK (Verbose)	2026-02-24T01:18:57.7452533Z [1m[90m[DEBUG][39m[0m:   	checking whether we can use gcc inline assembler to get and set mc68881 fpcr... no
build	Forge APK (Verbose)	2026-02-24T01:18:57.8000305Z [1m[90m[DEBUG][39m[0m:   	checking for x87-style double rounding... no
build	Forge APK (Verbose)	2026-02-24T01:18:57.8430474Z [1m[90m[DEBUG][39m[0m:   	checking for acosh... yes
build	Forge APK (Verbose)	2026-02-24T01:18:57.8887046Z [1m[90m[DEBUG][39m[0m:   	checking for asinh... yes
build	Forge APK (Verbose)	2026-02-24T01:18:57.9341496Z [1m[90m[DEBUG][39m[0m:   	checking for atanh... yes
build	Forge APK (Verbose)	2026-02-24T01:18:57.9794083Z [1m[90m[DEBUG][39m[0m:   	checking for erf... yes
build	Forge APK (Verbose)	2026-02-24T01:18:58.0251099Z [1m[90m[DEBUG][39m[0m:   	checking for erfc... yes
build	Forge APK (Verbose)	2026-02-24T01:18:58.0701125Z [1m[90m[DEBUG][39m[0m:   	checking for expm1... yes
build	Forge APK (Verbose)	2026-02-24T01:18:58.1155892Z [1m[90m[DEBUG][39m[0m:   	checking for log1p... yes
build	Forge APK (Verbose)	2026-02-24T01:18:58.1614177Z [1m[90m[DEBUG][39m[0m:   	checking for log2... yes
build	Forge APK (Verbose)	2026-02-24T01:18:58.2049269Z [1m[90m[DEBUG][39m[0m:   	checking whether POSIX semaphores are enabled... yes
build	Forge APK (Verbose)	2026-02-24T01:18:58.2449519Z [1m[90m[DEBUG][39m[0m:   	checking for broken sem_getvalue... no
build	Forge APK (Verbose)	2026-02-24T01:18:58.2649458Z [1m[90m[DEBUG][39m[0m:   	checking whether RTLD_LAZY is declared... yes
build	Forge APK (Verbose)	2026-02-24T01:18:58.2857632Z [1m[90m[DEBUG][39m[0m:   	checking whether RTLD_NOW is declared... yes
build	Forge APK (Verbose)	2026-02-24T01:18:58.3080440Z [1m[90m[DEBUG][39m[0m:   	checking whether RTLD_GLOBAL is declared... yes
build	Forge APK (Verbose)	2026-02-24T01:18:58.3296168Z [1m[90m[DEBUG][39m[0m:   	checking whether RTLD_LOCAL is declared... yes
build	Forge APK (Verbose)	2026-02-24T01:18:58.3510256Z [1m[90m[DEBUG][39m[0m:   	checking whether RTLD_NODELETE is declared... yes
build	Forge APK (Verbose)	2026-02-24T01:18:58.3735915Z [1m[90m[DEBUG][39m[0m:   	checking whether RTLD_NOLOAD is declared... yes
build	Forge APK (Verbose)	2026-02-24T01:18:58.3948800Z [1m[90m[DEBUG][39m[0m:   	checking whether RTLD_DEEPBIND is declared... yes
build	Forge APK (Verbose)	2026-02-24T01:18:58.4151198Z [1m[90m[DEBUG][39m[0m:   	checking whether RTLD_MEMBER is declared... no
build	Forge APK (Verbose)	2026-02-24T01:18:58.4162312Z [1m[90m[DEBUG][39m[0m:   	checking digit size for Python's longs... no value specified
build	Forge APK (Verbose)	2026-02-24T01:18:58.4411069Z [1m[90m[DEBUG][39m[0m:   	checking wchar.h usability... yes
build	Forge APK (Verbose)	2026-02-24T01:18:58.4511496Z [1m[90m[DEBUG][39m[0m:   	checking wchar.h presence... yes
build	Forge APK (Verbose)	2026-02-24T01:18:58.4512490Z [1m[90m[DEBUG][39m[0m:   	checking for wchar.h... yes
build	Forge APK (Verbose)	2026-02-24T01:18:58.4933270Z [1m[90m[DEBUG][39m[0m:   	checking size of wchar_t... 4
build	Forge APK (Verbose)	2026-02-24T01:18:58.5293062Z [1m[90m[DEBUG][39m[0m:   	checking whether wchar_t is signed... yes
build	Forge APK (Verbose)	2026-02-24T01:18:58.5294143Z [1m[90m[DEBUG][39m[0m:   	checking whether wchar_t is usable... no
build	Forge APK (Verbose)	2026-02-24T01:18:58.5872315Z [1m[90m[DEBUG][39m[0m:   	checking whether byte ordering is bigendian... no
build	Forge APK (Verbose)	2026-02-24T01:18:58.5872895Z [1m[90m[DEBUG][39m[0m:   	checking ABIFLAGS...
build	Forge APK (Verbose)	2026-02-24T01:18:58.5889391Z [1m[90m[DEBUG][39m[0m:   	checking SOABI... cpython-311-x86_64-linux-gnu
build	Forge APK (Verbose)	2026-02-24T01:18:58.5891102Z [1m[90m[DEBUG][39m[0m:   	checking LDVERSION... $(VERSION)$(ABIFLAGS)
build	Forge APK (Verbose)	2026-02-24T01:18:58.5893121Z [1m[90m[DEBUG][39m[0m:   	checking for --with-platlibdir... no
build	Forge APK (Verbose)	2026-02-24T01:18:58.5894750Z [1m[90m[DEBUG][39m[0m:   	checking for --with-wheel-pkg-dir... no
build	Forge APK (Verbose)	2026-02-24T01:18:58.6212263Z [1m[90m[DEBUG][39m[0m:   	checking whether right shift extends the sign bit... yes
build	Forge APK (Verbose)	2026-02-24T01:18:58.6561960Z [1m[90m[DEBUG][39m[0m:   	checking for getc_unlocked() and friends... yes
build	Forge APK (Verbose)	2026-02-24T01:18:58.8101597Z [1m[90m[DEBUG][39m[0m:   	checking how to link readline libs... none
build	Forge APK (Verbose)	2026-02-24T01:18:58.8491170Z [1m[90m[DEBUG][39m[0m:   	checking for broken nice()... no
build	Forge APK (Verbose)	2026-02-24T01:18:58.8858224Z [1m[90m[DEBUG][39m[0m:   	checking for broken poll()... no
build	Forge APK (Verbose)	2026-02-24T01:18:58.9250490Z [1m[90m[DEBUG][39m[0m:   	checking for working tzset()... yes
build	Forge APK (Verbose)	2026-02-24T01:18:58.9431815Z [1m[90m[DEBUG][39m[0m:   	checking for tv_nsec in struct stat... yes
build	Forge APK (Verbose)	2026-02-24T01:18:58.9598298Z [1m[90m[DEBUG][39m[0m:   	checking for tv_nsec2 in struct stat... no
build	Forge APK (Verbose)	2026-02-24T01:18:58.9911160Z [1m[90m[DEBUG][39m[0m:   	checking curses.h usability... yes
build	Forge APK (Verbose)	2026-02-24T01:18:59.0056296Z [1m[90m[DEBUG][39m[0m:   	checking curses.h presence... yes
build	Forge APK (Verbose)	2026-02-24T01:18:59.0057354Z [1m[90m[DEBUG][39m[0m:   	checking for curses.h... yes
build	Forge APK (Verbose)	2026-02-24T01:18:59.0392209Z [1m[90m[DEBUG][39m[0m:   	checking ncurses.h usability... yes
build	Forge APK (Verbose)	2026-02-24T01:18:59.0538937Z [1m[90m[DEBUG][39m[0m:   	checking ncurses.h presence... yes
build	Forge APK (Verbose)	2026-02-24T01:18:59.0540086Z [1m[90m[DEBUG][39m[0m:   	checking for ncurses.h... yes
build	Forge APK (Verbose)	2026-02-24T01:18:59.0787948Z [1m[90m[DEBUG][39m[0m:   	checking for term.h... yes
build	Forge APK (Verbose)	2026-02-24T01:18:59.1036193Z [1m[90m[DEBUG][39m[0m:   	checking whether mvwdelch is an expression... yes
build	Forge APK (Verbose)	2026-02-24T01:18:59.1258277Z [1m[90m[DEBUG][39m[0m:   	checking whether WINDOW has _flags... no
build	Forge APK (Verbose)	2026-02-24T01:18:59.1501758Z [1m[90m[DEBUG][39m[0m:   	checking for curses function is_pad... yes
build	Forge APK (Verbose)	2026-02-24T01:18:59.1739331Z [1m[90m[DEBUG][39m[0m:   	checking for curses function is_term_resized... yes
build	Forge APK (Verbose)	2026-02-24T01:18:59.1979439Z [1m[90m[DEBUG][39m[0m:   	checking for curses function resize_term... yes
build	Forge APK (Verbose)	2026-02-24T01:18:59.2216558Z [1m[90m[DEBUG][39m[0m:   	checking for curses function resizeterm... yes
build	Forge APK (Verbose)	2026-02-24T01:18:59.2450954Z [1m[90m[DEBUG][39m[0m:   	checking for curses function immedok... yes
build	Forge APK (Verbose)	2026-02-24T01:18:59.2683582Z [1m[90m[DEBUG][39m[0m:   	checking for curses function syncok... yes
build	Forge APK (Verbose)	2026-02-24T01:18:59.2914072Z [1m[90m[DEBUG][39m[0m:   	checking for curses function wchgat... yes
build	Forge APK (Verbose)	2026-02-24T01:18:59.3150039Z [1m[90m[DEBUG][39m[0m:   	checking for curses function filter... yes
build	Forge APK (Verbose)	2026-02-24T01:18:59.3384498Z [1m[90m[DEBUG][39m[0m:   	checking for curses function has_key... yes
build	Forge APK (Verbose)	2026-02-24T01:18:59.3615828Z [1m[90m[DEBUG][39m[0m:   	checking for curses function typeahead... yes
build	Forge APK (Verbose)	2026-02-24T01:18:59.3849377Z [1m[90m[DEBUG][39m[0m:   	checking for curses function use_env... yes
build	Forge APK (Verbose)	2026-02-24T01:18:59.3850242Z [1m[90m[DEBUG][39m[0m:   	configure: checking for device files
build	Forge APK (Verbose)	2026-02-24T01:18:59.3851712Z [1m[90m[DEBUG][39m[0m:   	checking for /dev/ptmx... yes
build	Forge APK (Verbose)	2026-02-24T01:18:59.3852846Z [1m[90m[DEBUG][39m[0m:   	checking for /dev/ptc... no
build	Forge APK (Verbose)	2026-02-24T01:18:59.4230275Z [1m[90m[DEBUG][39m[0m:   	checking for %zd printf() format support... yes
build	Forge APK (Verbose)	2026-02-24T01:18:59.4592300Z [1m[90m[DEBUG][39m[0m:   	checking for socklen_t... yes
build	Forge APK (Verbose)	2026-02-24T01:18:59.4971153Z [1m[90m[DEBUG][39m[0m:   	checking for broken mbstowcs... no
build	Forge APK (Verbose)	2026-02-24T01:18:59.4972198Z [1m[90m[DEBUG][39m[0m:   	checking for --with-computed-gotos... no value specified
build	Forge APK (Verbose)	2026-02-24T01:18:59.5293677Z [1m[90m[DEBUG][39m[0m:   	checking whether gcc supports computed gotos... yes
build	Forge APK (Verbose)	2026-02-24T01:18:59.5497102Z [1m[90m[DEBUG][39m[0m:   	checking for build directories... done
build	Forge APK (Verbose)	2026-02-24T01:18:59.5679557Z [1m[90m[DEBUG][39m[0m:   	checking for -O2... yes
build	Forge APK (Verbose)	2026-02-24T01:18:59.6173470Z [1m[90m[DEBUG][39m[0m:   	checking for glibc _FORTIFY_SOURCE/memmove bug... no
build	Forge APK (Verbose)	2026-02-24T01:18:59.6524107Z [1m[90m[DEBUG][39m[0m:   	checking for gcc ipa-pure-const bug... no
build	Forge APK (Verbose)	2026-02-24T01:18:59.6845976Z [1m[90m[DEBUG][39m[0m:   	checking for stdatomic.h... yes
build	Forge APK (Verbose)	2026-02-24T01:18:59.7161707Z [1m[90m[DEBUG][39m[0m:   	checking for builtin __atomic_load_n and __atomic_store_n functions... yes
build	Forge APK (Verbose)	2026-02-24T01:18:59.7163085Z [1m[90m[DEBUG][39m[0m:   	checking for ensurepip... upgrade
build	Forge APK (Verbose)	2026-02-24T01:18:59.7511422Z [1m[90m[DEBUG][39m[0m:   	checking if the dirent structure of a d_type field... yes
build	Forge APK (Verbose)	2026-02-24T01:18:59.7875136Z [1m[90m[DEBUG][39m[0m:   	checking for the Linux getrandom() syscall... yes
build	Forge APK (Verbose)	2026-02-24T01:18:59.8227741Z [1m[90m[DEBUG][39m[0m:   	checking for the getrandom() function... yes
build	Forge APK (Verbose)	2026-02-24T01:18:59.8550915Z [1m[90m[DEBUG][39m[0m:   	checking for library containing shm_open... none required
build	Forge APK (Verbose)	2026-02-24T01:18:59.8907633Z [1m[90m[DEBUG][39m[0m:   	checking for shm_open... yes
build	Forge APK (Verbose)	2026-02-24T01:18:59.9303588Z [1m[90m[DEBUG][39m[0m:   	checking for shm_unlink... yes
build	Forge APK (Verbose)	2026-02-24T01:18:59.9339673Z [1m[90m[DEBUG][39m[0m:   	checking for pkg-config... /usr/bin/pkg-config
build	Forge APK (Verbose)	2026-02-24T01:19:00.2414969Z [1m[90m[DEBUG][39m[0m:   	checking whether compiling and linking against OpenSSL works... yes
build	Forge APK (Verbose)	2026-02-24T01:19:00.2424973Z [1m[90m[DEBUG][39m[0m:   	checking for --with-openssl-rpath...
build	Forge APK (Verbose)	2026-02-24T01:19:00.3393021Z [1m[90m[DEBUG][39m[0m:   	checking whether OpenSSL provides required ssl module APIs... yes
build	Forge APK (Verbose)	2026-02-24T01:19:00.4157332Z [1m[90m[DEBUG][39m[0m:   	checking whether OpenSSL provides required hashlib module APIs... yes
build	Forge APK (Verbose)	2026-02-24T01:19:00.4158568Z [1m[90m[DEBUG][39m[0m:   	checking for --with-ssl-default-suites... python
build	Forge APK (Verbose)	2026-02-24T01:19:00.4159792Z [1m[90m[DEBUG][39m[0m:   	checking for --with-builtin-hashlib-hashes... md5,sha1,sha256,sha512,sha3,blake2
build	Forge APK (Verbose)	2026-02-24T01:19:00.4241971Z [1m[90m[DEBUG][39m[0m:   	checking for LIBB2... no
build	Forge APK (Verbose)	2026-02-24T01:19:00.4290184Z [1m[90m[DEBUG][39m[0m:   	checking for --disable-test-modules... yes
build	Forge APK (Verbose)	2026-02-24T01:19:00.4292140Z [1m[90m[DEBUG][39m[0m:   	checking for additional Modules/Setup files...
build	Forge APK (Verbose)	2026-02-24T01:19:00.4302200Z [1m[90m[DEBUG][39m[0m:   	checking for stdlib extension module _multiprocessing... yes
build	Forge APK (Verbose)	2026-02-24T01:19:00.4304043Z [1m[90m[DEBUG][39m[0m:   	checking for stdlib extension module _posixshmem... yes
build	Forge APK (Verbose)	2026-02-24T01:19:00.4308745Z [1m[90m[DEBUG][39m[0m:   	checking for stdlib extension module fcntl... yes
build	Forge APK (Verbose)	2026-02-24T01:19:00.4310051Z [1m[90m[DEBUG][39m[0m:   	checking for stdlib extension module mmap... yes
build	Forge APK (Verbose)	2026-02-24T01:19:00.4312142Z [1m[90m[DEBUG][39m[0m:   	checking for stdlib extension module _socket... yes
build	Forge APK (Verbose)	2026-02-24T01:19:00.4313515Z [1m[90m[DEBUG][39m[0m:   	checking for stdlib extension module grp... yes
build	Forge APK (Verbose)	2026-02-24T01:19:00.4315618Z [1m[90m[DEBUG][39m[0m:   	checking for stdlib extension module ossaudiodev... yes
build	Forge APK (Verbose)	2026-02-24T01:19:00.4317202Z [1m[90m[DEBUG][39m[0m:   	checking for stdlib extension module pwd... yes
build	Forge APK (Verbose)	2026-02-24T01:19:00.4318877Z [1m[90m[DEBUG][39m[0m:   	checking for stdlib extension module resource... yes
build	Forge APK (Verbose)	2026-02-24T01:19:00.4320271Z [1m[90m[DEBUG][39m[0m:   	checking for stdlib extension module _scproxy... n/a
build	Forge APK (Verbose)	2026-02-24T01:19:00.4322014Z [1m[90m[DEBUG][39m[0m:   	checking for stdlib extension module spwd... yes
build	Forge APK (Verbose)	2026-02-24T01:19:00.4324161Z [1m[90m[DEBUG][39m[0m:   	checking for stdlib extension module syslog... yes
build	Forge APK (Verbose)	2026-02-24T01:19:00.4325170Z [1m[90m[DEBUG][39m[0m:   	checking for stdlib extension module termios... yes
build	Forge APK (Verbose)	2026-02-24T01:19:00.4326881Z [1m[90m[DEBUG][39m[0m:   	checking for stdlib extension module pyexpat... yes
build	Forge APK (Verbose)	2026-02-24T01:19:00.4328447Z [1m[90m[DEBUG][39m[0m:   	checking for stdlib extension module _elementtree... yes
build	Forge APK (Verbose)	2026-02-24T01:19:00.4334502Z [1m[90m[DEBUG][39m[0m:   	checking for stdlib extension module _md5... yes
build	Forge APK (Verbose)	2026-02-24T01:19:00.4337184Z [1m[90m[DEBUG][39m[0m:   	checking for stdlib extension module _sha1... yes
build	Forge APK (Verbose)	2026-02-24T01:19:00.4338249Z [1m[90m[DEBUG][39m[0m:   	checking for stdlib extension module _sha256... yes
build	Forge APK (Verbose)	2026-02-24T01:19:00.4339186Z [1m[90m[DEBUG][39m[0m:   	checking for stdlib extension module _sha512... yes
build	Forge APK (Verbose)	2026-02-24T01:19:00.4342289Z [1m[90m[DEBUG][39m[0m:   	checking for stdlib extension module _sha3... yes
build	Forge APK (Verbose)	2026-02-24T01:19:00.4343233Z [1m[90m[DEBUG][39m[0m:   	checking for stdlib extension module _blake2... yes
build	Forge APK (Verbose)	2026-02-24T01:19:00.4345361Z [1m[90m[DEBUG][39m[0m:   	checking for stdlib extension module _crypt... yes
build	Forge APK (Verbose)	2026-02-24T01:19:00.4347696Z [1m[90m[DEBUG][39m[0m:   	checking for stdlib extension module _decimal... yes
build	Forge APK (Verbose)	2026-02-24T01:19:00.4349094Z [1m[90m[DEBUG][39m[0m:   	checking for stdlib extension module _gdbm... missing
build	Forge APK (Verbose)	2026-02-24T01:19:00.4351611Z [1m[90m[DEBUG][39m[0m:   	checking for stdlib extension module nis... missing
build	Forge APK (Verbose)	2026-02-24T01:19:00.4353180Z [1m[90m[DEBUG][39m[0m:   	checking for stdlib extension module _sqlite3... yes
build	Forge APK (Verbose)	2026-02-24T01:19:00.4356315Z [1m[90m[DEBUG][39m[0m:   	checking for stdlib extension module _tkinter... missing
build	Forge APK (Verbose)	2026-02-24T01:19:00.4357406Z [1m[90m[DEBUG][39m[0m:   	checking for stdlib extension module _uuid... missing
build	Forge APK (Verbose)	2026-02-24T01:19:00.4359947Z [1m[90m[DEBUG][39m[0m:   	checking for stdlib extension module zlib... yes
build	Forge APK (Verbose)	2026-02-24T01:19:00.4363729Z [1m[90m[DEBUG][39m[0m:   	checking for stdlib extension module _bz2... missing
build	Forge APK (Verbose)	2026-02-24T01:19:00.4364995Z [1m[90m[DEBUG][39m[0m:   	checking for stdlib extension module _lzma... missing
build	Forge APK (Verbose)	2026-02-24T01:19:00.4365886Z [1m[90m[DEBUG][39m[0m:   	checking for stdlib extension module _ssl... yes
build	Forge APK (Verbose)	2026-02-24T01:19:00.4367744Z [1m[90m[DEBUG][39m[0m:   	checking for stdlib extension module _hashlib... yes
build	Forge APK (Verbose)	2026-02-24T01:19:00.4369812Z [1m[90m[DEBUG][39m[0m:   	checking for stdlib extension module _testcapi... yes
build	Forge APK (Verbose)	2026-02-24T01:19:00.4371296Z [1m[90m[DEBUG][39m[0m:   	checking for stdlib extension module _testclinic... yes
build	Forge APK (Verbose)	2026-02-24T01:19:00.4373998Z [1m[90m[DEBUG][39m[0m:   	checking for stdlib extension module _testinternalcapi... yes
build	Forge APK (Verbose)	2026-02-24T01:19:00.4375294Z [1m[90m[DEBUG][39m[0m:   	checking for stdlib extension module _testbuffer... yes
build	Forge APK (Verbose)	2026-02-24T01:19:00.4377857Z [1m[90m[DEBUG][39m[0m:   	checking for stdlib extension module _testimportmultiple... yes
build	Forge APK (Verbose)	2026-02-24T01:19:00.4381469Z [1m[90m[DEBUG][39m[0m:   	checking for stdlib extension module _testmultiphase... yes
build	Forge APK (Verbose)	2026-02-24T01:19:00.4382604Z [1m[90m[DEBUG][39m[0m:   	checking for stdlib extension module _xxtestfuzz... yes
build	Forge APK (Verbose)	2026-02-24T01:19:00.4383644Z [1m[90m[DEBUG][39m[0m:   	checking for stdlib extension module _ctypes_test... yes
build	Forge APK (Verbose)	2026-02-24T01:19:00.4384661Z [1m[90m[DEBUG][39m[0m:   	checking for stdlib extension module xxlimited... yes
build	Forge APK (Verbose)	2026-02-24T01:19:00.4385921Z [1m[90m[DEBUG][39m[0m:   	checking for stdlib extension module xxlimited_35... yes
build	Forge APK (Verbose)	2026-02-24T01:19:00.4752545Z [1m[90m[DEBUG][39m[0m:   	configure: creating ./config.status
build	Forge APK (Verbose)	2026-02-24T01:19:00.5490039Z [1m[90m[DEBUG][39m[0m:   	config.status: creating Makefile.pre
build	Forge APK (Verbose)	2026-02-24T01:19:00.5612840Z [1m[90m[DEBUG][39m[0m:   	config.status: creating Misc/python.pc
build	Forge APK (Verbose)	2026-02-24T01:19:00.5765131Z [1m[90m[DEBUG][39m[0m:   	config.status: creating Misc/python-embed.pc
build	Forge APK (Verbose)	2026-02-24T01:19:00.5907430Z [1m[90m[DEBUG][39m[0m:   	config.status: creating Misc/python-config.sh
build	Forge APK (Verbose)	2026-02-24T01:19:00.6051094Z [1m[90m[DEBUG][39m[0m:   	config.status: creating Modules/Setup.bootstrap
build	Forge APK (Verbose)	2026-02-24T01:19:00.6193806Z [1m[90m[DEBUG][39m[0m:   	config.status: creating Modules/Setup.stdlib
build	Forge APK (Verbose)	2026-02-24T01:19:00.6339380Z [1m[90m[DEBUG][39m[0m:   	config.status: creating Modules/ld_so_aix
build	Forge APK (Verbose)	2026-02-24T01:19:00.6492132Z [1m[90m[DEBUG][39m[0m:   	config.status: creating pyconfig.h
build	Forge APK (Verbose)	2026-02-24T01:19:00.6593453Z [1m[90m[DEBUG][39m[0m:   	configure: creating Modules/Setup.local
build	Forge APK (Verbose)	2026-02-24T01:19:00.6594583Z [1m[90m[DEBUG][39m[0m:   	configure: creating Makefile
build	Forge APK (Verbose)	2026-02-24T01:19:00.7826874Z [1m[90m[DEBUG][39m[0m:   	configure:
build	Forge APK (Verbose)	2026-02-24T01:19:00.7827826Z [1m[90m[DEBUG][39m[0m:   	
build	Forge APK (Verbose)	2026-02-24T01:19:00.7828841Z [1m[90m[DEBUG][39m[0m:   	If you want a release build with all stable optimizations active (PGO, etc),
build	Forge APK (Verbose)	2026-02-24T01:19:00.7829647Z [1m[90m[DEBUG][39m[0m:   	please run ./configure --enable-optimizations
build	Forge APK (Verbose)	2026-02-24T01:19:00.7830064Z [1m[90m[DEBUG][39m[0m:   	
build	Forge APK (Verbose)	2026-02-24T01:19:00.8259891Z [1m[INFO][0m:    [36m<- directory context /home/runner/work/APEXYX_ORI_AI/APEXYX_ORI_AI/.buildozer/android/platform/python-for-android[39m
build	Forge APK (Verbose)	2026-02-24T01:19:00.8261606Z [1m[INFO][0m:    [36m-> directory context /home/runner/work/APEXYX_ORI_AI/APEXYX_ORI_AI/.buildozer/android/platform/build-arm64-v8a/build/other_builds/hostpython3/desktop/hostpython3[39m
build	Forge APK (Verbose)	2026-02-24T01:19:00.8278620Z stty: 'standard input': Inappropriate ioctl for device
build	Forge APK (Verbose)	2026-02-24T01:19:00.8282996Z [1m[90m[DEBUG][39m[0m:   [90m->[0m running make -j 4 -C /home/runner/work/APEXYX_ORI_AI/APEXYX_ORI_AI/.buildozer/android/platform/build-arm64-v8a/build/other_builds/hostpython3/desktop/hostpython3/native-build[0m
build	Forge APK (Verbose)	2026-02-24T01:19:00.8561445Z [1m[90m[DEBUG][39m[0m:   	make: Entering directory '/home/runner/work/APEXYX_ORI_AI/APEXYX_ORI_AI/.buildozer/android/platform/build-arm64-v8a/build/other_builds/hostpython3/desktop/hostpython3/native-build'
build	Forge APK (Verbose)	2026-02-24T01:19:00.8622091Z [1m[90m[DEBUG][39m[0m:   	gcc -c -Wsign-compare -DNDEBUG -g -fwrapv -O3 -Wall    -std=c11 -Wextra -Wno-unused-parameter -Wno-missing-field-initializers -Werror=implicit-function-declaration -fvisibility=hidden  -I/home/runner/work/APEXYX_ORI_AI/APEXYX_ORI_AI/.buildozer/android/platform/build-arm64-v8a/build/other_builds/hostpython3/desktop/hostpython3/Include/internal -IObjects -IInclude -IPython -I. -I/home/runner/work/APEXYX_ORI_AI/APEXYX_ORI_AI/.buildozer/android/platform/build-arm64-v8a/build/other_builds/hostpython3/desktop/hostpython3/Include    -DPy_BUILD_CORE -o Programs/python.o /home/runner/work/APEXYX_ORI_AI/APEXYX_ORI_AI/.buildozer/android/platform/build-arm64-v8a/build/other_builds/hostpython3/desktop/hostpython3/Programs/python.c
build	Forge APK (Verbose)	2026-02-24T01:19:00.8633429Z [1m[90m[DEBUG][39m[0m:   	gcc -c -Wsign-compare -DNDEBUG -g -fwrapv -O3 -Wall    -std=c11 -Wextra -Wno-unused-parameter -Wno-missing-field-initializers -Werror=implicit-function-declaration -fvisibility=hidden  -I/home/runner/work/APEXYX_ORI_AI/APEXYX_ORI_AI/.buildozer/android/platform/build-arm64-v8a/build/other_builds/hostpython3/desktop/hostpython3/Include/internal -IObjects -IInclude -IPython -I. -I/home/runner/work/APEXYX_ORI_AI/APEXYX_ORI_AI/.buildozer/android/platform/build-arm64-v8a/build/other_builds/hostpython3/desktop/hostpython3/Include    -DPy_BUILD_CORE -o Parser/token.o /home/runner/work/APEXYX_ORI_AI/APEXYX_ORI_AI/.buildozer/android/platform/build-arm64-v8a/build/other_builds/hostpython3/desktop/hostpython3/Parser/token.c
build	Forge APK (Verbose)	2026-02-24T01:19:00.8647153Z [1m[90m[DEBUG][39m[0m:   	gcc -c -Wsign-compare -DNDEBUG -g -fwrapv -O3 -Wall    -std=c11 -Wextra -Wno-unused-parameter -Wno-missing-field-initializers -Werror=implicit-function-declaration -fvisibility=hidden  -I/home/runner/work/APEXYX_ORI_AI/APEXYX_ORI_AI/.buildozer/android/platform/build-arm64-v8a/build/other_builds/hostpython3/desktop/hostpython3/Include/internal -IObjects -IInclude -IPython -I. -I/home/runner/work/APEXYX_ORI_AI/APEXYX_ORI_AI/.buildozer/android/platform/build-arm64-v8a/build/other_builds/hostpython3/desktop/hostpython3/Include    -DPy_BUILD_CORE -o Parser/pegen.o /home/runner/work/APEXYX_ORI_AI/APEXYX_ORI_AI/.buildozer/android/platform/build-arm64-v8a/build/other_builds/hostpython3/desktop/hostpython3/Parser/pegen.c
build	Forge APK (Verbose)	2026-02-24T01:19:00.8689120Z [1m[90m[DEBUG][39m[0m:   	gcc -c -Wsign-compare -DNDEBUG -g -fwrapv -O3 -Wall    -std=c11 -Wextra -Wno-unused-parameter -Wno-missing-field-initializers -Werror=implicit-function-declaration -fvisibility=hidden  -I/home/runner/work/APEXYX_ORI_AI/APEXYX_ORI_AI/.buildozer/android/platform/build-arm64-v8a/build/other_builds/hostpython3/desktop/hostpython3/Include/internal -IObjects -IInclude -IPython -I. -I/home/runner/work/APEXYX_ORI_AI/APEXYX_ORI_AI/.buildozer/android/platform/build-arm64-v8a/build/other_builds/hostpython3/desktop/hostpython3/Include    -DPy_BUILD_CORE -o Parser/pegen_errors.o /home/runner/work/APEXYX_ORI_AI/APEXYX_ORI_AI/.buildozer/android/platform/build-arm64-v8a/build/other_builds/hostpython3/desktop/hostpython3/Parser/pegen_errors.c
build	Forge APK (Verbose)	2026-02-24T01:19:00.9758758Z [1m[90m[DEBUG][39m[0m:   	gcc -c -Wsign-compare -DNDEBUG -g -fwrapv -O3 -Wall    -std=c11 -Wextra -Wno-unused-parameter -Wno-missing-field-initializers -Werror=implicit-function-declaration -fvisibility=hidden  -I/home/runner/work/APEXYX_ORI_AI/APEXYX_ORI_AI/.buildozer/android/platform/build-arm64-v8a/build/other_builds/hostpython3/desktop/hostpython3/Include/internal -IObjects -IInclude -IPython -I. -I/home/runner/work/APEXYX_ORI_AI/APEXYX_ORI_AI/.buildozer/android/platform/build-arm64-v8a/build/other_builds/hostpython3/desktop/hostpython3/Include    -DPy_BUILD_CORE -o Parser/action_helpers.o /home/runner/work/APEXYX_ORI_AI/APEXYX_ORI_AI/.buildozer/android/platform/build-arm64-v8a/build/other_builds/hostpython3/desktop/hostpython3/Parser/action_helpers.c
build	Forge APK (Verbose)	2026-02-24T01:19:00.9941429Z [1m[90m[DEBUG][39m[0m:   	gcc -c -Wsign-compare -DNDEBUG -g -fwrapv -O3 -Wall    -std=c11 -Wextra -Wno-unused-parameter -Wno-missing-field-initializers -Werror=implicit-function-declaration -fvisibility=hidden  -I/home/runner/work/APEXYX_ORI_AI/APEXYX_ORI_AI/.buildozer/android/platform/build-arm64-v8a/build/other_builds/hostpython3/desktop/hostpython3/Include/internal -IObjects -IInclude -IPython -I. -I/home/runner/work/APEXYX_ORI_AI/APEXYX_ORI_AI/.buildozer/android/platform/build-arm64-v8a/build/other_builds/hostpython3/desktop/hostpython3/Include    -DPy_BUILD_CORE -o Parser/parser.o /home/runner/work/APEXYX_ORI_AI/APEXYX_ORI_AI/.buildozer/android/platform/build-arm64-v8a/build/other_builds/hostpython3/desktop/hostpython3/Parser/parser.c
build	Forge APK (Verbose)	2026-02-24T01:19:01.1272842Z [1m[90m[DEBUG][39m[0m:   	gcc -c -Wsign-compare -DNDEBUG -g -fwrapv -O3 -Wall    -std=c11 -Wextra -Wno-unused-parameter -Wno-missing-field-initializers -Werror=implicit-function-declaration -fvisibility=hidden  -I/home/runner/work/APEXYX_ORI_AI/APEXYX_ORI_AI/.buildozer/android/platform/build-arm64-v8a/build/other_builds/hostpython3/desktop/hostpython3/Include/internal -IObjects -IInclude -IPython -I. -I/home/runner/work/APEXYX_ORI_AI/APEXYX_ORI_AI/.buildozer/android/platform/build-arm64-v8a/build/other_builds/hostpython3/desktop/hostpython3/Include    -DPy_BUILD_CORE -o Parser/string_parser.o /home/runner/work/APEXYX_ORI_AI/APEXYX_ORI_AI/.buildozer/android/platform/build-arm64-v8a/build/other_builds/hostpython3/desktop/hostpython3/Parser/string_parser.c
build	Forge APK (Verbose)	2026-02-24T01:19:01.3161406Z [1m[90m[DEBUG][39m[0m:   	gcc -c -Wsign-compare -DNDEBUG -g -fwrapv -O3 -Wall    -std=c11 -Wextra -Wno-unused-parameter -Wno-missing-field-initializers -Werror=implicit-function-declaration -fvisibility=hidden  -I/home/runner/work/APEXYX_ORI_AI/APEXYX_ORI_AI/.buildozer/android/platform/build-arm64-v8a/build/other_builds/hostpython3/desktop/hostpython3/Include/internal -IObjects -IInclude -IPython -I. -I/home/runner/work/APEXYX_ORI_AI/APEXYX_ORI_AI/.buildozer/android/platform/build-arm64-v8a/build/other_builds/hostpython3/desktop/hostpython3/Include    -DPy_BUILD_CORE -o Parser/peg_api.o /home/runner/work/APEXYX_ORI_AI/APEXYX_ORI_AI/.buildozer/android/platform/build-arm64-v8a/build/other_builds/hostpython3/desktop/hostpython3/Parser/peg_api.c
build	Forge APK (Verbose)	2026-02-24T01:19:01.4545520Z [1m[90m[DEBUG][39m[0m:   	gcc -c -Wsign-compare -DNDEBUG -g -fwrapv -O3 -Wall    -std=c11 -Wextra -Wno-unused-parameter -Wno-missing-field-initializers -Werror=implicit-function-declaration -fvisibility=hidden  -I/home/runner/work/APEXYX_ORI_AI/APEXYX_ORI_AI/.buildozer/android/platform/build-arm64-v8a/build/other_builds/hostpython3/desktop/hostpython3/Include/internal -IObjects -IInclude -IPython -I. -I/home/runner/work/APEXYX_ORI_AI/APEXYX_ORI_AI/.buildozer/android/platform/build-arm64-v8a/build/other_builds/hostpython3/desktop/hostpython3/Include    -DPy_BUILD_CORE -o Parser/myreadline.o /home/runner/work/APEXYX_ORI_AI/APEXYX_ORI_AI/.buildozer/android/platform/build-arm64-v8a/build/other_builds/hostpython3/desktop/hostpython3/Parser/myreadline.c
build	Forge APK (Verbose)	2026-02-24T01:19:01.5853743Z [1m[90m[DEBUG][39m[0m:   	gcc -c -Wsign-compare -DNDEBUG -g -fwrapv -O3 -Wall    -std=c11 -Wextra -Wno-unused-parameter -Wno-missing-field-initializers -Werror=implicit-function-declaration -fvisibility=hidden  -I/home/runner/work/APEXYX_ORI_AI/APEXYX_ORI_AI/.buildozer/android/platform/build-arm64-v8a/build/other_builds/hostpython3/desktop/hostpython3/Include/internal -IObjects -IInclude -IPython -I. -I/home/runner/work/APEXYX_ORI_AI/APEXYX_ORI_AI/.buildozer/android/platform/build-arm64-v8a/build/other_builds/hostpython3/desktop/hostpython3/Include    -DPy_BUILD_CORE -o Parser/tokenizer.o /home/runner/work/APEXYX_ORI_AI/APEXYX_ORI_AI/.buildozer/android/platform/build-arm64-v8a/build/other_builds/hostpython3/desktop/hostpython3/Parser/tokenizer.c
build	Forge APK (Verbose)	2026-02-24T01:19:01.6114606Z [1m[90m[DEBUG][39m[0m:   	gcc -c -Wsign-compare -DNDEBUG -g -fwrapv -O3 -Wall    -std=c11 -Wextra -Wno-unused-parameter -Wno-missing-field-initializers -Werror=implicit-function-declaration -fvisibility=hidden  -I/home/runner/work/APEXYX_ORI_AI/APEXYX_ORI_AI/.buildozer/android/platform/build-arm64-v8a/build/other_builds/hostpython3/desktop/hostpython3/Include/internal -IObjects -IInclude -IPython -I. -I/home/runner/work/APEXYX_ORI_AI/APEXYX_ORI_AI/.buildozer/android/platform/build-arm64-v8a/build/other_builds/hostpython3/desktop/hostpython3/Include    -DPy_BUILD_CORE -o Objects/abstract.o /home/runner/work/APEXYX_ORI_AI/APEXYX_ORI_AI/.buildozer/android/platform/build-arm64-v8a/build/other_builds/hostpython3/desktop/hostpython3/Objects/abstract.c
build	Forge APK (Verbose)	2026-02-24T01:19:01.6408890Z [1m[90m[DEBUG][39m[0m:   	gcc -c -Wsign-compare -DNDEBUG -g -fwrapv -O3 -Wall    -std=c11 -Wextra -Wno-unused-parameter -Wno-missing-field-initializers -Werror=implicit-function-declaration -fvisibility=hidden  -I/home/runner/work/APEXYX_ORI_AI/APEXYX_ORI_AI/.buildozer/android/platform/build-arm64-v8a/build/other_builds/hostpython3/desktop/hostpython3/Include/internal -IObjects -IInclude -IPython -I. -I/home/runner/work/APEXYX_ORI_AI/APEXYX_ORI_AI/.buildozer/android/platform/build-arm64-v8a/build/other_builds/hostpython3/desktop/hostpython3/Include    -DPy_BUILD_CORE -o Objects/accu.o /home/runner/work/APEXYX_ORI_AI/APEXYX_ORI_AI/.buildozer/android/platform/build-arm64-v8a/build/other_builds/hostpython3/desktop/hostpython3/Objects/accu.c
build	Forge APK (Verbose)	2026-02-24T01:19:01.8110384Z [1m[90m[DEBUG][39m[0m:   	gcc -c -Wsign-compare -DNDEBUG -g -fwrapv -O3 -Wall    -std=c11 -Wextra -Wno-unused-parameter -Wno-missing-field-initializers -Werror=implicit-function-declaration -fvisibility=hidden  -I/home/runner/work/APEXYX_ORI_AI/APEXYX_ORI_AI/.buildozer/android/platform/build-arm64-v8a/build/other_builds/hostpython3/desktop/hostpython3/Include/internal -IObjects -IInclude -IPython -I. -I/home/runner/work/APEXYX_ORI_AI/APEXYX_ORI_AI/.buildozer/android/platform/build-arm64-v8a/build/other_builds/hostpython3/desktop/hostpython3/Include    -DPy_BUILD_CORE -o Objects/boolobject.o /home/runner/work/APEXYX_ORI_AI/APEXYX_ORI_AI/.buildozer/android/platform/build-arm64-v8a/build/other_builds/hostpython3/desktop/hostpython3/Objects/boolobject.c
build	Forge APK (Verbose)	2026-02-24T01:19:01.9942119Z [1m[90m[DEBUG][39m[0m:   	gcc -c -Wsign-compare -DNDEBUG -g -fwrapv -O3 -Wall    -std=c11 -Wextra -Wno-unused-parameter -Wno-missing-field-initializers -Werror=implicit-function-declaration -fvisibility=hidden  -I/home/runner/work/APEXYX_ORI_AI/APEXYX_ORI_AI/.buildozer/android/platform/build-arm64-v8a/build/other_builds/hostpython3/desktop/hostpython3/Include/internal -IObjects -IInclude -IPython -I. -I/home/runner/work/APEXYX_ORI_AI/APEXYX_ORI_AI/.buildozer/android/platform/build-arm64-v8a/build/other_builds/hostpython3/desktop/hostpython3/Include    -DPy_BUILD_CORE -o Objects/bytes_methods.o /home/runner/work/APEXYX_ORI_AI/APEXYX_ORI_AI/.buildozer/android/platform/build-arm64-v8a/build/other_builds/hostpython3/desktop/hostpython3/Objects/bytes_methods.c
build	Forge APK (Verbose)	2026-02-24T01:19:02.4622461Z [1m[90m[DEBUG][39m[0m:   	gcc -c -Wsign-compare -DNDEBUG -g -fwrapv -O3 -Wall    -std=c11 -Wextra -Wno-unused-parameter -Wno-missing-field-initializers -Werror=implicit-function-declaration -fvisibility=hidden  -I/home/runner/work/APEXYX_ORI_AI/APEXYX_ORI_AI/.buildozer/android/platform/build-arm64-v8a/build/other_builds/hostpython3/desktop/hostpython3/Include/internal -IObjects -IInclude -IPython -I. -I/home/runner/work/APEXYX_ORI_AI/APEXYX_ORI_AI/.buildozer/android/platform/build-arm64-v8a/build/other_builds/hostpython3/desktop/hostpython3/Include    -DPy_BUILD_CORE -o Objects/bytearrayobject.o /home/runner/work/APEXYX_ORI_AI/APEXYX_ORI_AI/.buildozer/android/platform/build-arm64-v8a/build/other_builds/hostpython3/desktop/hostpython3/Objects/bytearrayobject.c
build	Forge APK (Verbose)	2026-02-24T01:19:02.7232838Z [1m[90m[DEBUG][39m[0m:   	gcc -c -Wsign-compare -DNDEBUG -g -fwrapv -O3 -Wall    -std=c11 -Wextra -Wno-unused-parameter -Wno-missing-field-initializers -Werror=implicit-function-declaration -fvisibility=hidden  -I/home/runner/work/APEXYX_ORI_AI/APEXYX_ORI_AI/.buildozer/android/platform/build-arm64-v8a/build/other_builds/hostpython3/desktop/hostpython3/Include/internal -IObjects -IInclude -IPython -I. -I/home/runner/work/APEXYX_ORI_AI/APEXYX_ORI_AI/.buildozer/android/platform/build-arm64-v8a/build/other_builds/hostpython3/desktop/hostpython3/Include    -DPy_BUILD_CORE -o Objects/bytesobject.o /home/runner/work/APEXYX_ORI_AI/APEXYX_ORI_AI/.buildozer/android/platform/build-arm64-v8a/build/other_builds/hostpython3/desktop/hostpython3/Objects/bytesobject.c
build	Forge APK (Verbose)	2026-02-24T01:19:03.6032443Z [1m[90m[DEBUG][39m[0m:   	gcc -c -Wsign-compare -DNDEBUG -g -fwrapv -O3 -Wall    -std=c11 -Wextra -Wno-unused-parameter -Wno-missing-field-initializers -Werror=implicit-function-declaration -fvisibility=hidden  -I/home/runner/work/APEXYX_ORI_AI/APEXYX_ORI_AI/.buildozer/android/platform/build-arm64-v8a/build/other_builds/hostpython3/desktop/hostpython3/Include/internal -IObjects -IInclude -IPython -I. -I/home/runner/work/APEXYX_ORI_AI/APEXYX_ORI_AI/.buildozer/android/platform/build-arm64-v8a/build/other_builds/hostpython3/desktop/hostpython3/Include    -DPy_BUILD_CORE -o Objects/call.o /home/runner/work/APEXYX_ORI_AI/APEXYX_ORI_AI/.buildozer/android/platform/build-arm64-v8a/build/other_builds/hostpython3/desktop/hostpython3/Objects/call.c
build	Forge APK (Verbose)	2026-02-24T01:19:04.2209772Z [1m[90m[DEBUG][39m[0m:   	gcc -c -Wsign-compare -DNDEBUG -g -fwrapv -O3 -Wall    -std=c11 -Wextra -Wno-unused-parameter -Wno-missing-field-initializers -Werror=implicit-function-declaration -fvisibility=hidden  -I/home/runner/work/APEXYX_ORI_AI/APEXYX_ORI_AI/.buildozer/android/platform/build-arm64-v8a/build/other_builds/hostpython3/desktop/hostpython3/Include/internal -IObjects -IInclude -IPython -I. -I/home/runner/work/APEXYX_ORI_AI/APEXYX_ORI_AI/.buildozer/android/platform/build-arm64-v8a/build/other_builds/hostpython3/desktop/hostpython3/Include    -DPy_BUILD_CORE -o Objects/capsule.o /home/runner/work/APEXYX_ORI_AI/APEXYX_ORI_AI/.buildozer/android/platform/build-arm64-v8a/build/other_builds/hostpython3/desktop/hostpython3/Objects/capsule.c
build	Forge APK (Verbose)	2026-02-24T01:19:04.4291992Z [1m[90m[DEBUG][39m[0m:   	gcc -c -Wsign-compare -DNDEBUG -g -fwrapv -O3 -Wall    -std=c11 -Wextra -Wno-unused-parameter -Wno-missing-field-initializers -Werror=implicit-function-declaration -fvisibility=hidden  -I/home/runner/work/APEXYX_ORI_AI/APEXYX_ORI_AI/.buildozer/android/platform/build-arm64-v8a/build/other_builds/hostpython3/desktop/hostpython3/Include/internal -IObjects -IInclude -IPython -I. -I/home/runner/work/APEXYX_ORI_AI/APEXYX_ORI_AI/.buildozer/android/platform/build-arm64-v8a/build/other_builds/hostpython3/desktop/hostpython3/Include    -DPy_BUILD_CORE -o Objects/cellobject.o /home/runner/work/APEXYX_ORI_AI/APEXYX_ORI_AI/.buildozer/android/platform/build-arm64-v8a/build/other_builds/hostpython3/desktop/hostpython3/Objects/cellobject.c
build	Forge APK (Verbose)	2026-02-24T01:19:04.7988581Z [1m[90m[DEBUG][39m[0m:   	gcc -c -Wsign-compare -DNDEBUG -g -fwrapv -O3 -Wall    -std=c11 -Wextra -Wno-unused-parameter -Wno-missing-field-initializers -Werror=implicit-function-declaration -fvisibility=hidden  -I/home/runner/work/APEXYX_ORI_AI/APEXYX_ORI_AI/.buildozer/android/platform/build-arm64-v8a/build/other_builds/hostpython3/desktop/hostpython3/Include/internal -IObjects -IInclude -IPython -I. -I/home/runner/work/APEXYX_ORI_AI/APEXYX_ORI_AI/.buildozer/android/platform/build-arm64-v8a/build/other_builds/hostpython3/desktop/hostpython3/Include    -DPy_BUILD_CORE -o Objects/classobject.o /home/runner/work/APEXYX_ORI_AI/APEXYX_ORI_AI/.buildozer/android/platform/build-arm64-v8a/build/other_builds/hostpython3/desktop/hostpython3/Objects/classobject.c
build	Forge APK (Verbose)	2026-02-24T01:19:04.8501571Z [1m[90m[DEBUG][39m[0m:   	gcc -c -Wsign-compare -DNDEBUG -g -fwrapv -O3 -Wall    -std=c11 -Wextra -Wno-unused-parameter -Wno-missing-field-initializers -Werror=implicit-function-declaration -fvisibility=hidden  -I/home/runner/work/APEXYX_ORI_AI/APEXYX_ORI_AI/.buildozer/android/platform/build-arm64-v8a/build/other_builds/hostpython3/desktop/hostpython3/Include/internal -IObjects -IInclude -IPython -I. -I/home/runner/work/APEXYX_ORI_AI/APEXYX_ORI_AI/.buildozer/android/platform/build-arm64-v8a/build/other_builds/hostpython3/desktop/hostpython3/Include    -DPy_BUILD_CORE -o Objects/codeobject.o /home/runner/work/APEXYX_ORI_AI/APEXYX_ORI_AI/.buildozer/android/platform/build-arm64-v8a/build/other_builds/hostpython3/desktop/hostpython3/Objects/codeobject.c
build	Forge APK (Verbose)	2026-02-24T01:19:05.1401964Z [1m[90m[DEBUG][39m[0m:   	gcc -c -Wsign-compare -DNDEBUG -g -fwrapv -O3 -Wall    -std=c11 -Wextra -Wno-unused-parameter -Wno-missing-field-initializers -Werror=implicit-function-declaration -fvisibility=hidden  -I/home/runner/work/APEXYX_ORI_AI/APEXYX_ORI_AI/.buildozer/android/platform/build-arm64-v8a/build/other_builds/hostpython3/desktop/hostpython3/Include/internal -IObjects -IInclude -IPython -I. -I/home/runner/work/APEXYX_ORI_AI/APEXYX_ORI_AI/.buildozer/android/platform/build-arm64-v8a/build/other_builds/hostpython3/desktop/hostpython3/Include    -DPy_BUILD_CORE -o Objects/complexobject.o /home/runner/work/APEXYX_ORI_AI/APEXYX_ORI_AI/.buildozer/android/platform/build-arm64-v8a/build/other_builds/hostpython3/desktop/hostpython3/Objects/complexobject.c
build	Forge APK (Verbose)	2026-02-24T01:19:05.8796408Z [1m[90m[DEBUG][39m[0m:   	gcc -c -Wsign-compare -DNDEBUG -g -fwrapv -O3 -Wall    -std=c11 -Wextra -Wno-unused-parameter -Wno-missing-field-initializers -Werror=implicit-function-declaration -fvisibility=hidden  -I/home/runner/work/APEXYX_ORI_AI/APEXYX_ORI_AI/.buildozer/android/platform/build-arm64-v8a/build/other_builds/hostpython3/desktop/hostpython3/Include/internal -IObjects -IInclude -IPython -I. -I/home/runner/work/APEXYX_ORI_AI/APEXYX_ORI_AI/.buildozer/android/platform/build-arm64-v8a/build/other_builds/hostpython3/desktop/hostpython3/Include    -DPy_BUILD_CORE -o Objects/descrobject.o /home/runner/work/APEXYX_ORI_AI/APEXYX_ORI_AI/.buildozer/android/platform/build-arm64-v8a/build/other_builds/hostpython3/desktop/hostpython3/Objects/descrobject.c
build	Forge APK (Verbose)	2026-02-24T01:19:05.9368950Z [1m[90m[DEBUG][39m[0m:   	gcc -c -Wsign-compare -DNDEBUG -g -fwrapv -O3 -Wall    -std=c11 -Wextra -Wno-unused-parameter -Wno-missing-field-initializers -Werror=implicit-function-declaration -fvisibility=hidden  -I/home/runner/work/APEXYX_ORI_AI/APEXYX_ORI_AI/.buildozer/android/platform/build-arm64-v8a/build/other_builds/hostpython3/desktop/hostpython3/Include/internal -IObjects -IInclude -IPython -I. -I/home/runner/work/APEXYX_ORI_AI/APEXYX_ORI_AI/.buildozer/android/platform/build-arm64-v8a/build/other_builds/hostpython3/desktop/hostpython3/Include    -DPy_BUILD_CORE -o Objects/enumobject.o /home/runner/work/APEXYX_ORI_AI/APEXYX_ORI_AI/.buildozer/android/platform/build-arm64-v8a/build/other_builds/hostpython3/desktop/hostpython3/Objects/enumobject.c
build	Forge APK (Verbose)	2026-02-24T01:19:06.2658778Z [1m[90m[DEBUG][39m[0m:   	gcc -c -Wsign-compare -DNDEBUG -g -fwrapv -O3 -Wall    -std=c11 -Wextra -Wno-unused-parameter -Wno-missing-field-initializers -Werror=implicit-function-declaration -fvisibility=hidden  -I/home/runner/work/APEXYX_ORI_AI/APEXYX_ORI_AI/.buildozer/android/platform/build-arm64-v8a/build/other_builds/hostpython3/desktop/hostpython3/Include/internal -IObjects -IInclude -IPython -I. -I/home/runner/work/APEXYX_ORI_AI/APEXYX_ORI_AI/.buildozer/android/platform/build-arm64-v8a/build/other_builds/hostpython3/desktop/hostpython3/Include    -DPy_BUILD_CORE -o Objects/exceptions.o /home/runner/work/APEXYX_ORI_AI/APEXYX_ORI_AI/.buildozer/android/platform/build-arm64-v8a/build/other_builds/hostpython3/desktop/hostpython3/Objects/exceptions.c
build	Forge APK (Verbose)	2026-02-24T01:19:06.3625412Z [1m[90m[DEBUG][39m[0m:   	gcc -c -Wsign-compare -DNDEBUG -g -fwrapv -O3 -Wall    -std=c11 -Wextra -Wno-unused-parameter -Wno-missing-field-initializers -Werror=implicit-function-declaration -fvisibility=hidden  -I/home/runner/work/APEXYX_ORI_AI/APEXYX_ORI_AI/.buildozer/android/platform/build-arm64-v8a/build/other_builds/hostpython3/desktop/hostpython3/Include/internal -IObjects -IInclude -IPython -I. -I/home/runner/work/APEXYX_ORI_AI/APEXYX_ORI_AI/.buildozer/android/platform/build-arm64-v8a/build/other_builds/hostpython3/desktop/hostpython3/Include    -DPy_BUILD_CORE -o Objects/genericaliasobject.o /home/runner/work/APEXYX_ORI_AI/APEXYX_ORI_AI/.buildozer/android/platform/build-arm64-v8a/build/other_builds/hostpython3/desktop/hostpython3/Objects/genericaliasobject.c
build	Forge APK (Verbose)	2026-02-24T01:19:06.6938237Z [1m[90m[DEBUG][39m[0m:   	gcc -c -Wsign-compare -DNDEBUG -g -fwrapv -O3 -Wall    -std=c11 -Wextra -Wno-unused-parameter -Wno-missing-field-initializers -Werror=implicit-function-declaration -fvisibility=hidden  -I/home/runner/work/APEXYX_ORI_AI/APEXYX_ORI_AI/.buildozer/android/platform/build-arm64-v8a/build/other_builds/hostpython3/desktop/hostpython3/Include/internal -IObjects -IInclude -IPython -I. -I/home/runner/work/APEXYX_ORI_AI/APEXYX_ORI_AI/.buildozer/android/platform/build-arm64-v8a/build/other_builds/hostpython3/desktop/hostpython3/Include    -DPy_BUILD_CORE -o Objects/genobject.o /home/runner/work/APEXYX_ORI_AI/APEXYX_ORI_AI/.buildozer/android/platform/build-arm64-v8a/build/other_builds/hostpython3/desktop/hostpython3/Objects/genobject.c
build	Forge APK (Verbose)	2026-02-24T01:19:06.8673614Z [1m[90m[DEBUG][39m[0m:   	gcc -c -Wsign-compare -DNDEBUG -g -fwrapv -O3 -Wall    -std=c11 -Wextra -Wno-unused-parameter -Wno-missing-field-initializers -Werror=implicit-function-declaration -fvisibility=hidden  -I/home/runner/work/APEXYX_ORI_AI/APEXYX_ORI_AI/.buildozer/android/platform/build-arm64-v8a/build/other_builds/hostpython3/desktop/hostpython3/Include/internal -IObjects -IInclude -IPython -I. -I/home/runner/work/APEXYX_ORI_AI/APEXYX_ORI_AI/.buildozer/android/platform/build-arm64-v8a/build/other_builds/hostpython3/desktop/hostpython3/Include    -DPy_BUILD_CORE -o Objects/fileobject.o /home/runner/work/APEXYX_ORI_AI/APEXYX_ORI_AI/.buildozer/android/platform/build-arm64-v8a/build/other_builds/hostpython3/desktop/hostpython3/Objects/fileobject.c
build	Forge APK (Verbose)	2026-02-24T01:19:07.1998786Z [1m[90m[DEBUG][39m[0m:   	gcc -c -Wsign-compare -DNDEBUG -g -fwrapv -O3 -Wall    -std=c11 -Wextra -Wno-unused-parameter -Wno-missing-field-initializers -Werror=implicit-function-declaration -fvisibility=hidden  -I/home/runner/work/APEXYX_ORI_AI/APEXYX_ORI_AI/.buildozer/android/platform/build-arm64-v8a/build/other_builds/hostpython3/desktop/hostpython3/Include/internal -IObjects -IInclude -IPython -I. -I/home/runner/work/APEXYX_ORI_AI/APEXYX_ORI_AI/.buildozer/android/platform/build-arm64-v8a/build/other_builds/hostpython3/desktop/hostpython3/Include    -DPy_BUILD_CORE -o Objects/floatobject.o /home/runner/work/APEXYX_ORI_AI/APEXYX_ORI_AI/.buildozer/android/platform/build-arm64-v8a/build/other_builds/hostpython3/desktop/hostpython3/Objects/floatobject.c
build	Forge APK (Verbose)	2026-02-24T01:19:07.7238927Z [1m[90m[DEBUG][39m[0m:   	gcc -c -Wsign-compare -DNDEBUG -g -fwrapv -O3 -Wall    -std=c11 -Wextra -Wno-unused-parameter -Wno-missing-field-initializers -Werror=implicit-function-declaration -fvisibility=hidden  -I/home/runner/work/APEXYX_ORI_AI/APEXYX_ORI_AI/.buildozer/android/platform/build-arm64-v8a/build/other_builds/hostpython3/desktop/hostpython3/Include/internal -IObjects -IInclude -IPython -I. -I/home/runner/work/APEXYX_ORI_AI/APEXYX_ORI_AI/.buildozer/android/platform/build-arm64-v8a/build/other_builds/hostpython3/desktop/hostpython3/Include    -DPy_BUILD_CORE -o Objects/frameobject.o /home/runner/work/APEXYX_ORI_AI/APEXYX_ORI_AI/.buildozer/android/platform/build-arm64-v8a/build/other_builds/hostpython3/desktop/hostpython3/Objects/frameobject.c
build	Forge APK (Verbose)	2026-02-24T01:19:07.7909288Z [1m[90m[DEBUG][39m[0m:   	gcc -c -Wsign-compare -DNDEBUG -g -fwrapv -O3 -Wall    -std=c11 -Wextra -Wno-unused-parameter -Wno-missing-field-initializers -Werror=implicit-function-declaration -fvisibility=hidden  -I/home/runner/work/APEXYX_ORI_AI/APEXYX_ORI_AI/.buildozer/android/platform/build-arm64-v8a/build/other_builds/hostpython3/desktop/hostpython3/Include/internal -IObjects -IInclude -IPython -I. -I/home/runner/work/APEXYX_ORI_AI/APEXYX_ORI_AI/.buildozer/android/platform/build-arm64-v8a/build/other_builds/hostpython3/desktop/hostpython3/Include    -DPy_BUILD_CORE -o Objects/funcobject.o /home/runner/work/APEXYX_ORI_AI/APEXYX_ORI_AI/.buildozer/android/platform/build-arm64-v8a/build/other_builds/hostpython3/desktop/hostpython3/Objects/funcobject.c
build	Forge APK (Verbose)	2026-02-24T01:19:08.2596946Z [1m[90m[DEBUG][39m[0m:   	gcc -c -Wsign-compare -DNDEBUG -g -fwrapv -O3 -Wall    -std=c11 -Wextra -Wno-unused-parameter -Wno-missing-field-initializers -Werror=implicit-function-declaration -fvisibility=hidden  -I/home/runner/work/APEXYX_ORI_AI/APEXYX_ORI_AI/.buildozer/android/platform/build-arm64-v8a/build/other_builds/hostpython3/desktop/hostpython3/Include/internal -IObjects -IInclude -IPython -I. -I/home/runner/work/APEXYX_ORI_AI/APEXYX_ORI_AI/.buildozer/android/platform/build-arm64-v8a/build/other_builds/hostpython3/desktop/hostpython3/Include    -DPy_BUILD_CORE -o Objects/interpreteridobject.o /home/runner/work/APEXYX_ORI_AI/APEXYX_ORI_AI/.buildozer/android/platform/build-arm64-v8a/build/other_builds/hostpython3/desktop/hostpython3/Objects/interpreteridobject.c
build	Forge APK (Verbose)	2026-02-24T01:19:08.3154576Z [1m[90m[DEBUG][39m[0m:   	gcc -c -Wsign-compare -DNDEBUG -g -fwrapv -O3 -Wall    -std=c11 -Wextra -Wno-unused-parameter -Wno-missing-field-initializers -Werror=implicit-function-declaration -fvisibility=hidden  -I/home/runner/work/APEXYX_ORI_AI/APEXYX_ORI_AI/.buildozer/android/platform/build-arm64-v8a/build/other_builds/hostpython3/desktop/hostpython3/Include/internal -IObjects -IInclude -IPython -I. -I/home/runner/work/APEXYX_ORI_AI/APEXYX_ORI_AI/.buildozer/android/platform/build-arm64-v8a/build/other_builds/hostpython3/desktop/hostpython3/Include    -DPy_BUILD_CORE -o Objects/iterobject.o /home/runner/work/APEXYX_ORI_AI/APEXYX_ORI_AI/.buildozer/android/platform/build-arm64-v8a/build/other_builds/hostpython3/desktop/hostpython3/Objects/iterobject.c
build	Forge APK (Verbose)	2026-02-24T01:19:08.3835017Z [1m[90m[DEBUG][39m[0m:   	gcc -c -Wsign-compare -DNDEBUG -g -fwrapv -O3 -Wall    -std=c11 -Wextra -Wno-unused-parameter -Wno-missing-field-initializers -Werror=implicit-function-declaration -fvisibility=hidden  -I/home/runner/work/APEXYX_ORI_AI/APEXYX_ORI_AI/.buildozer/android/platform/build-arm64-v8a/build/other_builds/hostpython3/desktop/hostpython3/Include/internal -IObjects -IInclude -IPython -I. -I/home/runner/work/APEXYX_ORI_AI/APEXYX_ORI_AI/.buildozer/android/platform/build-arm64-v8a/build/other_builds/hostpython3/desktop/hostpython3/Include    -DPy_BUILD_CORE -o Objects/listobject.o /home/runner/work/APEXYX_ORI_AI/APEXYX_ORI_AI/.buildozer/android/platform/build-arm64-v8a/build/other_builds/hostpython3/desktop/hostpython3/Objects/listobject.c
build	Forge APK (Verbose)	2026-02-24T01:19:08.4473961Z [1m[90m[DEBUG][39m[0m:   	gcc -c -Wsign-compare -DNDEBUG -g -fwrapv -O3 -Wall    -std=c11 -Wextra -Wno-unused-parameter -Wno-missing-field-initializers -Werror=implicit-function-declaration -fvisibility=hidden  -I/home/runner/work/APEXYX_ORI_AI/APEXYX_ORI_AI/.buildozer/android/platform/build-arm64-v8a/build/other_builds/hostpython3/desktop/hostpython3/Include/internal -IObjects -IInclude -IPython -I. -I/home/runner/work/APEXYX_ORI_AI/APEXYX_ORI_AI/.buildozer/android/platform/build-arm64-v8a/build/other_builds/hostpython3/desktop/hostpython3/Include    -DPy_BUILD_CORE -o Objects/longobject.o /home/runner/work/APEXYX_ORI_AI/APEXYX_ORI_AI/.buildozer/android/platform/build-arm64-v8a/build/other_builds/hostpython3/desktop/hostpython3/Objects/longobject.c
build	Forge APK (Verbose)	2026-02-24T01:19:08.5259408Z [1m[90m[DEBUG][39m[0m:   	gcc -c -Wsign-compare -DNDEBUG -g -fwrapv -O3 -Wall    -std=c11 -Wextra -Wno-unused-parameter -Wno-missing-field-initializers -Werror=implicit-function-declaration -fvisibility=hidden  -I/home/runner/work/APEXYX_ORI_AI/APEXYX_ORI_AI/.buildozer/android/platform/build-arm64-v8a/build/other_builds/hostpython3/desktop/hostpython3/Include/internal -IObjects -IInclude -IPython -I. -I/home/runner/work/APEXYX_ORI_AI/APEXYX_ORI_AI/.buildozer/android/platform/build-arm64-v8a/build/other_builds/hostpython3/desktop/hostpython3/Include    -DPy_BUILD_CORE -o Objects/dictobject.o /home/runner/work/APEXYX_ORI_AI/APEXYX_ORI_AI/.buildozer/android/platform/build-arm64-v8a/build/other_builds/hostpython3/desktop/hostpython3/Objects/dictobject.c
build	Forge APK (Verbose)	2026-02-24T01:19:08.6171142Z [1m[90m[DEBUG][39m[0m:   	gcc -c -Wsign-compare -DNDEBUG -g -fwrapv -O3 -Wall    -std=c11 -Wextra -Wno-unused-parameter -Wno-missing-field-initializers -Werror=implicit-function-declaration -fvisibility=hidden  -I/home/runner/work/APEXYX_ORI_AI/APEXYX_ORI_AI/.buildozer/android/platform/build-arm64-v8a/build/other_builds/hostpython3/desktop/hostpython3/Include/internal -IObjects -IInclude -IPython -I. -I/home/runner/work/APEXYX_ORI_AI/APEXYX_ORI_AI/.buildozer/android/platform/build-arm64-v8a/build/other_builds/hostpython3/desktop/hostpython3/Include    -DPy_BUILD_CORE -o Objects/odictobject.o /home/runner/work/APEXYX_ORI_AI/APEXYX_ORI_AI/.buildozer/android/platform/build-arm64-v8a/build/other_builds/hostpython3/desktop/hostpython3/Objects/odictobject.c
build	Forge APK (Verbose)	2026-02-24T01:19:09.3177673Z [1m[90m[DEBUG][39m[0m:   	gcc -c -Wsign-compare -DNDEBUG -g -fwrapv -O3 -Wall    -std=c11 -Wextra -Wno-unused-parameter -Wno-missing-field-initializers -Werror=implicit-function-declaration -fvisibility=hidden  -I/home/runner/work/APEXYX_ORI_AI/APEXYX_ORI_AI/.buildozer/android/platform/build-arm64-v8a/build/other_builds/hostpython3/desktop/hostpython3/Include/internal -IObjects -IInclude -IPython -I. -I/home/runner/work/APEXYX_ORI_AI/APEXYX_ORI_AI/.buildozer/android/platform/build-arm64-v8a/build/other_builds/hostpython3/desktop/hostpython3/Include    -DPy_BUILD_CORE -o Objects/memoryobject.o /home/runner/work/APEXYX_ORI_AI/APEXYX_ORI_AI/.buildozer/android/platform/build-arm64-v8a/build/other_builds/hostpython3/desktop/hostpython3/Objects/memoryobject.c
build	Forge APK (Verbose)	2026-02-24T01:19:10.0562855Z [1m[90m[DEBUG][39m[0m:   	gcc -c -Wsign-compare -DNDEBUG -g -fwrapv -O3 -Wall    -std=c11 -Wextra -Wno-unused-parameter -Wno-missing-field-initializers -Werror=implicit-function-declaration -fvisibility=hidden  -I/home/runner/work/APEXYX_ORI_AI/APEXYX_ORI_AI/.buildozer/android/platform/build-arm64-v8a/build/other_builds/hostpython3/desktop/hostpython3/Include/internal -IObjects -IInclude -IPython -I. -I/home/runner/work/APEXYX_ORI_AI/APEXYX_ORI_AI/.buildozer/android/platform/build-arm64-v8a/build/other_builds/hostpython3/desktop/hostpython3/Include    -DPy_BUILD_CORE -o Objects/methodobject.o /home/runner/work/APEXYX_ORI_AI/APEXYX_ORI_AI/.buildozer/android/platform/build-arm64-v8a/build/other_builds/hostpython3/desktop/hostpython3/Objects/methodobject.c
build	Forge APK (Verbose)	2026-02-24T01:19:10.4124997Z [1m[90m[DEBUG][39m[0m:   	gcc -c -Wsign-compare -DNDEBUG -g -fwrapv -O3 -Wall    -std=c11 -Wextra -Wno-unused-parameter -Wno-missing-field-initializers -Werror=implicit-function-declaration -fvisibility=hidden  -I/home/runner/work/APEXYX_ORI_AI/APEXYX_ORI_AI/.buildozer/android/platform/build-arm64-v8a/build/other_builds/hostpython3/desktop/hostpython3/Include/internal -IObjects -IInclude -IPython -I. -I/home/runner/work/APEXYX_ORI_AI/APEXYX_ORI_AI/.buildozer/android/platform/build-arm64-v8a/build/other_builds/hostpython3/desktop/hostpython3/Include    -DPy_BUILD_CORE -o Objects/moduleobject.o /home/runner/work/APEXYX_ORI_AI/APEXYX_ORI_AI/.buildozer/android/platform/build-arm64-v8a/build/other_builds/hostpython3/desktop/hostpython3/Objects/moduleobject.c
build	Forge APK (Verbose)	2026-02-24T01:19:10.7872033Z [1m[90m[DEBUG][39m[0m:   	gcc -c -Wsign-compare -DNDEBUG -g -fwrapv -O3 -Wall    -std=c11 -Wextra -Wno-unused-parameter -Wno-missing-field-initializers -Werror=implicit-function-declaration -fvisibility=hidden  -I/home/runner/work/APEXYX_ORI_AI/APEXYX_ORI_AI/.buildozer/android/platform/build-arm64-v8a/build/other_builds/hostpython3/desktop/hostpython3/Include/internal -IObjects -IInclude -IPython -I. -I/home/runner/work/APEXYX_ORI_AI/APEXYX_ORI_AI/.buildozer/android/platform/build-arm64-v8a/build/other_builds/hostpython3/desktop/hostpython3/Include    -DPy_BUILD_CORE -o Objects/namespaceobject.o /home/runner/work/APEXYX_ORI_AI/APEXYX_ORI_AI/.buildozer/android/platform/build-arm64-v8a/build/other_builds/hostpython3/desktop/hostpython3/Objects/namespaceobject.c
build	Forge APK (Verbose)	2026-02-24T01:19:10.8290967Z [1m[90m[DEBUG][39m[0m:   	gcc -c -Wsign-compare -DNDEBUG -g -fwrapv -O3 -Wall    -std=c11 -Wextra -Wno-unused-parameter -Wno-missing-field-initializers -Werror=implicit-function-declaration -fvisibility=hidden  -I/home/runner/work/APEXYX_ORI_AI/APEXYX_ORI_AI/.buildozer/android/platform/build-arm64-v8a/build/other_builds/hostpython3/desktop/hostpython3/Include/internal -IObjects -IInclude -IPython -I. -I/home/runner/work/APEXYX_ORI_AI/APEXYX_ORI_AI/.buildozer/android/platform/build-arm64-v8a/build/other_builds/hostpython3/desktop/hostpython3/Include    -DPy_BUILD_CORE -o Objects/object.o /home/runner/work/APEXYX_ORI_AI/APEXYX_ORI_AI/.buildozer/android/platform/build-arm64-v8a/build/other_builds/hostpython3/desktop/hostpython3/Objects/object.c
build	Forge APK (Verbose)	2026-02-24T01:19:10.9381551Z [1m[90m[DEBUG][39m[0m:   	gcc -c -Wsign-compare -DNDEBUG -g -fwrapv -O3 -Wall    -std=c11 -Wextra -Wno-unused-parameter -Wno-missing-field-initializers -Werror=implicit-function-declaration -fvisibility=hidden  -I/home/runner/work/APEXYX_ORI_AI/APEXYX_ORI_AI/.buildozer/android/platform/build-arm64-v8a/build/other_builds/hostpython3/desktop/hostpython3/Include/internal -IObjects -IInclude -IPython -I. -I/home/runner/work/APEXYX_ORI_AI/APEXYX_ORI_AI/.buildozer/android/platform/build-arm64-v8a/build/other_builds/hostpython3/desktop/hostpython3/Include    -DPy_BUILD_CORE -o Objects/obmalloc.o /home/runner/work/APEXYX_ORI_AI/APEXYX_ORI_AI/.buildozer/android/platform/build-arm64-v8a/build/other_builds/hostpython3/desktop/hostpython3/Objects/obmalloc.c
build	Forge APK (Verbose)	2026-02-24T01:19:10.9840311Z [1m[90m[DEBUG][39m[0m:   	gcc -c -Wsign-compare -DNDEBUG -g -fwrapv -O3 -Wall    -std=c11 -Wextra -Wno-unused-parameter -Wno-missing-field-initializers -Werror=implicit-function-declaration -fvisibility=hidden  -I/home/runner/work/APEXYX_ORI_AI/APEXYX_ORI_AI/.buildozer/android/platform/build-arm64-v8a/build/other_builds/hostpython3/desktop/hostpython3/Include/internal -IObjects -IInclude -IPython -I. -I/home/runner/work/APEXYX_ORI_AI/APEXYX_ORI_AI/.buildozer/android/platform/build-arm64-v8a/build/other_builds/hostpython3/desktop/hostpython3/Include    -DPy_BUILD_CORE -o Objects/picklebufobject.o /home/runner/work/APEXYX_ORI_AI/APEXYX_ORI_AI/.buildozer/android/platform/build-arm64-v8a/build/other_builds/hostpython3/desktop/hostpython3/Objects/picklebufobject.c
build	Forge APK (Verbose)	2026-02-24T01:19:11.1387626Z [1m[90m[DEBUG][39m[0m:   	gcc -c -Wsign-compare -DNDEBUG -g -fwrapv -O3 -Wall    -std=c11 -Wextra -Wno-unused-parameter -Wno-missing-field-initializers -Werror=implicit-function-declaration -fvisibility=hidden  -I/home/runner/work/APEXYX_ORI_AI/APEXYX_ORI_AI/.buildozer/android/platform/build-arm64-v8a/build/other_builds/hostpython3/desktop/hostpython3/Include/internal -IObjects -IInclude -IPython -I. -I/home/runner/work/APEXYX_ORI_AI/APEXYX_ORI_AI/.buildozer/android/platform/build-arm64-v8a/build/other_builds/hostpython3/desktop/hostpython3/Include    -DPy_BUILD_CORE -o Objects/rangeobject.o /home/runner/work/APEXYX_ORI_AI/APEXYX_ORI_AI/.buildozer/android/platform/build-arm64-v8a/build/other_builds/hostpython3/desktop/hostpython3/Objects/rangeobject.c
build	Forge APK (Verbose)	2026-02-24T01:19:11.5943962Z [1m[90m[DEBUG][39m[0m:   	gcc -c -Wsign-compare -DNDEBUG -g -fwrapv -O3 -Wall    -std=c11 -Wextra -Wno-unused-parameter -Wno-missing-field-initializers -Werror=implicit-function-declaration -fvisibility=hidden  -I/home/runner/work/APEXYX_ORI_AI/APEXYX_ORI_AI/.buildozer/android/platform/build-arm64-v8a/build/other_builds/hostpython3/desktop/hostpython3/Include/internal -IObjects -IInclude -IPython -I. -I/home/runner/work/APEXYX_ORI_AI/APEXYX_ORI_AI/.buildozer/android/platform/build-arm64-v8a/build/other_builds/hostpython3/desktop/hostpython3/Include    -DPy_BUILD_CORE -o Objects/setobject.o /home/runner/work/APEXYX_ORI_AI/APEXYX_ORI_AI/.buildozer/android/platform/build-arm64-v8a/build/other_builds/hostpython3/desktop/hostpython3/Objects/setobject.c
build	Forge APK (Verbose)	2026-02-24T01:19:11.6113886Z [1m[90m[DEBUG][39m[0m:   	gcc -c -Wsign-compare -DNDEBUG -g -fwrapv -O3 -Wall    -std=c11 -Wextra -Wno-unused-parameter -Wno-missing-field-initializers -Werror=implicit-function-declaration -fvisibility=hidden  -I/home/runner/work/APEXYX_ORI_AI/APEXYX_ORI_AI/.buildozer/android/platform/build-arm64-v8a/build/other_builds/hostpython3/desktop/hostpython3/Include/internal -IObjects -IInclude -IPython -I. -I/home/runner/work/APEXYX_ORI_AI/APEXYX_ORI_AI/.buildozer/android/platform/build-arm64-v8a/build/other_builds/hostpython3/desktop/hostpython3/Include    -DPy_BUILD_CORE -o Objects/sliceobject.o /home/runner/work/APEXYX_ORI_AI/APEXYX_ORI_AI/.buildozer/android/platform/build-arm64-v8a/build/other_builds/hostpython3/desktop/hostpython3/Objects/sliceobject.c
build	Forge APK (Verbose)	2026-02-24T01:19:11.6838203Z [1m[90m[DEBUG][39m[0m:   	gcc -c -Wsign-compare -DNDEBUG -g -fwrapv -O3 -Wall    -std=c11 -Wextra -Wno-unused-parameter -Wno-missing-field-initializers -Werror=implicit-function-declaration -fvisibility=hidden  -I/home/runner/work/APEXYX_ORI_AI/APEXYX_ORI_AI/.buildozer/android/platform/build-arm64-v8a/build/other_builds/hostpython3/desktop/hostpython3/Include/internal -IObjects -IInclude -IPython -I. -I/home/runner/work/APEXYX_ORI_AI/APEXYX_ORI_AI/.buildozer/android/platform/build-arm64-v8a/build/other_builds/hostpython3/desktop/hostpython3/Include    -DPy_BUILD_CORE -o Objects/structseq.o /home/runner/work/APEXYX_ORI_AI/APEXYX_ORI_AI/.buildozer/android/platform/build-arm64-v8a/build/other_builds/hostpython3/desktop/hostpython3/Objects/structseq.c
build	Forge APK (Verbose)	2026-02-24T01:19:11.9708867Z [1m[90m[DEBUG][39m[0m:   	gcc -c -Wsign-compare -DNDEBUG -g -fwrapv -O3 -Wall    -std=c11 -Wextra -Wno-unused-parameter -Wno-missing-field-initializers -Werror=implicit-function-declaration -fvisibility=hidden  -I/home/runner/work/APEXYX_ORI_AI/APEXYX_ORI_AI/.buildozer/android/platform/build-arm64-v8a/build/other_builds/hostpython3/desktop/hostpython3/Include/internal -IObjects -IInclude -IPython -I. -I/home/runner/work/APEXYX_ORI_AI/APEXYX_ORI_AI/.buildozer/android/platform/build-arm64-v8a/build/other_builds/hostpython3/desktop/hostpython3/Include    -DPy_BUILD_CORE -o Objects/tupleobject.o /home/runner/work/APEXYX_ORI_AI/APEXYX_ORI_AI/.buildozer/android/platform/build-arm64-v8a/build/other_builds/hostpython3/desktop/hostpython3/Objects/tupleobject.c
build	Forge APK (Verbose)	2026-02-24T01:19:12.0853385Z [1m[90m[DEBUG][39m[0m:   	gcc -c -Wsign-compare -DNDEBUG -g -fwrapv -O3 -Wall    -std=c11 -Wextra -Wno-unused-parameter -Wno-missing-field-initializers -Werror=implicit-function-declaration -fvisibility=hidden  -I/home/runner/work/APEXYX_ORI_AI/APEXYX_ORI_AI/.buildozer/android/platform/build-arm64-v8a/build/other_builds/hostpython3/desktop/hostpython3/Include/internal -IObjects -IInclude -IPython -I. -I/home/runner/work/APEXYX_ORI_AI/APEXYX_ORI_AI/.buildozer/android/platform/build-arm64-v8a/build/other_builds/hostpython3/desktop/hostpython3/Include    -DPy_BUILD_CORE -o Objects/typeobject.o /home/runner/work/APEXYX_ORI_AI/APEXYX_ORI_AI/.buildozer/android/platform/build-arm64-v8a/build/other_builds/hostpython3/desktop/hostpython3/Objects/typeobject.c
build	Forge APK (Verbose)	2026-02-24T01:19:12.5707579Z [1m[90m[DEBUG][39m[0m:   	gcc -c -Wsign-compare -DNDEBUG -g -fwrapv -O3 -Wall    -std=c11 -Wextra -Wno-unused-parameter -Wno-missing-field-initializers -Werror=implicit-function-declaration -fvisibility=hidden  -I/home/runner/work/APEXYX_ORI_AI/APEXYX_ORI_AI/.buildozer/android/platform/build-arm64-v8a/build/other_builds/hostpython3/desktop/hostpython3/Include/internal -IObjects -IInclude -IPython -I. -I/home/runner/work/APEXYX_ORI_AI/APEXYX_ORI_AI/.buildozer/android/platform/build-arm64-v8a/build/other_builds/hostpython3/desktop/hostpython3/Include    -DPy_BUILD_CORE -o Objects/unicodeobject.o /home/runner/work/APEXYX_ORI_AI/APEXYX_ORI_AI/.buildozer/android/platform/build-arm64-v8a/build/other_builds/hostpython3/desktop/hostpython3/Objects/unicodeobject.c
build	Forge APK (Verbose)	2026-02-24T01:19:12.8057844Z [1m[90m[DEBUG][39m[0m:   	gcc -c -Wsign-compare -DNDEBUG -g -fwrapv -O3 -Wall    -std=c11 -Wextra -Wno-unused-parameter -Wno-missing-field-initializers -Werror=implicit-function-declaration -fvisibility=hidden  -I/home/runner/work/APEXYX_ORI_AI/APEXYX_ORI_AI/.buildozer/android/platform/build-arm64-v8a/build/other_builds/hostpython3/desktop/hostpython3/Include/internal -IObjects -IInclude -IPython -I. -I/home/runner/work/APEXYX_ORI_AI/APEXYX_ORI_AI/.buildozer/android/platform/build-arm64-v8a/build/other_builds/hostpython3/desktop/hostpython3/Include    -DPy_BUILD_CORE -o Objects/unicodectype.o /home/runner/work/APEXYX_ORI_AI/APEXYX_ORI_AI/.buildozer/android/platform/build-arm64-v8a/build/other_builds/hostpython3/desktop/hostpython3/Objects/unicodectype.c
build	Forge APK (Verbose)	2026-02-24T01:19:12.8588357Z [1m[90m[DEBUG][39m[0m:   	gcc -c -Wsign-compare -DNDEBUG -g -fwrapv -O3 -Wall    -std=c11 -Wextra -Wno-unused-parameter -Wno-missing-field-initializers -Werror=implicit-function-declaration -fvisibility=hidden  -I/home/runner/work/APEXYX_ORI_AI/APEXYX_ORI_AI/.buildozer/android/platform/build-arm64-v8a/build/other_builds/hostpython3/desktop/hostpython3/Include/internal -IObjects -IInclude -IPython -I. -I/home/runner/work/APEXYX_ORI_AI/APEXYX_ORI_AI/.buildozer/android/platform/build-arm64-v8a/build/other_builds/hostpython3/desktop/hostpython3/Include    -DPy_BUILD_CORE -o Objects/unionobject.o /home/runner/work/APEXYX_ORI_AI/APEXYX_ORI_AI/.buildozer/android/platform/build-arm64-v8a/build/other_builds/hostpython3/desktop/hostpython3/Objects/unionobject.c
build	Forge APK (Verbose)	2026-02-24T01:19:13.1688708Z [1m[90m[DEBUG][39m[0m:   	gcc -c -Wsign-compare -DNDEBUG -g -fwrapv -O3 -Wall    -std=c11 -Wextra -Wno-unused-parameter -Wno-missing-field-initializers -Werror=implicit-function-declaration -fvisibility=hidden  -I/home/runner/work/APEXYX_ORI_AI/APEXYX_ORI_AI/.buildozer/android/platform/build-arm64-v8a/build/other_builds/hostpython3/desktop/hostpython3/Include/internal -IObjects -IInclude -IPython -I. -I/home/runner/work/APEXYX_ORI_AI/APEXYX_ORI_AI/.buildozer/android/platform/build-arm64-v8a/build/other_builds/hostpython3/desktop/hostpython3/Include    -DPy_BUILD_CORE -o Objects/weakrefobject.o /home/runner/work/APEXYX_ORI_AI/APEXYX_ORI_AI/.buildozer/android/platform/build-arm64-v8a/build/other_builds/hostpython3/desktop/hostpython3/Objects/weakrefobject.c
build	Forge APK (Verbose)	2026-02-24T01:19:13.3641151Z [1m[90m[DEBUG][39m[0m:   	gcc -c -Wsign-compare -DNDEBUG -g -fwrapv -O3 -Wall    -std=c11 -Wextra -Wno-unused-parameter -Wno-missing-field-initializers -Werror=implicit-function-declaration -fvisibility=hidden  -I/home/runner/work/APEXYX_ORI_AI/APEXYX_ORI_AI/.buildozer/android/platform/build-arm64-v8a/build/other_builds/hostpython3/desktop/hostpython3/Include/internal -IObjects -IInclude -IPython -I. -I/home/runner/work/APEXYX_ORI_AI/APEXYX_ORI_AI/.buildozer/android/platform/build-arm64-v8a/build/other_builds/hostpython3/desktop/hostpython3/Include    -DPy_BUILD_CORE -o Python/_warnings.o /home/runner/work/APEXYX_ORI_AI/APEXYX_ORI_AI/.buildozer/android/platform/build-arm64-v8a/build/other_builds/hostpython3/desktop/hostpython3/Python/_warnings.c
build	Forge APK (Verbose)	2026-02-24T01:19:14.0294203Z [1m[90m[DEBUG][39m[0m:   	gcc -c -Wsign-compare -DNDEBUG -g -fwrapv -O3 -Wall    -std=c11 -Wextra -Wno-unused-parameter -Wno-missing-field-initializers -Werror=implicit-function-declaration -fvisibility=hidden  -I/home/runner/work/APEXYX_ORI_AI/APEXYX_ORI_AI/.buildozer/android/platform/build-arm64-v8a/build/other_builds/hostpython3/desktop/hostpython3/Include/internal -IObjects -IInclude -IPython -I. -I/home/runner/work/APEXYX_ORI_AI/APEXYX_ORI_AI/.buildozer/android/platform/build-arm64-v8a/build/other_builds/hostpython3/desktop/hostpython3/Include    -DPy_BUILD_CORE -o Python/Python-ast.o /home/runner/work/APEXYX_ORI_AI/APEXYX_ORI_AI/.buildozer/android/platform/build-arm64-v8a/build/other_builds/hostpython3/desktop/hostpython3/Python/Python-ast.c
build	Forge APK (Verbose)	2026-02-24T01:19:14.1316481Z [1m[90m[DEBUG][39m[0m:   	gcc -c -Wsign-compare -DNDEBUG -g -fwrapv -O3 -Wall    -std=c11 -Wextra -Wno-unused-parameter -Wno-missing-field-initializers -Werror=implicit-function-declaration -fvisibility=hidden  -I/home/runner/work/APEXYX_ORI_AI/APEXYX_ORI_AI/.buildozer/android/platform/build-arm64-v8a/build/other_builds/hostpython3/desktop/hostpython3/Include/internal -IObjects -IInclude -IPython -I. -I/home/runner/work/APEXYX_ORI_AI/APEXYX_ORI_AI/.buildozer/android/platform/build-arm64-v8a/build/other_builds/hostpython3/desktop/hostpython3/Include    -DPy_BUILD_CORE -o Python/Python-tokenize.o /home/runner/work/APEXYX_ORI_AI/APEXYX_ORI_AI/.buildozer/android/platform/build-arm64-v8a/build/other_builds/hostpython3/desktop/hostpython3/Python/Python-tokenize.c
build	Forge APK (Verbose)	2026-02-24T01:19:14.3052497Z [1m[90m[DEBUG][39m[0m:   	gcc -c -Wsign-compare -DNDEBUG -g -fwrapv -O3 -Wall    -std=c11 -Wextra -Wno-unused-parameter -Wno-missing-field-initializers -Werror=implicit-function-declaration -fvisibility=hidden  -I/home/runner/work/APEXYX_ORI_AI/APEXYX_ORI_AI/.buildozer/android/platform/build-arm64-v8a/build/other_builds/hostpython3/desktop/hostpython3/Include/internal -IObjects -IInclude -IPython -I. -I/home/runner/work/APEXYX_ORI_AI/APEXYX_ORI_AI/.buildozer/android/platform/build-arm64-v8a/build/other_builds/hostpython3/desktop/hostpython3/Include    -DPy_BUILD_CORE -o Python/asdl.o /home/runner/work/APEXYX_ORI_AI/APEXYX_ORI_AI/.buildozer/android/platform/build-arm64-v8a/build/other_builds/hostpython3/desktop/hostpython3/Python/asdl.c
build	Forge APK (Verbose)	2026-02-24T01:19:14.4460051Z [1m[90m[DEBUG][39m[0m:   	gcc -c -Wsign-compare -DNDEBUG -g -fwrapv -O3 -Wall    -std=c11 -Wextra -Wno-unused-parameter -Wno-missing-field-initializers -Werror=implicit-function-declaration -fvisibility=hidden  -I/home/runner/work/APEXYX_ORI_AI/APEXYX_ORI_AI/.buildozer/android/platform/build-arm64-v8a/build/other_builds/hostpython3/desktop/hostpython3/Include/internal -IObjects -IInclude -IPython -I. -I/home/runner/work/APEXYX_ORI_AI/APEXYX_ORI_AI/.buildozer/android/platform/build-arm64-v8a/build/other_builds/hostpython3/desktop/hostpython3/Include    -DPy_BUILD_CORE -o Python/ast.o /home/runner/work/APEXYX_ORI_AI/APEXYX_ORI_AI/.buildozer/android/platform/build-arm64-v8a/build/other_builds/hostpython3/desktop/hostpython3/Python/ast.c
build	Forge APK (Verbose)	2026-02-24T01:19:15.1215606Z [1m[90m[DEBUG][39m[0m:   	gcc -c -Wsign-compare -DNDEBUG -g -fwrapv -O3 -Wall    -std=c11 -Wextra -Wno-unused-parameter -Wno-missing-field-initializers -Werror=implicit-function-declaration -fvisibility=hidden  -I/home/runner/work/APEXYX_ORI_AI/APEXYX_ORI_AI/.buildozer/android/platform/build-arm64-v8a/build/other_builds/hostpython3/desktop/hostpython3/Include/internal -IObjects -IInclude -IPython -I. -I/home/runner/work/APEXYX_ORI_AI/APEXYX_ORI_AI/.buildozer/android/platform/build-arm64-v8a/build/other_builds/hostpython3/desktop/hostpython3/Include    -DPy_BUILD_CORE -o Python/ast_opt.o /home/runner/work/APEXYX_ORI_AI/APEXYX_ORI_AI/.buildozer/android/platform/build-arm64-v8a/build/other_builds/hostpython3/desktop/hostpython3/Python/ast_opt.c
build	Forge APK (Verbose)	2026-02-24T01:19:15.9321233Z [1m[90m[DEBUG][39m[0m:   	gcc -c -Wsign-compare -DNDEBUG -g -fwrapv -O3 -Wall    -std=c11 -Wextra -Wno-unused-parameter -Wno-missing-field-initializers -Werror=implicit-function-declaration -fvisibility=hidden  -I/home/runner/work/APEXYX_ORI_AI/APEXYX_ORI_AI/.buildozer/android/platform/build-arm64-v8a/build/other_builds/hostpython3/desktop/hostpython3/Include/internal -IObjects -IInclude -IPython -I. -I/home/runner/work/APEXYX_ORI_AI/APEXYX_ORI_AI/.buildozer/android/platform/build-arm64-v8a/build/other_builds/hostpython3/desktop/hostpython3/Include    -DPy_BUILD_CORE -o Python/ast_unparse.o /home/runner/work/APEXYX_ORI_AI/APEXYX_ORI_AI/.buildozer/android/platform/build-arm64-v8a/build/other_builds/hostpython3/desktop/hostpython3/Python/ast_unparse.c
build	Forge APK (Verbose)	2026-02-24T01:19:16.4164663Z [1m[90m[DEBUG][39m[0m:   	gcc -c -Wsign-compare -DNDEBUG -g -fwrapv -O3 -Wall    -std=c11 -Wextra -Wno-unused-parameter -Wno-missing-field-initializers -Werror=implicit-function-declaration -fvisibility=hidden  -I/home/runner/work/APEXYX_ORI_AI/APEXYX_ORI_AI/.buildozer/android/platform/build-arm64-v8a/build/other_builds/hostpython3/desktop/hostpython3/Include/internal -IObjects -IInclude -IPython -I. -I/home/runner/work/APEXYX_ORI_AI/APEXYX_ORI_AI/.buildozer/android/platform/build-arm64-v8a/build/other_builds/hostpython3/desktop/hostpython3/Include    -DPy_BUILD_CORE -o Python/bltinmodule.o /home/runner/work/APEXYX_ORI_AI/APEXYX_ORI_AI/.buildozer/android/platform/build-arm64-v8a/build/other_builds/hostpython3/desktop/hostpython3/Python/bltinmodule.c
build	Forge APK (Verbose)	2026-02-24T01:19:17.0036675Z [1m[90m[DEBUG][39m[0m:   	gcc -c -Wsign-compare -DNDEBUG -g -fwrapv -O3 -Wall    -std=c11 -Wextra -Wno-unused-parameter -Wno-missing-field-initializers -Werror=implicit-function-declaration -fvisibility=hidden  -I/home/runner/work/APEXYX_ORI_AI/APEXYX_ORI_AI/.buildozer/android/platform/build-arm64-v8a/build/other_builds/hostpython3/desktop/hostpython3/Include/internal -IObjects -IInclude -IPython -I. -I/home/runner/work/APEXYX_ORI_AI/APEXYX_ORI_AI/.buildozer/android/platform/build-arm64-v8a/build/other_builds/hostpython3/desktop/hostpython3/Include    -DPy_BUILD_CORE -o Python/ceval.o /home/runner/work/APEXYX_ORI_AI/APEXYX_ORI_AI/.buildozer/android/platform/build-arm64-v8a/build/other_builds/hostpython3/desktop/hostpython3/Python/ceval.c
build	Forge APK (Verbose)	2026-02-24T01:19:17.4835605Z [1m[90m[DEBUG][39m[0m:   	gcc -c -Wsign-compare -DNDEBUG -g -fwrapv -O3 -Wall    -std=c11 -Wextra -Wno-unused-parameter -Wno-missing-field-initializers -Werror=implicit-function-declaration -fvisibility=hidden  -I/home/runner/work/APEXYX_ORI_AI/APEXYX_ORI_AI/.buildozer/android/platform/build-arm64-v8a/build/other_builds/hostpython3/desktop/hostpython3/Include/internal -IObjects -IInclude -IPython -I. -I/home/runner/work/APEXYX_ORI_AI/APEXYX_ORI_AI/.buildozer/android/platform/build-arm64-v8a/build/other_builds/hostpython3/desktop/hostpython3/Include    -DPy_BUILD_CORE -o Python/codecs.o /home/runner/work/APEXYX_ORI_AI/APEXYX_ORI_AI/.buildozer/android/platform/build-arm64-v8a/build/other_builds/hostpython3/desktop/hostpython3/Python/codecs.c
build	Forge APK (Verbose)	2026-02-24T01:19:18.3236050Z [1m[90m[DEBUG][39m[0m:   	gcc -c -Wsign-compare -DNDEBUG -g -fwrapv -O3 -Wall    -std=c11 -Wextra -Wno-unused-parameter -Wno-missing-field-initializers -Werror=implicit-function-declaration -fvisibility=hidden  -I/home/runner/work/APEXYX_ORI_AI/APEXYX_ORI_AI/.buildozer/android/platform/build-arm64-v8a/build/other_builds/hostpython3/desktop/hostpython3/Include/internal -IObjects -IInclude -IPython -I. -I/home/runner/work/APEXYX_ORI_AI/APEXYX_ORI_AI/.buildozer/android/platform/build-arm64-v8a/build/other_builds/hostpython3/desktop/hostpython3/Include    -DPy_BUILD_CORE -o Python/compile.o /home/runner/work/APEXYX_ORI_AI/APEXYX_ORI_AI/.buildozer/android/platform/build-arm64-v8a/build/other_builds/hostpython3/desktop/hostpython3/Python/compile.c
build	Forge APK (Verbose)	2026-02-24T01:19:20.5508615Z [1m[90m[DEBUG][39m[0m:   	gcc -c -Wsign-compare -DNDEBUG -g -fwrapv -O3 -Wall    -std=c11 -Wextra -Wno-unused-parameter -Wno-missing-field-initializers -Werror=implicit-function-declaration -fvisibility=hidden  -I/home/runner/work/APEXYX_ORI_AI/APEXYX_ORI_AI/.buildozer/android/platform/build-arm64-v8a/build/other_builds/hostpython3/desktop/hostpython3/Include/internal -IObjects -IInclude -IPython -I. -I/home/runner/work/APEXYX_ORI_AI/APEXYX_ORI_AI/.buildozer/android/platform/build-arm64-v8a/build/other_builds/hostpython3/desktop/hostpython3/Include    -DPy_BUILD_CORE -o Python/context.o /home/runner/work/APEXYX_ORI_AI/APEXYX_ORI_AI/.buildozer/android/platform/build-arm64-v8a/build/other_builds/hostpython3/desktop/hostpython3/Python/context.c
build	Forge APK (Verbose)	2026-02-24T01:19:21.0952592Z [1m[90m[DEBUG][39m[0m:   	gcc -c -Wsign-compare -DNDEBUG -g -fwrapv -O3 -Wall    -std=c11 -Wextra -Wno-unused-parameter -Wno-missing-field-initializers -Werror=implicit-function-declaration -fvisibility=hidden  -I/home/runner/work/APEXYX_ORI_AI/APEXYX_ORI_AI/.buildozer/android/platform/build-arm64-v8a/build/other_builds/hostpython3/desktop/hostpython3/Include/internal -IObjects -IInclude -IPython -I. -I/home/runner/work/APEXYX_ORI_AI/APEXYX_ORI_AI/.buildozer/android/platform/build-arm64-v8a/build/other_builds/hostpython3/desktop/hostpython3/Include    -DPy_BUILD_CORE -o Python/dynamic_annotations.o /home/runner/work/APEXYX_ORI_AI/APEXYX_ORI_AI/.buildozer/android/platform/build-arm64-v8a/build/other_builds/hostpython3/desktop/hostpython3/Python/dynamic_annotations.c
build	Forge APK (Verbose)	2026-02-24T01:19:21.1168932Z [1m[90m[DEBUG][39m[0m:   	gcc -c -Wsign-compare -DNDEBUG -g -fwrapv -O3 -Wall    -std=c11 -Wextra -Wno-unused-parameter -Wno-missing-field-initializers -Werror=implicit-function-declaration -fvisibility=hidden  -I/home/runner/work/APEXYX_ORI_AI/APEXYX_ORI_AI/.buildozer/android/platform/build-arm64-v8a/build/other_builds/hostpython3/desktop/hostpython3/Include/internal -IObjects -IInclude -IPython -I. -I/home/runner/work/APEXYX_ORI_AI/APEXYX_ORI_AI/.buildozer/android/platform/build-arm64-v8a/build/other_builds/hostpython3/desktop/hostpython3/Include    -DPy_BUILD_CORE -o Python/errors.o /home/runner/work/APEXYX_ORI_AI/APEXYX_ORI_AI/.buildozer/android/platform/build-arm64-v8a/build/other_builds/hostpython3/desktop/hostpython3/Python/errors.c
build	Forge APK (Verbose)	2026-02-24T01:19:22.2726339Z [1m[90m[DEBUG][39m[0m:   	gcc -c -Wsign-compare -DNDEBUG -g -fwrapv -O3 -Wall    -std=c11 -Wextra -Wno-unused-parameter -Wno-missing-field-initializers -Werror=implicit-function-declaration -fvisibility=hidden  -I/home/runner/work/APEXYX_ORI_AI/APEXYX_ORI_AI/.buildozer/android/platform/build-arm64-v8a/build/other_builds/hostpython3/desktop/hostpython3/Include/internal -IObjects -IInclude -IPython -I. -I/home/runner/work/APEXYX_ORI_AI/APEXYX_ORI_AI/.buildozer/android/platform/build-arm64-v8a/build/other_builds/hostpython3/desktop/hostpython3/Include    -DPy_BUILD_CORE -o Python/frame.o /home/runner/work/APEXYX_ORI_AI/APEXYX_ORI_AI/.buildozer/android/platform/build-arm64-v8a/build/other_builds/hostpython3/desktop/hostpython3/Python/frame.c
build	Forge APK (Verbose)	2026-02-24T01:19:22.4904946Z [1m[90m[DEBUG][39m[0m:   	gcc -c -Wsign-compare -DNDEBUG -g -fwrapv -O3 -Wall    -std=c11 -Wextra -Wno-unused-parameter -Wno-missing-field-initializers -Werror=implicit-function-declaration -fvisibility=hidden  -I/home/runner/work/APEXYX_ORI_AI/APEXYX_ORI_AI/.buildozer/android/platform/build-arm64-v8a/build/other_builds/hostpython3/desktop/hostpython3/Include/internal -IObjects -IInclude -IPython -I. -I/home/runner/work/APEXYX_ORI_AI/APEXYX_ORI_AI/.buildozer/android/platform/build-arm64-v8a/build/other_builds/hostpython3/desktop/hostpython3/Include    -DPy_BUILD_CORE -o Python/frozenmain.o /home/runner/work/APEXYX_ORI_AI/APEXYX_ORI_AI/.buildozer/android/platform/build-arm64-v8a/build/other_builds/hostpython3/desktop/hostpython3/Python/frozenmain.c
build	Forge APK (Verbose)	2026-02-24T01:19:22.6017675Z [1m[90m[DEBUG][39m[0m:   	gcc -c -Wsign-compare -DNDEBUG -g -fwrapv -O3 -Wall    -std=c11 -Wextra -Wno-unused-parameter -Wno-missing-field-initializers -Werror=implicit-function-declaration -fvisibility=hidden  -I/home/runner/work/APEXYX_ORI_AI/APEXYX_ORI_AI/.buildozer/android/platform/build-arm64-v8a/build/other_builds/hostpython3/desktop/hostpython3/Include/internal -IObjects -IInclude -IPython -I. -I/home/runner/work/APEXYX_ORI_AI/APEXYX_ORI_AI/.buildozer/android/platform/build-arm64-v8a/build/other_builds/hostpython3/desktop/hostpython3/Include    -DPy_BUILD_CORE -o Python/future.o /home/runner/work/APEXYX_ORI_AI/APEXYX_ORI_AI/.buildozer/android/platform/build-arm64-v8a/build/other_builds/hostpython3/desktop/hostpython3/Python/future.c
build	Forge APK (Verbose)	2026-02-24T01:19:22.6451137Z [1m[90m[DEBUG][39m[0m:   	gcc -c -Wsign-compare -DNDEBUG -g -fwrapv -O3 -Wall    -std=c11 -Wextra -Wno-unused-parameter -Wno-missing-field-initializers -Werror=implicit-function-declaration -fvisibility=hidden  -I/home/runner/work/APEXYX_ORI_AI/APEXYX_ORI_AI/.buildozer/android/platform/build-arm64-v8a/build/other_builds/hostpython3/desktop/hostpython3/Include/internal -IObjects -IInclude -IPython -I. -I/home/runner/work/APEXYX_ORI_AI/APEXYX_ORI_AI/.buildozer/android/platform/build-arm64-v8a/build/other_builds/hostpython3/desktop/hostpython3/Include    -DPy_BUILD_CORE -o Python/getargs.o /home/runner/work/APEXYX_ORI_AI/APEXYX_ORI_AI/.buildozer/android/platform/build-arm64-v8a/build/other_builds/hostpython3/desktop/hostpython3/Python/getargs.c
build	Forge APK (Verbose)	2026-02-24T01:19:22.7368536Z [1m[90m[DEBUG][39m[0m:   	gcc -c -Wsign-compare -DNDEBUG -g -fwrapv -O3 -Wall    -std=c11 -Wextra -Wno-unused-parameter -Wno-missing-field-initializers -Werror=implicit-function-declaration -fvisibility=hidden  -I/home/runner/work/APEXYX_ORI_AI/APEXYX_ORI_AI/.buildozer/android/platform/build-arm64-v8a/build/other_builds/hostpython3/desktop/hostpython3/Include/internal -IObjects -IInclude -IPython -I. -I/home/runner/work/APEXYX_ORI_AI/APEXYX_ORI_AI/.buildozer/android/platform/build-arm64-v8a/build/other_builds/hostpython3/desktop/hostpython3/Include    -DPy_BUILD_CORE -o Python/getcompiler.o /home/runner/work/APEXYX_ORI_AI/APEXYX_ORI_AI/.buildozer/android/platform/build-arm64-v8a/build/other_builds/hostpython3/desktop/hostpython3/Python/getcompiler.c
build	Forge APK (Verbose)	2026-02-24T01:19:22.7568444Z [1m[90m[DEBUG][39m[0m:   	gcc -c -Wsign-compare -DNDEBUG -g -fwrapv -O3 -Wall    -std=c11 -Wextra -Wno-unused-parameter -Wno-missing-field-initializers -Werror=implicit-function-declaration -fvisibility=hidden  -I/home/runner/work/APEXYX_ORI_AI/APEXYX_ORI_AI/.buildozer/android/platform/build-arm64-v8a/build/other_builds/hostpython3/desktop/hostpython3/Include/internal -IObjects -IInclude -IPython -I. -I/home/runner/work/APEXYX_ORI_AI/APEXYX_ORI_AI/.buildozer/android/platform/build-arm64-v8a/build/other_builds/hostpython3/desktop/hostpython3/Include    -DPy_BUILD_CORE -o Python/getcopyright.o /home/runner/work/APEXYX_ORI_AI/APEXYX_ORI_AI/.buildozer/android/platform/build-arm64-v8a/build/other_builds/hostpython3/desktop/hostpython3/Python/getcopyright.c
build	Forge APK (Verbose)	2026-02-24T01:19:22.8518430Z [1m[90m[DEBUG][39m[0m:   	gcc -c -Wsign-compare -DNDEBUG -g -fwrapv -O3 -Wall    -std=c11 -Wextra -Wno-unused-parameter -Wno-missing-field-initializers -Werror=implicit-function-declaration -fvisibility=hidden  -I/home/runner/work/APEXYX_ORI_AI/APEXYX_ORI_AI/.buildozer/android/platform/build-arm64-v8a/build/other_builds/hostpython3/desktop/hostpython3/Include/internal -IObjects -IInclude -IPython -I. -I/home/runner/work/APEXYX_ORI_AI/APEXYX_ORI_AI/.buildozer/android/platform/build-arm64-v8a/build/other_builds/hostpython3/desktop/hostpython3/Include    -DPy_BUILD_CORE -DPLATFORM='"linux"' -o Python/getplatform.o /home/runner/work/APEXYX_ORI_AI/APEXYX_ORI_AI/.buildozer/android/platform/build-arm64-v8a/build/other_builds/hostpython3/desktop/hostpython3/Python/getplatform.c
build	Forge APK (Verbose)	2026-02-24T01:19:22.8764014Z [1m[90m[DEBUG][39m[0m:   	gcc -c -Wsign-compare -DNDEBUG -g -fwrapv -O3 -Wall    -std=c11 -Wextra -Wno-unused-parameter -Wno-missing-field-initializers -Werror=implicit-function-declaration -fvisibility=hidden  -I/home/runner/work/APEXYX_ORI_AI/APEXYX_ORI_AI/.buildozer/android/platform/build-arm64-v8a/build/other_builds/hostpython3/desktop/hostpython3/Include/internal -IObjects -IInclude -IPython -I. -I/home/runner/work/APEXYX_ORI_AI/APEXYX_ORI_AI/.buildozer/android/platform/build-arm64-v8a/build/other_builds/hostpython3/desktop/hostpython3/Include    -DPy_BUILD_CORE -o Python/getversion.o /home/runner/work/APEXYX_ORI_AI/APEXYX_ORI_AI/.buildozer/android/platform/build-arm64-v8a/build/other_builds/hostpython3/desktop/hostpython3/Python/getversion.c
build	Forge APK (Verbose)	2026-02-24T01:19:22.9679568Z [1m[90m[DEBUG][39m[0m:   	gcc -c -Wsign-compare -DNDEBUG -g -fwrapv -O3 -Wall    -std=c11 -Wextra -Wno-unused-parameter -Wno-missing-field-initializers -Werror=implicit-function-declaration -fvisibility=hidden  -I/home/runner/work/APEXYX_ORI_AI/APEXYX_ORI_AI/.buildozer/android/platform/build-arm64-v8a/build/other_builds/hostpython3/desktop/hostpython3/Include/internal -IObjects -IInclude -IPython -I. -I/home/runner/work/APEXYX_ORI_AI/APEXYX_ORI_AI/.buildozer/android/platform/build-arm64-v8a/build/other_builds/hostpython3/desktop/hostpython3/Include    -DPy_BUILD_CORE -o Python/hamt.o /home/runner/work/APEXYX_ORI_AI/APEXYX_ORI_AI/.buildozer/android/platform/build-arm64-v8a/build/other_builds/hostpython3/desktop/hostpython3/Python/hamt.c
build	Forge APK (Verbose)	2026-02-24T01:19:23.0011613Z [1m[90m[DEBUG][39m[0m:   	gcc -c -Wsign-compare -DNDEBUG -g -fwrapv -O3 -Wall    -std=c11 -Wextra -Wno-unused-parameter -Wno-missing-field-initializers -Werror=implicit-function-declaration -fvisibility=hidden  -I/home/runner/work/APEXYX_ORI_AI/APEXYX_ORI_AI/.buildozer/android/platform/build-arm64-v8a/build/other_builds/hostpython3/desktop/hostpython3/Include/internal -IObjects -IInclude -IPython -I. -I/home/runner/work/APEXYX_ORI_AI/APEXYX_ORI_AI/.buildozer/android/platform/build-arm64-v8a/build/other_builds/hostpython3/desktop/hostpython3/Include    -DPy_BUILD_CORE -o Python/hashtable.o /home/runner/work/APEXYX_ORI_AI/APEXYX_ORI_AI/.buildozer/android/platform/build-arm64-v8a/build/other_builds/hostpython3/desktop/hostpython3/Python/hashtable.c
build	Forge APK (Verbose)	2026-02-24T01:19:23.2216303Z [1m[90m[DEBUG][39m[0m:   	gcc -c -Wsign-compare -DNDEBUG -g -fwrapv -O3 -Wall    -std=c11 -Wextra -Wno-unused-parameter -Wno-missing-field-initializers -Werror=implicit-function-declaration -fvisibility=hidden  -I/home/runner/work/APEXYX_ORI_AI/APEXYX_ORI_AI/.buildozer/android/platform/build-arm64-v8a/build/other_builds/hostpython3/desktop/hostpython3/Include/internal -IObjects -IInclude -IPython -I. -I/home/runner/work/APEXYX_ORI_AI/APEXYX_ORI_AI/.buildozer/android/platform/build-arm64-v8a/build/other_builds/hostpython3/desktop/hostpython3/Include    -DPy_BUILD_CORE -o Python/import.o /home/runner/work/APEXYX_ORI_AI/APEXYX_ORI_AI/.buildozer/android/platform/build-arm64-v8a/build/other_builds/hostpython3/desktop/hostpython3/Python/import.c
build	Forge APK (Verbose)	2026-02-24T01:19:23.8835360Z [1m[90m[DEBUG][39m[0m:   	gcc -c -Wsign-compare -DNDEBUG -g -fwrapv -O3 -Wall    -std=c11 -Wextra -Wno-unused-parameter -Wno-missing-field-initializers -Werror=implicit-function-declaration -fvisibility=hidden  -I/home/runner/work/APEXYX_ORI_AI/APEXYX_ORI_AI/.buildozer/android/platform/build-arm64-v8a/build/other_builds/hostpython3/desktop/hostpython3/Include/internal -IObjects -IInclude -IPython -I. -I/home/runner/work/APEXYX_ORI_AI/APEXYX_ORI_AI/.buildozer/android/platform/build-arm64-v8a/build/other_builds/hostpython3/desktop/hostpython3/Include    -DPy_BUILD_CORE -I. -o Python/importdl.o /home/runner/work/APEXYX_ORI_AI/APEXYX_ORI_AI/.buildozer/android/platform/build-arm64-v8a/build/other_builds/hostpython3/desktop/hostpython3/Python/importdl.c
build	Forge APK (Verbose)	2026-02-24T01:19:24.0945501Z [1m[90m[DEBUG][39m[0m:   	gcc -c -Wsign-compare -DNDEBUG -g -fwrapv -O3 -Wall    -std=c11 -Wextra -Wno-unused-parameter -Wno-missing-field-initializers -Werror=implicit-function-declaration -fvisibility=hidden  -I/home/runner/work/APEXYX_ORI_AI/APEXYX_ORI_AI/.buildozer/android/platform/build-arm64-v8a/build/other_builds/hostpython3/desktop/hostpython3/Include/internal -IObjects -IInclude -IPython -I. -I/home/runner/work/APEXYX_ORI_AI/APEXYX_ORI_AI/.buildozer/android/platform/build-arm64-v8a/build/other_builds/hostpython3/desktop/hostpython3/Include    -DPy_BUILD_CORE -o Python/initconfig.o /home/runner/work/APEXYX_ORI_AI/APEXYX_ORI_AI/.buildozer/android/platform/build-arm64-v8a/build/other_builds/hostpython3/desktop/hostpython3/Python/initconfig.c
build	Forge APK (Verbose)	2026-02-24T01:19:24.1593833Z [1m[90m[DEBUG][39m[0m:   	gcc -c -Wsign-compare -DNDEBUG -g -fwrapv -O3 -Wall    -std=c11 -Wextra -Wno-unused-parameter -Wno-missing-field-initializers -Werror=implicit-function-declaration -fvisibility=hidden  -I/home/runner/work/APEXYX_ORI_AI/APEXYX_ORI_AI/.buildozer/android/platform/build-arm64-v8a/build/other_builds/hostpython3/desktop/hostpython3/Include/internal -IObjects -IInclude -IPython -I. -I/home/runner/work/APEXYX_ORI_AI/APEXYX_ORI_AI/.buildozer/android/platform/build-arm64-v8a/build/other_builds/hostpython3/desktop/hostpython3/Include    -DPy_BUILD_CORE -o Python/marshal.o /home/runner/work/APEXYX_ORI_AI/APEXYX_ORI_AI/.buildozer/android/platform/build-arm64-v8a/build/other_builds/hostpython3/desktop/hostpython3/Python/marshal.c
build	Forge APK (Verbose)	2026-02-24T01:19:24.2294206Z [1m[90m[DEBUG][39m[0m:   	gcc -c -Wsign-compare -DNDEBUG -g -fwrapv -O3 -Wall    -std=c11 -Wextra -Wno-unused-parameter -Wno-missing-field-initializers -Werror=implicit-function-declaration -fvisibility=hidden  -I/home/runner/work/APEXYX_ORI_AI/APEXYX_ORI_AI/.buildozer/android/platform/build-arm64-v8a/build/other_builds/hostpython3/desktop/hostpython3/Include/internal -IObjects -IInclude -IPython -I. -I/home/runner/work/APEXYX_ORI_AI/APEXYX_ORI_AI/.buildozer/android/platform/build-arm64-v8a/build/other_builds/hostpython3/desktop/hostpython3/Include    -DPy_BUILD_CORE -o Python/modsupport.o /home/runner/work/APEXYX_ORI_AI/APEXYX_ORI_AI/.buildozer/android/platform/build-arm64-v8a/build/other_builds/hostpython3/desktop/hostpython3/Python/modsupport.c
build	Forge APK (Verbose)	2026-02-24T01:19:24.6103039Z [1m[90m[DEBUG][39m[0m:   	gcc -c -Wsign-compare -DNDEBUG -g -fwrapv -O3 -Wall    -std=c11 -Wextra -Wno-unused-parameter -Wno-missing-field-initializers -Werror=implicit-function-declaration -fvisibility=hidden  -I/home/runner/work/APEXYX_ORI_AI/APEXYX_ORI_AI/.buildozer/android/platform/build-arm64-v8a/build/other_builds/hostpython3/desktop/hostpython3/Include/internal -IObjects -IInclude -IPython -I. -I/home/runner/work/APEXYX_ORI_AI/APEXYX_ORI_AI/.buildozer/android/platform/build-arm64-v8a/build/other_builds/hostpython3/desktop/hostpython3/Include    -DPy_BUILD_CORE -o Python/mysnprintf.o /home/runner/work/APEXYX_ORI_AI/APEXYX_ORI_AI/.buildozer/android/platform/build-arm64-v8a/build/other_builds/hostpython3/desktop/hostpython3/Python/mysnprintf.c
build	Forge APK (Verbose)	2026-02-24T01:19:24.7369090Z [1m[90m[DEBUG][39m[0m:   	gcc -c -Wsign-compare -DNDEBUG -g -fwrapv -O3 -Wall    -std=c11 -Wextra -Wno-unused-parameter -Wno-missing-field-initializers -Werror=implicit-function-declaration -fvisibility=hidden  -I/home/runner/work/APEXYX_ORI_AI/APEXYX_ORI_AI/.buildozer/android/platform/build-arm64-v8a/build/other_builds/hostpython3/desktop/hostpython3/Include/internal -IObjects -IInclude -IPython -I. -I/home/runner/work/APEXYX_ORI_AI/APEXYX_ORI_AI/.buildozer/android/platform/build-arm64-v8a/build/other_builds/hostpython3/desktop/hostpython3/Include    -DPy_BUILD_CORE -o Python/mystrtoul.o /home/runner/work/APEXYX_ORI_AI/APEXYX_ORI_AI/.buildozer/android/platform/build-arm64-v8a/build/other_builds/hostpython3/desktop/hostpython3/Python/mystrtoul.c
build	Forge APK (Verbose)	2026-02-24T01:19:24.9262813Z [1m[90m[DEBUG][39m[0m:   	gcc -c -Wsign-compare -DNDEBUG -g -fwrapv -O3 -Wall    -std=c11 -Wextra -Wno-unused-parameter -Wno-missing-field-initializers -Werror=implicit-function-declaration -fvisibility=hidden  -I/home/runner/work/APEXYX_ORI_AI/APEXYX_ORI_AI/.buildozer/android/platform/build-arm64-v8a/build/other_builds/hostpython3/desktop/hostpython3/Include/internal -IObjects -IInclude -IPython -I. -I/home/runner/work/APEXYX_ORI_AI/APEXYX_ORI_AI/.buildozer/android/platform/build-arm64-v8a/build/other_builds/hostpython3/desktop/hostpython3/Include    -DPy_BUILD_CORE -o Python/pathconfig.o /home/runner/work/APEXYX_ORI_AI/APEXYX_ORI_AI/.buildozer/android/platform/build-arm64-v8a/build/other_builds/hostpython3/desktop/hostpython3/Python/pathconfig.c
build	Forge APK (Verbose)	2026-02-24T01:19:25.0842638Z [1m[90m[DEBUG][39m[0m:   	gcc -c -Wsign-compare -DNDEBUG -g -fwrapv -O3 -Wall    -std=c11 -Wextra -Wno-unused-parameter -Wno-missing-field-initializers -Werror=implicit-function-declaration -fvisibility=hidden  -I/home/runner/work/APEXYX_ORI_AI/APEXYX_ORI_AI/.buildozer/android/platform/build-arm64-v8a/build/other_builds/hostpython3/desktop/hostpython3/Include/internal -IObjects -IInclude -IPython -I. -I/home/runner/work/APEXYX_ORI_AI/APEXYX_ORI_AI/.buildozer/android/platform/build-arm64-v8a/build/other_builds/hostpython3/desktop/hostpython3/Include    -DPy_BUILD_CORE -o Python/preconfig.o /home/runner/work/APEXYX_ORI_AI/APEXYX_ORI_AI/.buildozer/android/platform/build-arm64-v8a/build/other_builds/hostpython3/desktop/hostpython3/Python/preconfig.c
build	Forge APK (Verbose)	2026-02-24T01:19:25.1468064Z [1m[90m[DEBUG][39m[0m:   	gcc -c -Wsign-compare -DNDEBUG -g -fwrapv -O3 -Wall    -std=c11 -Wextra -Wno-unused-parameter -Wno-missing-field-initializers -Werror=implicit-function-declaration -fvisibility=hidden  -I/home/runner/work/APEXYX_ORI_AI/APEXYX_ORI_AI/.buildozer/android/platform/build-arm64-v8a/build/other_builds/hostpython3/desktop/hostpython3/Include/internal -IObjects -IInclude -IPython -I. -I/home/runner/work/APEXYX_ORI_AI/APEXYX_ORI_AI/.buildozer/android/platform/build-arm64-v8a/build/other_builds/hostpython3/desktop/hostpython3/Include    -DPy_BUILD_CORE -o Python/pyarena.o /home/runner/work/APEXYX_ORI_AI/APEXYX_ORI_AI/.buildozer/android/platform/build-arm64-v8a/build/other_builds/hostpython3/desktop/hostpython3/Python/pyarena.c
build	Forge APK (Verbose)	2026-02-24T01:19:25.2919236Z [1m[90m[DEBUG][39m[0m:   	gcc -c -Wsign-compare -DNDEBUG -g -fwrapv -O3 -Wall    -std=c11 -Wextra -Wno-unused-parameter -Wno-missing-field-initializers -Werror=implicit-function-declaration -fvisibility=hidden  -I/home/runner/work/APEXYX_ORI_AI/APEXYX_ORI_AI/.buildozer/android/platform/build-arm64-v8a/build/other_builds/hostpython3/desktop/hostpython3/Include/internal -IObjects -IInclude -IPython -I. -I/home/runner/work/APEXYX_ORI_AI/APEXYX_ORI_AI/.buildozer/android/platform/build-arm64-v8a/build/other_builds/hostpython3/desktop/hostpython3/Include    -DPy_BUILD_CORE -o Python/pyctype.o /home/runner/work/APEXYX_ORI_AI/APEXYX_ORI_AI/.buildozer/android/platform/build-arm64-v8a/build/other_builds/hostpython3/desktop/hostpython3/Python/pyctype.c
build	Forge APK (Verbose)	2026-02-24T01:19:25.3993388Z [1m[90m[DEBUG][39m[0m:   	gcc -c -Wsign-compare -DNDEBUG -g -fwrapv -O3 -Wall    -std=c11 -Wextra -Wno-unused-parameter -Wno-missing-field-initializers -Werror=implicit-function-declaration -fvisibility=hidden  -I/home/runner/work/APEXYX_ORI_AI/APEXYX_ORI_AI/.buildozer/android/platform/build-arm64-v8a/build/other_builds/hostpython3/desktop/hostpython3/Include/internal -IObjects -IInclude -IPython -I. -I/home/runner/work/APEXYX_ORI_AI/APEXYX_ORI_AI/.buildozer/android/platform/build-arm64-v8a/build/other_builds/hostpython3/desktop/hostpython3/Include    -DPy_BUILD_CORE -o Python/pyfpe.o /home/runner/work/APEXYX_ORI_AI/APEXYX_ORI_AI/.buildozer/android/platform/build-arm64-v8a/build/other_builds/hostpython3/desktop/hostpython3/Python/pyfpe.c
build	Forge APK (Verbose)	2026-02-24T01:19:25.4033698Z [1m[90m[DEBUG][39m[0m:   	gcc -c -Wsign-compare -DNDEBUG -g -fwrapv -O3 -Wall    -std=c11 -Wextra -Wno-unused-parameter -Wno-missing-field-initializers -Werror=implicit-function-declaration -fvisibility=hidden  -I/home/runner/work/APEXYX_ORI_AI/APEXYX_ORI_AI/.buildozer/android/platform/build-arm64-v8a/build/other_builds/hostpython3/desktop/hostpython3/Include/internal -IObjects -IInclude -IPython -I. -I/home/runner/work/APEXYX_ORI_AI/APEXYX_ORI_AI/.buildozer/android/platform/build-arm64-v8a/build/other_builds/hostpython3/desktop/hostpython3/Include    -DPy_BUILD_CORE -o Python/pyhash.o /home/runner/work/APEXYX_ORI_AI/APEXYX_ORI_AI/.buildozer/android/platform/build-arm64-v8a/build/other_builds/hostpython3/desktop/hostpython3/Python/pyhash.c
build	Forge APK (Verbose)	2026-02-24T01:19:25.4195081Z [1m[90m[DEBUG][39m[0m:   	gcc -c -Wsign-compare -DNDEBUG -g -fwrapv -O3 -Wall    -std=c11 -Wextra -Wno-unused-parameter -Wno-missing-field-initializers -Werror=implicit-function-declaration -fvisibility=hidden  -I/home/runner/work/APEXYX_ORI_AI/APEXYX_ORI_AI/.buildozer/android/platform/build-arm64-v8a/build/other_builds/hostpython3/desktop/hostpython3/Include/internal -IObjects -IInclude -IPython -I. -I/home/runner/work/APEXYX_ORI_AI/APEXYX_ORI_AI/.buildozer/android/platform/build-arm64-v8a/build/other_builds/hostpython3/desktop/hostpython3/Include    -DPy_BUILD_CORE -o Python/pylifecycle.o /home/runner/work/APEXYX_ORI_AI/APEXYX_ORI_AI/.buildozer/android/platform/build-arm64-v8a/build/other_builds/hostpython3/desktop/hostpython3/Python/pylifecycle.c
build	Forge APK (Verbose)	2026-02-24T01:19:25.4791288Z [1m[90m[DEBUG][39m[0m:   	gcc -c -Wsign-compare -DNDEBUG -g -fwrapv -O3 -Wall    -std=c11 -Wextra -Wno-unused-parameter -Wno-missing-field-initializers -Werror=implicit-function-declaration -fvisibility=hidden  -I/home/runner/work/APEXYX_ORI_AI/APEXYX_ORI_AI/.buildozer/android/platform/build-arm64-v8a/build/other_builds/hostpython3/desktop/hostpython3/Include/internal -IObjects -IInclude -IPython -I. -I/home/runner/work/APEXYX_ORI_AI/APEXYX_ORI_AI/.buildozer/android/platform/build-arm64-v8a/build/other_builds/hostpython3/desktop/hostpython3/Include    -DPy_BUILD_CORE -o Python/pymath.o /home/runner/work/APEXYX_ORI_AI/APEXYX_ORI_AI/.buildozer/android/platform/build-arm64-v8a/build/other_builds/hostpython3/desktop/hostpython3/Python/pymath.c
build	Forge APK (Verbose)	2026-02-24T01:19:25.5800146Z [1m[90m[DEBUG][39m[0m:   	gcc -c -Wsign-compare -DNDEBUG -g -fwrapv -O3 -Wall    -std=c11 -Wextra -Wno-unused-parameter -Wno-missing-field-initializers -Werror=implicit-function-declaration -fvisibility=hidden  -I/home/runner/work/APEXYX_ORI_AI/APEXYX_ORI_AI/.buildozer/android/platform/build-arm64-v8a/build/other_builds/hostpython3/desktop/hostpython3/Include/internal -IObjects -IInclude -IPython -I. -I/home/runner/work/APEXYX_ORI_AI/APEXYX_ORI_AI/.buildozer/android/platform/build-arm64-v8a/build/other_builds/hostpython3/desktop/hostpython3/Include    -DPy_BUILD_CORE -o Python/pystate.o /home/runner/work/APEXYX_ORI_AI/APEXYX_ORI_AI/.buildozer/android/platform/build-arm64-v8a/build/other_builds/hostpython3/desktop/hostpython3/Python/pystate.c
build	Forge APK (Verbose)	2026-02-24T01:19:25.6032798Z [1m[90m[DEBUG][39m[0m:   	gcc -c -Wsign-compare -DNDEBUG -g -fwrapv -O3 -Wall    -std=c11 -Wextra -Wno-unused-parameter -Wno-missing-field-initializers -Werror=implicit-function-declaration -fvisibility=hidden  -I/home/runner/work/APEXYX_ORI_AI/APEXYX_ORI_AI/.buildozer/android/platform/build-arm64-v8a/build/other_builds/hostpython3/desktop/hostpython3/Include/internal -IObjects -IInclude -IPython -I. -I/home/runner/work/APEXYX_ORI_AI/APEXYX_ORI_AI/.buildozer/android/platform/build-arm64-v8a/build/other_builds/hostpython3/desktop/hostpython3/Include    -DPy_BUILD_CORE -o Python/pythonrun.o /home/runner/work/APEXYX_ORI_AI/APEXYX_ORI_AI/.buildozer/android/platform/build-arm64-v8a/build/other_builds/hostpython3/desktop/hostpython3/Python/pythonrun.c
build	Forge APK (Verbose)	2026-02-24T01:19:26.3115983Z [1m[90m[DEBUG][39m[0m:   	gcc -c -Wsign-compare -DNDEBUG -g -fwrapv -O3 -Wall    -std=c11 -Wextra -Wno-unused-parameter -Wno-missing-field-initializers -Werror=implicit-function-declaration -fvisibility=hidden  -I/home/runner/work/APEXYX_ORI_AI/APEXYX_ORI_AI/.buildozer/android/platform/build-arm64-v8a/build/other_builds/hostpython3/desktop/hostpython3/Include/internal -IObjects -IInclude -IPython -I. -I/home/runner/work/APEXYX_ORI_AI/APEXYX_ORI_AI/.buildozer/android/platform/build-arm64-v8a/build/other_builds/hostpython3/desktop/hostpython3/Include    -DPy_BUILD_CORE -o Python/pytime.o /home/runner/work/APEXYX_ORI_AI/APEXYX_ORI_AI/.buildozer/android/platform/build-arm64-v8a/build/other_builds/hostpython3/desktop/hostpython3/Python/pytime.c
build	Forge APK (Verbose)	2026-02-24T01:19:26.3586516Z [1m[90m[DEBUG][39m[0m:   	gcc -c -Wsign-compare -DNDEBUG -g -fwrapv -O3 -Wall    -std=c11 -Wextra -Wno-unused-parameter -Wno-missing-field-initializers -Werror=implicit-function-declaration -fvisibility=hidden  -I/home/runner/work/APEXYX_ORI_AI/APEXYX_ORI_AI/.buildozer/android/platform/build-arm64-v8a/build/other_builds/hostpython3/desktop/hostpython3/Include/internal -IObjects -IInclude -IPython -I. -I/home/runner/work/APEXYX_ORI_AI/APEXYX_ORI_AI/.buildozer/android/platform/build-arm64-v8a/build/other_builds/hostpython3/desktop/hostpython3/Include    -DPy_BUILD_CORE -o Python/bootstrap_hash.o /home/runner/work/APEXYX_ORI_AI/APEXYX_ORI_AI/.buildozer/android/platform/build-arm64-v8a/build/other_builds/hostpython3/desktop/hostpython3/Python/bootstrap_hash.c
build	Forge APK (Verbose)	2026-02-24T01:19:26.4683900Z [1m[90m[DEBUG][39m[0m:   	gcc -c -Wsign-compare -DNDEBUG -g -fwrapv -O3 -Wall    -std=c11 -Wextra -Wno-unused-parameter -Wno-missing-field-initializers -Werror=implicit-function-declaration -fvisibility=hidden  -I/home/runner/work/APEXYX_ORI_AI/APEXYX_ORI_AI/.buildozer/android/platform/build-arm64-v8a/build/other_builds/hostpython3/desktop/hostpython3/Include/internal -IObjects -IInclude -IPython -I. -I/home/runner/work/APEXYX_ORI_AI/APEXYX_ORI_AI/.buildozer/android/platform/build-arm64-v8a/build/other_builds/hostpython3/desktop/hostpython3/Include    -DPy_BUILD_CORE -o Python/specialize.o /home/runner/work/APEXYX_ORI_AI/APEXYX_ORI_AI/.buildozer/android/platform/build-arm64-v8a/build/other_builds/hostpython3/desktop/hostpython3/Python/specialize.c
build	Forge APK (Verbose)	2026-02-24T01:19:26.5465156Z [1m[90m[DEBUG][39m[0m:   	gcc -c -Wsign-compare -DNDEBUG -g -fwrapv -O3 -Wall    -std=c11 -Wextra -Wno-unused-parameter -Wno-missing-field-initializers -Werror=implicit-function-declaration -fvisibility=hidden  -I/home/runner/work/APEXYX_ORI_AI/APEXYX_ORI_AI/.buildozer/android/platform/build-arm64-v8a/build/other_builds/hostpython3/desktop/hostpython3/Include/internal -IObjects -IInclude -IPython -I. -I/home/runner/work/APEXYX_ORI_AI/APEXYX_ORI_AI/.buildozer/android/platform/build-arm64-v8a/build/other_builds/hostpython3/desktop/hostpython3/Include    -DPy_BUILD_CORE -o Python/structmember.o /home/runner/work/APEXYX_ORI_AI/APEXYX_ORI_AI/.buildozer/android/platform/build-arm64-v8a/build/other_builds/hostpython3/desktop/hostpython3/Python/structmember.c
build	Forge APK (Verbose)	2026-02-24T01:19:26.7423727Z [1m[90m[DEBUG][39m[0m:   	gcc -c -Wsign-compare -DNDEBUG -g -fwrapv -O3 -Wall    -std=c11 -Wextra -Wno-unused-parameter -Wno-missing-field-initializers -Werror=implicit-function-declaration -fvisibility=hidden  -I/home/runner/work/APEXYX_ORI_AI/APEXYX_ORI_AI/.buildozer/android/platform/build-arm64-v8a/build/other_builds/hostpython3/desktop/hostpython3/Include/internal -IObjects -IInclude -IPython -I. -I/home/runner/work/APEXYX_ORI_AI/APEXYX_ORI_AI/.buildozer/android/platform/build-arm64-v8a/build/other_builds/hostpython3/desktop/hostpython3/Include    -DPy_BUILD_CORE -o Python/symtable.o /home/runner/work/APEXYX_ORI_AI/APEXYX_ORI_AI/.buildozer/android/platform/build-arm64-v8a/build/other_builds/hostpython3/desktop/hostpython3/Python/symtable.c
build	Forge APK (Verbose)	2026-02-24T01:19:26.8116895Z [1m[90m[DEBUG][39m[0m:   	gcc -c -Wsign-compare -DNDEBUG -g -fwrapv -O3 -Wall    -std=c11 -Wextra -Wno-unused-parameter -Wno-missing-field-initializers -Werror=implicit-function-declaration -fvisibility=hidden  -I/home/runner/work/APEXYX_ORI_AI/APEXYX_ORI_AI/.buildozer/android/platform/build-arm64-v8a/build/other_builds/hostpython3/desktop/hostpython3/Include/internal -IObjects -IInclude -IPython -I. -I/home/runner/work/APEXYX_ORI_AI/APEXYX_ORI_AI/.buildozer/android/platform/build-arm64-v8a/build/other_builds/hostpython3/desktop/hostpython3/Include    -DPy_BUILD_CORE \
build	Forge APK (Verbose)	2026-02-24T01:19:26.8148161Z [1m[90m[DEBUG][39m[0m:   		-DABIFLAGS='""' \
build	Forge APK (Verbose)	2026-02-24T01:19:26.8149255Z [1m[90m[DEBUG][39m[0m:   		-DMULTIARCH=\"x86_64-linux-gnu\" \
build	Forge APK (Verbose)	2026-02-24T01:19:26.8151428Z [1m[90m[DEBUG][39m[0m:   		-o Python/sysmodule.o /home/runner/work/APEXYX_ORI_AI/APEXYX_ORI_AI/.buildozer/android/platform/build-arm64-v8a/build/other_builds/hostpython3/desktop/hostpython3/Python/sysmodule.c
build	Forge APK (Verbose)	2026-02-24T01:19:26.8630098Z [1m[90m[DEBUG][39m[0m:   	gcc -c -Wsign-compare -DNDEBUG -g -fwrapv -O3 -Wall    -std=c11 -Wextra -Wno-unused-parameter -Wno-missing-field-initializers -Werror=implicit-function-declaration -fvisibility=hidden  -I/home/runner/work/APEXYX_ORI_AI/APEXYX_ORI_AI/.buildozer/android/platform/build-arm64-v8a/build/other_builds/hostpython3/desktop/hostpython3/Include/internal -IObjects -IInclude -IPython -I. -I/home/runner/work/APEXYX_ORI_AI/APEXYX_ORI_AI/.buildozer/android/platform/build-arm64-v8a/build/other_builds/hostpython3/desktop/hostpython3/Include    -DPy_BUILD_CORE -o Python/thread.o /home/runner/work/APEXYX_ORI_AI/APEXYX_ORI_AI/.buildozer/android/platform/build-arm64-v8a/build/other_builds/hostpython3/desktop/hostpython3/Python/thread.c
build	Forge APK (Verbose)	2026-02-24T01:19:27.1356740Z [1m[90m[DEBUG][39m[0m:   	gcc -c -Wsign-compare -DNDEBUG -g -fwrapv -O3 -Wall    -std=c11 -Wextra -Wno-unused-parameter -Wno-missing-field-initializers -Werror=implicit-function-declaration -fvisibility=hidden  -I/home/runner/work/APEXYX_ORI_AI/APEXYX_ORI_AI/.buildozer/android/platform/build-arm64-v8a/build/other_builds/hostpython3/desktop/hostpython3/Include/internal -IObjects -IInclude -IPython -I. -I/home/runner/work/APEXYX_ORI_AI/APEXYX_ORI_AI/.buildozer/android/platform/build-arm64-v8a/build/other_builds/hostpython3/desktop/hostpython3/Include    -DPy_BUILD_CORE -o Python/traceback.o /home/runner/work/APEXYX_ORI_AI/APEXYX_ORI_AI/.buildozer/android/platform/build-arm64-v8a/build/other_builds/hostpython3/desktop/hostpython3/Python/traceback.c
build	Forge APK (Verbose)	2026-02-24T01:19:27.7992359Z [1m[90m[DEBUG][39m[0m:   	gcc -c -Wsign-compare -DNDEBUG -g -fwrapv -O3 -Wall    -std=c11 -Wextra -Wno-unused-parameter -Wno-missing-field-initializers -Werror=implicit-function-declaration -fvisibility=hidden  -I/home/runner/work/APEXYX_ORI_AI/APEXYX_ORI_AI/.buildozer/android/platform/build-arm64-v8a/build/other_builds/hostpython3/desktop/hostpython3/Include/internal -IObjects -IInclude -IPython -I. -I/home/runner/work/APEXYX_ORI_AI/APEXYX_ORI_AI/.buildozer/android/platform/build-arm64-v8a/build/other_builds/hostpython3/desktop/hostpython3/Include    -DPy_BUILD_CORE -o Python/getopt.o /home/runner/work/APEXYX_ORI_AI/APEXYX_ORI_AI/.buildozer/android/platform/build-arm64-v8a/build/other_builds/hostpython3/desktop/hostpython3/Python/getopt.c
build	Forge APK (Verbose)	2026-02-24T01:19:27.8669458Z [1m[90m[DEBUG][39m[0m:   	gcc -c -Wsign-compare -DNDEBUG -g -fwrapv -O3 -Wall    -std=c11 -Wextra -Wno-unused-parameter -Wno-missing-field-initializers -Werror=implicit-function-declaration -fvisibility=hidden  -I/home/runner/work/APEXYX_ORI_AI/APEXYX_ORI_AI/.buildozer/android/platform/build-arm64-v8a/build/other_builds/hostpython3/desktop/hostpython3/Include/internal -IObjects -IInclude -IPython -I. -I/home/runner/work/APEXYX_ORI_AI/APEXYX_ORI_AI/.buildozer/android/platform/build-arm64-v8a/build/other_builds/hostpython3/desktop/hostpython3/Include    -DPy_BUILD_CORE -o Python/pystrcmp.o /home/runner/work/APEXYX_ORI_AI/APEXYX_ORI_AI/.buildozer/android/platform/build-arm64-v8a/build/other_builds/hostpython3/desktop/hostpython3/Python/pystrcmp.c
build	Forge APK (Verbose)	2026-02-24T01:19:27.8811817Z [1m[90m[DEBUG][39m[0m:   	gcc -c -Wsign-compare -DNDEBUG -g -fwrapv -O3 -Wall    -std=c11 -Wextra -Wno-unused-parameter -Wno-missing-field-initializers -Werror=implicit-function-declaration -fvisibility=hidden  -I/home/runner/work/APEXYX_ORI_AI/APEXYX_ORI_AI/.buildozer/android/platform/build-arm64-v8a/build/other_builds/hostpython3/desktop/hostpython3/Include/internal -IObjects -IInclude -IPython -I. -I/home/runner/work/APEXYX_ORI_AI/APEXYX_ORI_AI/.buildozer/android/platform/build-arm64-v8a/build/other_builds/hostpython3/desktop/hostpython3/Include    -DPy_BUILD_CORE -o Python/pystrtod.o /home/runner/work/APEXYX_ORI_AI/APEXYX_ORI_AI/.buildozer/android/platform/build-arm64-v8a/build/other_builds/hostpython3/desktop/hostpython3/Python/pystrtod.c
build	Forge APK (Verbose)	2026-02-24T01:19:27.9406044Z [1m[90m[DEBUG][39m[0m:   	gcc -c -Wsign-compare -DNDEBUG -g -fwrapv -O3 -Wall    -std=c11 -Wextra -Wno-unused-parameter -Wno-missing-field-initializers -Werror=implicit-function-declaration -fvisibility=hidden  -I/home/runner/work/APEXYX_ORI_AI/APEXYX_ORI_AI/.buildozer/android/platform/build-arm64-v8a/build/other_builds/hostpython3/desktop/hostpython3/Include/internal -IObjects -IInclude -IPython -I. -I/home/runner/work/APEXYX_ORI_AI/APEXYX_ORI_AI/.buildozer/android/platform/build-arm64-v8a/build/other_builds/hostpython3/desktop/hostpython3/Include    -DPy_BUILD_CORE -o Python/pystrhex.o /home/runner/work/APEXYX_ORI_AI/APEXYX_ORI_AI/.buildozer/android/platform/build-arm64-v8a/build/other_builds/hostpython3/desktop/hostpython3/Python/pystrhex.c
build	Forge APK (Verbose)	2026-02-24T01:19:28.0047714Z [1m[90m[DEBUG][39m[0m:   	gcc -c -Wsign-compare -DNDEBUG -g -fwrapv -O3 -Wall    -std=c11 -Wextra -Wno-unused-parameter -Wno-missing-field-initializers -Werror=implicit-function-declaration -fvisibility=hidden  -I/home/runner/work/APEXYX_ORI_AI/APEXYX_ORI_AI/.buildozer/android/platform/build-arm64-v8a/build/other_builds/hostpython3/desktop/hostpython3/Include/internal -IObjects -IInclude -IPython -I. -I/home/runner/work/APEXYX_ORI_AI/APEXYX_ORI_AI/.buildozer/android/platform/build-arm64-v8a/build/other_builds/hostpython3/desktop/hostpython3/Include    -DPy_BUILD_CORE  -o Python/dtoa.o /home/runner/work/APEXYX_ORI_AI/APEXYX_ORI_AI/.buildozer/android/platform/build-arm64-v8a/build/other_builds/hostpython3/desktop/hostpython3/Python/dtoa.c
build	Forge APK (Verbose)	2026-02-24T01:19:28.1242058Z [1m[90m[DEBUG][39m[0m:   	gcc -c -Wsign-compare -DNDEBUG -g -fwrapv -O3 -Wall    -std=c11 -Wextra -Wno-unused-parameter -Wno-missing-field-initializers -Werror=implicit-function-declaration -fvisibility=hidden  -I/home/runner/work/APEXYX_ORI_AI/APEXYX_ORI_AI/.buildozer/android/platform/build-arm64-v8a/build/other_builds/hostpython3/desktop/hostpython3/Include/internal -IObjects -IInclude -IPython -I. -I/home/runner/work/APEXYX_ORI_AI/APEXYX_ORI_AI/.buildozer/android/platform/build-arm64-v8a/build/other_builds/hostpython3/desktop/hostpython3/Include    -DPy_BUILD_CORE -o Python/formatter_unicode.o /home/runner/work/APEXYX_ORI_AI/APEXYX_ORI_AI/.buildozer/android/platform/build-arm64-v8a/build/other_builds/hostpython3/desktop/hostpython3/Python/formatter_unicode.c
build	Forge APK (Verbose)	2026-02-24T01:19:28.1377485Z [1m[90m[DEBUG][39m[0m:   	gcc -c -Wsign-compare -DNDEBUG -g -fwrapv -O3 -Wall    -std=c11 -Wextra -Wno-unused-parameter -Wno-missing-field-initializers -Werror=implicit-function-declaration -fvisibility=hidden  -I/home/runner/work/APEXYX_ORI_AI/APEXYX_ORI_AI/.buildozer/android/platform/build-arm64-v8a/build/other_builds/hostpython3/desktop/hostpython3/Include/internal -IObjects -IInclude -IPython -I. -I/home/runner/work/APEXYX_ORI_AI/APEXYX_ORI_AI/.buildozer/android/platform/build-arm64-v8a/build/other_builds/hostpython3/desktop/hostpython3/Include    -DPy_BUILD_CORE -o Python/fileutils.o /home/runner/work/APEXYX_ORI_AI/APEXYX_ORI_AI/.buildozer/android/platform/build-arm64-v8a/build/other_builds/hostpython3/desktop/hostpython3/Python/fileutils.c
build	Forge APK (Verbose)	2026-02-24T01:19:28.2254923Z [1m[90m[DEBUG][39m[0m:   	gcc -c -Wsign-compare -DNDEBUG -g -fwrapv -O3 -Wall    -std=c11 -Wextra -Wno-unused-parameter -Wno-missing-field-initializers -Werror=implicit-function-declaration -fvisibility=hidden  -I/home/runner/work/APEXYX_ORI_AI/APEXYX_ORI_AI/.buildozer/android/platform/build-arm64-v8a/build/other_builds/hostpython3/desktop/hostpython3/Include/internal -IObjects -IInclude -IPython -I. -I/home/runner/work/APEXYX_ORI_AI/APEXYX_ORI_AI/.buildozer/android/platform/build-arm64-v8a/build/other_builds/hostpython3/desktop/hostpython3/Include    -DPy_BUILD_CORE -o Python/suggestions.o /home/runner/work/APEXYX_ORI_AI/APEXYX_ORI_AI/.buildozer/android/platform/build-arm64-v8a/build/other_builds/hostpython3/desktop/hostpython3/Python/suggestions.c
build	Forge APK (Verbose)	2026-02-24T01:19:28.5066088Z [1m[90m[DEBUG][39m[0m:   	gcc -c -Wsign-compare -DNDEBUG -g -fwrapv -O3 -Wall    -std=c11 -Wextra -Wno-unused-parameter -Wno-missing-field-initializers -Werror=implicit-function-declaration -fvisibility=hidden  -I/home/runner/work/APEXYX_ORI_AI/APEXYX_ORI_AI/.buildozer/android/platform/build-arm64-v8a/build/other_builds/hostpython3/desktop/hostpython3/Include/internal -IObjects -IInclude -IPython -I. -I/home/runner/work/APEXYX_ORI_AI/APEXYX_ORI_AI/.buildozer/android/platform/build-arm64-v8a/build/other_builds/hostpython3/desktop/hostpython3/Include    -DPy_BUILD_CORE \
build	Forge APK (Verbose)	2026-02-24T01:19:28.5072193Z [1m[90m[DEBUG][39m[0m:   		-DSOABI='"cpython-311-x86_64-linux-gnu"' \
build	Forge APK (Verbose)	2026-02-24T01:19:28.5075369Z [1m[90m[DEBUG][39m[0m:   		-o Python/dynload_shlib.o /home/runner/work/APEXYX_ORI_AI/APEXYX_ORI_AI/.buildozer/android/platform/build-arm64-v8a/build/other_builds/hostpython3/desktop/hostpython3/Python/dynload_shlib.c
build	Forge APK (Verbose)	2026-02-24T01:19:28.6748364Z [1m[90m[DEBUG][39m[0m:   	gcc -c -Wsign-compare -DNDEBUG -g -fwrapv -O3 -Wall    -std=c11 -Wextra -Wno-unused-parameter -Wno-missing-field-initializers -Werror=implicit-function-declaration -fvisibility=hidden  -I/home/runner/work/APEXYX_ORI_AI/APEXYX_ORI_AI/.buildozer/android/platform/build-arm64-v8a/build/other_builds/hostpython3/desktop/hostpython3/Include/internal -IObjects -IInclude -IPython -I. -I/home/runner/work/APEXYX_ORI_AI/APEXYX_ORI_AI/.buildozer/android/platform/build-arm64-v8a/build/other_builds/hostpython3/desktop/hostpython3/Include    -DPy_BUILD_CORE -o Modules/config.o Modules/config.c
build	Forge APK (Verbose)	2026-02-24T01:19:28.7909898Z [1m[90m[DEBUG][39m[0m:   	gcc -c -Wsign-compare -DNDEBUG -g -fwrapv -O3 -Wall    -std=c11 -Wextra -Wno-unused-parameter -Wno-missing-field-initializers -Werror=implicit-function-declaration -fvisibility=hidden  -I/home/runner/work/APEXYX_ORI_AI/APEXYX_ORI_AI/.buildozer/android/platform/build-arm64-v8a/build/other_builds/hostpython3/desktop/hostpython3/Include/internal -IObjects -IInclude -IPython -I. -I/home/runner/work/APEXYX_ORI_AI/APEXYX_ORI_AI/.buildozer/android/platform/build-arm64-v8a/build/other_builds/hostpython3/desktop/hostpython3/Include    -DPy_BUILD_CORE -o Modules/main.o /home/runner/work/APEXYX_ORI_AI/APEXYX_ORI_AI/.buildozer/android/platform/build-arm64-v8a/build/other_builds/hostpython3/desktop/hostpython3/Modules/main.c
build	Forge APK (Verbose)	2026-02-24T01:19:28.8185086Z [1m[90m[DEBUG][39m[0m:   	gcc -c -Wsign-compare -DNDEBUG -g -fwrapv -O3 -Wall    -std=c11 -Wextra -Wno-unused-parameter -Wno-missing-field-initializers -Werror=implicit-function-declaration -fvisibility=hidden  -I/home/runner/work/APEXYX_ORI_AI/APEXYX_ORI_AI/.buildozer/android/platform/build-arm64-v8a/build/other_builds/hostpython3/desktop/hostpython3/Include/internal -IObjects -IInclude -IPython -I. -I/home/runner/work/APEXYX_ORI_AI/APEXYX_ORI_AI/.buildozer/android/platform/build-arm64-v8a/build/other_builds/hostpython3/desktop/hostpython3/Include    -DPy_BUILD_CORE -o Modules/gcmodule.o /home/runner/work/APEXYX_ORI_AI/APEXYX_ORI_AI/.buildozer/android/platform/build-arm64-v8a/build/other_builds/hostpython3/desktop/hostpython3/Modules/gcmodule.c
build	Forge APK (Verbose)	2026-02-24T01:19:28.8269637Z [1m[90m[DEBUG][39m[0m:   	gcc  -Wsign-compare -DNDEBUG -g -fwrapv -O3 -Wall    -std=c11 -Wextra -Wno-unused-parameter -Wno-missing-field-initializers -Werror=implicit-function-declaration -fvisibility=hidden  -I/home/runner/work/APEXYX_ORI_AI/APEXYX_ORI_AI/.buildozer/android/platform/build-arm64-v8a/build/other_builds/hostpython3/desktop/hostpython3/Include/internal -IObjects -IInclude -IPython -I. -I/home/runner/work/APEXYX_ORI_AI/APEXYX_ORI_AI/.buildozer/android/platform/build-arm64-v8a/build/other_builds/hostpython3/desktop/hostpython3/Include    -DPy_BUILD_CORE_BUILTIN -c /home/runner/work/APEXYX_ORI_AI/APEXYX_ORI_AI/.buildozer/android/platform/build-arm64-v8a/build/other_builds/hostpython3/desktop/hostpython3/Modules/atexitmodule.c -o Modules/atexitmodule.o
build	Forge APK (Verbose)	2026-02-24T01:19:29.0595139Z [1m[90m[DEBUG][39m[0m:   	gcc  -Wsign-compare -DNDEBUG -g -fwrapv -O3 -Wall    -std=c11 -Wextra -Wno-unused-parameter -Wno-missing-field-initializers -Werror=implicit-function-declaration -fvisibility=hidden  -I/home/runner/work/APEXYX_ORI_AI/APEXYX_ORI_AI/.buildozer/android/platform/build-arm64-v8a/build/other_builds/hostpython3/desktop/hostpython3/Include/internal -IObjects -IInclude -IPython -I. -I/home/runner/work/APEXYX_ORI_AI/APEXYX_ORI_AI/.buildozer/android/platform/build-arm64-v8a/build/other_builds/hostpython3/desktop/hostpython3/Include    -DPy_BUILD_CORE_BUILTIN -c /home/runner/work/APEXYX_ORI_AI/APEXYX_ORI_AI/.buildozer/android/platform/build-arm64-v8a/build/other_builds/hostpython3/desktop/hostpython3/Modules/faulthandler.c -o Modules/faulthandler.o
build	Forge APK (Verbose)	2026-02-24T01:19:29.1454946Z [1m[90m[DEBUG][39m[0m:   	gcc  -Wsign-compare -DNDEBUG -g -fwrapv -O3 -Wall    -std=c11 -Wextra -Wno-unused-parameter -Wno-missing-field-initializers -Werror=implicit-function-declaration -fvisibility=hidden  -I/home/runner/work/APEXYX_ORI_AI/APEXYX_ORI_AI/.buildozer/android/platform/build-arm64-v8a/build/other_builds/hostpython3/desktop/hostpython3/Include/internal -IObjects -IInclude -IPython -I. -I/home/runner/work/APEXYX_ORI_AI/APEXYX_ORI_AI/.buildozer/android/platform/build-arm64-v8a/build/other_builds/hostpython3/desktop/hostpython3/Include    -DPy_BUILD_CORE_BUILTIN -c /home/runner/work/APEXYX_ORI_AI/APEXYX_ORI_AI/.buildozer/android/platform/build-arm64-v8a/build/other_builds/hostpython3/desktop/hostpython3/Modules/posixmodule.c -o Modules/posixmodule.o
build	Forge APK (Verbose)	2026-02-24T01:19:29.3230915Z [1m[90m[DEBUG][39m[0m:   	gcc  -Wsign-compare -DNDEBUG -g -fwrapv -O3 -Wall    -std=c11 -Wextra -Wno-unused-parameter -Wno-missing-field-initializers -Werror=implicit-function-declaration -fvisibility=hidden  -I/home/runner/work/APEXYX_ORI_AI/APEXYX_ORI_AI/.buildozer/android/platform/build-arm64-v8a/build/other_builds/hostpython3/desktop/hostpython3/Include/internal -IObjects -IInclude -IPython -I. -I/home/runner/work/APEXYX_ORI_AI/APEXYX_ORI_AI/.buildozer/android/platform/build-arm64-v8a/build/other_builds/hostpython3/desktop/hostpython3/Include    -DPy_BUILD_CORE_BUILTIN -c /home/runner/work/APEXYX_ORI_AI/APEXYX_ORI_AI/.buildozer/android/platform/build-arm64-v8a/build/other_builds/hostpython3/desktop/hostpython3/Modules/signalmodule.c -o Modules/signalmodule.o
build	Forge APK (Verbose)	2026-02-24T01:19:29.4976247Z [1m[90m[DEBUG][39m[0m:   	gcc  -Wsign-compare -DNDEBUG -g -fwrapv -O3 -Wall    -std=c11 -Wextra -Wno-unused-parameter -Wno-missing-field-initializers -Werror=implicit-function-declaration -fvisibility=hidden  -I/home/runner/work/APEXYX_ORI_AI/APEXYX_ORI_AI/.buildozer/android/platform/build-arm64-v8a/build/other_builds/hostpython3/desktop/hostpython3/Include/internal -IObjects -IInclude -IPython -I. -I/home/runner/work/APEXYX_ORI_AI/APEXYX_ORI_AI/.buildozer/android/platform/build-arm64-v8a/build/other_builds/hostpython3/desktop/hostpython3/Include    -DPy_BUILD_CORE_BUILTIN -c /home/runner/work/APEXYX_ORI_AI/APEXYX_ORI_AI/.buildozer/android/platform/build-arm64-v8a/build/other_builds/hostpython3/desktop/hostpython3/Modules/_tracemalloc.c -o Modules/_tracemalloc.o
build	Forge APK (Verbose)	2026-02-24T01:19:29.5761641Z [1m[90m[DEBUG][39m[0m:   	gcc  -Wsign-compare -DNDEBUG -g -fwrapv -O3 -Wall    -std=c11 -Wextra -Wno-unused-parameter -Wno-missing-field-initializers -Werror=implicit-function-declaration -fvisibility=hidden  -I/home/runner/work/APEXYX_ORI_AI/APEXYX_ORI_AI/.buildozer/android/platform/build-arm64-v8a/build/other_builds/hostpython3/desktop/hostpython3/Include/internal -IObjects -IInclude -IPython -I. -I/home/runner/work/APEXYX_ORI_AI/APEXYX_ORI_AI/.buildozer/android/platform/build-arm64-v8a/build/other_builds/hostpython3/desktop/hostpython3/Include    -DPy_BUILD_CORE_BUILTIN -c /home/runner/work/APEXYX_ORI_AI/APEXYX_ORI_AI/.buildozer/android/platform/build-arm64-v8a/build/other_builds/hostpython3/desktop/hostpython3/Modules/_codecsmodule.c -o Modules/_codecsmodule.o
build	Forge APK (Verbose)	2026-02-24T01:19:29.8944590Z [1m[90m[DEBUG][39m[0m:   	gcc  -Wsign-compare -DNDEBUG -g -fwrapv -O3 -Wall    -std=c11 -Wextra -Wno-unused-parameter -Wno-missing-field-initializers -Werror=implicit-function-declaration -fvisibility=hidden  -I/home/runner/work/APEXYX_ORI_AI/APEXYX_ORI_AI/.buildozer/android/platform/build-arm64-v8a/build/other_builds/hostpython3/desktop/hostpython3/Include/internal -IObjects -IInclude -IPython -I. -I/home/runner/work/APEXYX_ORI_AI/APEXYX_ORI_AI/.buildozer/android/platform/build-arm64-v8a/build/other_builds/hostpython3/desktop/hostpython3/Include    -DPy_BUILD_CORE_BUILTIN -c /home/runner/work/APEXYX_ORI_AI/APEXYX_ORI_AI/.buildozer/android/platform/build-arm64-v8a/build/other_builds/hostpython3/desktop/hostpython3/Modules/_collectionsmodule.c -o Modules/_collectionsmodule.o
build	Forge APK (Verbose)	2026-02-24T01:19:29.9855499Z [1m[90m[DEBUG][39m[0m:   	gcc  -Wsign-compare -DNDEBUG -g -fwrapv -O3 -Wall    -std=c11 -Wextra -Wno-unused-parameter -Wno-missing-field-initializers -Werror=implicit-function-declaration -fvisibility=hidden  -I/home/runner/work/APEXYX_ORI_AI/APEXYX_ORI_AI/.buildozer/android/platform/build-arm64-v8a/build/other_builds/hostpython3/desktop/hostpython3/Include/internal -IObjects -IInclude -IPython -I. -I/home/runner/work/APEXYX_ORI_AI/APEXYX_ORI_AI/.buildozer/android/platform/build-arm64-v8a/build/other_builds/hostpython3/desktop/hostpython3/Include    -DPy_BUILD_CORE_BUILTIN -c /home/runner/work/APEXYX_ORI_AI/APEXYX_ORI_AI/.buildozer/android/platform/build-arm64-v8a/build/other_builds/hostpython3/desktop/hostpython3/Modules/errnomodule.c -o Modules/errnomodule.o
build	Forge APK (Verbose)	2026-02-24T01:19:30.3186913Z [1m[90m[DEBUG][39m[0m:   	gcc -I/home/runner/work/APEXYX_ORI_AI/APEXYX_ORI_AI/.buildozer/android/platform/build-arm64-v8a/build/other_builds/hostpython3/desktop/hostpython3/Modules/_io -Wsign-compare -DNDEBUG -g -fwrapv -O3 -Wall    -std=c11 -Wextra -Wno-unused-parameter -Wno-missing-field-initializers -Werror=implicit-function-declaration -fvisibility=hidden  -I/home/runner/work/APEXYX_ORI_AI/APEXYX_ORI_AI/.buildozer/android/platform/build-arm64-v8a/build/other_builds/hostpython3/desktop/hostpython3/Include/internal -IObjects -IInclude -IPython -I. -I/home/runner/work/APEXYX_ORI_AI/APEXYX_ORI_AI/.buildozer/android/platform/build-arm64-v8a/build/other_builds/hostpython3/desktop/hostpython3/Include    -DPy_BUILD_CORE_BUILTIN -c /home/runner/work/APEXYX_ORI_AI/APEXYX_ORI_AI/.buildozer/android/platform/build-arm64-v8a/build/other_builds/hostpython3/desktop/hostpython3/Modules/_io/_iomodule.c -o Modules/_io/_iomodule.o
build	Forge APK (Verbose)	2026-02-24T01:19:30.3497369Z [1m[90m[DEBUG][39m[0m:   	gcc -I/home/runner/work/APEXYX_ORI_AI/APEXYX_ORI_AI/.buildozer/android/platform/build-arm64-v8a/build/other_builds/hostpython3/desktop/hostpython3/Modules/_io -Wsign-compare -DNDEBUG -g -fwrapv -O3 -Wall    -std=c11 -Wextra -Wno-unused-parameter -Wno-missing-field-initializers -Werror=implicit-function-declaration -fvisibility=hidden  -I/home/runner/work/APEXYX_ORI_AI/APEXYX_ORI_AI/.buildozer/android/platform/build-arm64-v8a/build/other_builds/hostpython3/desktop/hostpython3/Include/internal -IObjects -IInclude -IPython -I. -I/home/runner/work/APEXYX_ORI_AI/APEXYX_ORI_AI/.buildozer/android/platform/build-arm64-v8a/build/other_builds/hostpython3/desktop/hostpython3/Include    -DPy_BUILD_CORE_BUILTIN -c /home/runner/work/APEXYX_ORI_AI/APEXYX_ORI_AI/.buildozer/android/platform/build-arm64-v8a/build/other_builds/hostpython3/desktop/hostpython3/Modules/_io/iobase.c -o Modules/_io/iobase.o
build	Forge APK (Verbose)	2026-02-24T01:19:30.6708175Z [1m[90m[DEBUG][39m[0m:   	gcc -I/home/runner/work/APEXYX_ORI_AI/APEXYX_ORI_AI/.buildozer/android/platform/build-arm64-v8a/build/other_builds/hostpython3/desktop/hostpython3/Modules/_io -Wsign-compare -DNDEBUG -g -fwrapv -O3 -Wall    -std=c11 -Wextra -Wno-unused-parameter -Wno-missing-field-initializers -Werror=implicit-function-declaration -fvisibility=hidden  -I/home/runner/work/APEXYX_ORI_AI/APEXYX_ORI_AI/.buildozer/android/platform/build-arm64-v8a/build/other_builds/hostpython3/desktop/hostpython3/Include/internal -IObjects -IInclude -IPython -I. -I/home/runner/work/APEXYX_ORI_AI/APEXYX_ORI_AI/.buildozer/android/platform/build-arm64-v8a/build/other_builds/hostpython3/desktop/hostpython3/Include    -DPy_BUILD_CORE_BUILTIN -c /home/runner/work/APEXYX_ORI_AI/APEXYX_ORI_AI/.buildozer/android/platform/build-arm64-v8a/build/other_builds/hostpython3/desktop/hostpython3/Modules/_io/fileio.c -o Modules/_io/fileio.o
build	Forge APK (Verbose)	2026-02-24T01:19:30.7630996Z [1m[90m[DEBUG][39m[0m:   	gcc -I/home/runner/work/APEXYX_ORI_AI/APEXYX_ORI_AI/.buildozer/android/platform/build-arm64-v8a/build/other_builds/hostpython3/desktop/hostpython3/Modules/_io -Wsign-compare -DNDEBUG -g -fwrapv -O3 -Wall    -std=c11 -Wextra -Wno-unused-parameter -Wno-missing-field-initializers -Werror=implicit-function-declaration -fvisibility=hidden  -I/home/runner/work/APEXYX_ORI_AI/APEXYX_ORI_AI/.buildozer/android/platform/build-arm64-v8a/build/other_builds/hostpython3/desktop/hostpython3/Include/internal -IObjects -IInclude -IPython -I. -I/home/runner/work/APEXYX_ORI_AI/APEXYX_ORI_AI/.buildozer/android/platform/build-arm64-v8a/build/other_builds/hostpython3/desktop/hostpython3/Include    -DPy_BUILD_CORE_BUILTIN -c /home/runner/work/APEXYX_ORI_AI/APEXYX_ORI_AI/.buildozer/android/platform/build-arm64-v8a/build/other_builds/hostpython3/desktop/hostpython3/Modules/_io/bytesio.c -o Modules/_io/bytesio.o
build	Forge APK (Verbose)	2026-02-24T01:19:30.8449185Z [1m[90m[DEBUG][39m[0m:   	gcc -I/home/runner/work/APEXYX_ORI_AI/APEXYX_ORI_AI/.buildozer/android/platform/build-arm64-v8a/build/other_builds/hostpython3/desktop/hostpython3/Modules/_io -Wsign-compare -DNDEBUG -g -fwrapv -O3 -Wall    -std=c11 -Wextra -Wno-unused-parameter -Wno-missing-field-initializers -Werror=implicit-function-declaration -fvisibility=hidden  -I/home/runner/work/APEXYX_ORI_AI/APEXYX_ORI_AI/.buildozer/android/platform/build-arm64-v8a/build/other_builds/hostpython3/desktop/hostpython3/Include/internal -IObjects -IInclude -IPython -I. -I/home/runner/work/APEXYX_ORI_AI/APEXYX_ORI_AI/.buildozer/android/platform/build-arm64-v8a/build/other_builds/hostpython3/desktop/hostpython3/Include    -DPy_BUILD_CORE_BUILTIN -c /home/runner/work/APEXYX_ORI_AI/APEXYX_ORI_AI/.buildozer/android/platform/build-arm64-v8a/build/other_builds/hostpython3/desktop/hostpython3/Modules/_io/bufferedio.c -o Modules/_io/bufferedio.o
build	Forge APK (Verbose)	2026-02-24T01:19:31.1325086Z [1m[90m[DEBUG][39m[0m:   	gcc -I/home/runner/work/APEXYX_ORI_AI/APEXYX_ORI_AI/.buildozer/android/platform/build-arm64-v8a/build/other_builds/hostpython3/desktop/hostpython3/Modules/_io -Wsign-compare -DNDEBUG -g -fwrapv -O3 -Wall    -std=c11 -Wextra -Wno-unused-parameter -Wno-missing-field-initializers -Werror=implicit-function-declaration -fvisibility=hidden  -I/home/runner/work/APEXYX_ORI_AI/APEXYX_ORI_AI/.buildozer/android/platform/build-arm64-v8a/build/other_builds/hostpython3/desktop/hostpython3/Include/internal -IObjects -IInclude -IPython -I. -I/home/runner/work/APEXYX_ORI_AI/APEXYX_ORI_AI/.buildozer/android/platform/build-arm64-v8a/build/other_builds/hostpython3/desktop/hostpython3/Include    -DPy_BUILD_CORE_BUILTIN -c /home/runner/work/APEXYX_ORI_AI/APEXYX_ORI_AI/.buildozer/android/platform/build-arm64-v8a/build/other_builds/hostpython3/desktop/hostpython3/Modules/_io/textio.c -o Modules/_io/textio.o
build	Forge APK (Verbose)	2026-02-24T01:19:31.2322823Z [1m[90m[DEBUG][39m[0m:   	gcc -I/home/runner/work/APEXYX_ORI_AI/APEXYX_ORI_AI/.buildozer/android/platform/build-arm64-v8a/build/other_builds/hostpython3/desktop/hostpython3/Modules/_io -Wsign-compare -DNDEBUG -g -fwrapv -O3 -Wall    -std=c11 -Wextra -Wno-unused-parameter -Wno-missing-field-initializers -Werror=implicit-function-declaration -fvisibility=hidden  -I/home/runner/work/APEXYX_ORI_AI/APEXYX_ORI_AI/.buildozer/android/platform/build-arm64-v8a/build/other_builds/hostpython3/desktop/hostpython3/Include/internal -IObjects -IInclude -IPython -I. -I/home/runner/work/APEXYX_ORI_AI/APEXYX_ORI_AI/.buildozer/android/platform/build-arm64-v8a/build/other_builds/hostpython3/desktop/hostpython3/Include    -DPy_BUILD_CORE_BUILTIN -c /home/runner/work/APEXYX_ORI_AI/APEXYX_ORI_AI/.buildozer/android/platform/build-arm64-v8a/build/other_builds/hostpython3/desktop/hostpython3/Modules/_io/stringio.c -o Modules/_io/stringio.o
build	Forge APK (Verbose)	2026-02-24T01:19:31.6903940Z [1m[90m[DEBUG][39m[0m:   	gcc  -Wsign-compare -DNDEBUG -g -fwrapv -O3 -Wall    -std=c11 -Wextra -Wno-unused-parameter -Wno-missing-field-initializers -Werror=implicit-function-declaration -fvisibility=hidden  -I/home/runner/work/APEXYX_ORI_AI/APEXYX_ORI_AI/.buildozer/android/platform/build-arm64-v8a/build/other_builds/hostpython3/desktop/hostpython3/Include/internal -IObjects -IInclude -IPython -I. -I/home/runner/work/APEXYX_ORI_AI/APEXYX_ORI_AI/.buildozer/android/platform/build-arm64-v8a/build/other_builds/hostpython3/desktop/hostpython3/Include    -DPy_BUILD_CORE_BUILTIN -c /home/runner/work/APEXYX_ORI_AI/APEXYX_ORI_AI/.buildozer/android/platform/build-arm64-v8a/build/other_builds/hostpython3/desktop/hostpython3/Modules/itertoolsmodule.c -o Modules/itertoolsmodule.o
build	Forge APK (Verbose)	2026-02-24T01:19:31.9429656Z [1m[90m[DEBUG][39m[0m:   	gcc  -Wsign-compare -DNDEBUG -g -fwrapv -O3 -Wall    -std=c11 -Wextra -Wno-unused-parameter -Wno-missing-field-initializers -Werror=implicit-function-declaration -fvisibility=hidden  -I/home/runner/work/APEXYX_ORI_AI/APEXYX_ORI_AI/.buildozer/android/platform/build-arm64-v8a/build/other_builds/hostpython3/desktop/hostpython3/Include/internal -IObjects -IInclude -IPython -I. -I/home/runner/work/APEXYX_ORI_AI/APEXYX_ORI_AI/.buildozer/android/platform/build-arm64-v8a/build/other_builds/hostpython3/desktop/hostpython3/Include    -DPy_BUILD_CORE_BUILTIN -c /home/runner/work/APEXYX_ORI_AI/APEXYX_ORI_AI/.buildozer/android/platform/build-arm64-v8a/build/other_builds/hostpython3/desktop/hostpython3/Modules/_sre/sre.c -o Modules/_sre/sre.o
build	Forge APK (Verbose)	2026-02-24T01:19:32.5871695Z [1m[90m[DEBUG][39m[0m:   	gcc  -Wsign-compare -DNDEBUG -g -fwrapv -O3 -Wall    -std=c11 -Wextra -Wno-unused-parameter -Wno-missing-field-initializers -Werror=implicit-function-declaration -fvisibility=hidden  -I/home/runner/work/APEXYX_ORI_AI/APEXYX_ORI_AI/.buildozer/android/platform/build-arm64-v8a/build/other_builds/hostpython3/desktop/hostpython3/Include/internal -IObjects -IInclude -IPython -I. -I/home/runner/work/APEXYX_ORI_AI/APEXYX_ORI_AI/.buildozer/android/platform/build-arm64-v8a/build/other_builds/hostpython3/desktop/hostpython3/Include    -DPy_BUILD_CORE_BUILTIN -c /home/runner/work/APEXYX_ORI_AI/APEXYX_ORI_AI/.buildozer/android/platform/build-arm64-v8a/build/other_builds/hostpython3/desktop/hostpython3/Modules/_threadmodule.c -o Modules/_threadmodule.o
build	Forge APK (Verbose)	2026-02-24T01:19:33.0963450Z [1m[90m[DEBUG][39m[0m:   	gcc  -Wsign-compare -DNDEBUG -g -fwrapv -O3 -Wall    -std=c11 -Wextra -Wno-unused-parameter -Wno-missing-field-initializers -Werror=implicit-function-declaration -fvisibility=hidden  -I/home/runner/work/APEXYX_ORI_AI/APEXYX_ORI_AI/.buildozer/android/platform/build-arm64-v8a/build/other_builds/hostpython3/desktop/hostpython3/Include/internal -IObjects -IInclude -IPython -I. -I/home/runner/work/APEXYX_ORI_AI/APEXYX_ORI_AI/.buildozer/android/platform/build-arm64-v8a/build/other_builds/hostpython3/desktop/hostpython3/Include    -DPy_BUILD_CORE_BUILTIN -c /home/runner/work/APEXYX_ORI_AI/APEXYX_ORI_AI/.buildozer/android/platform/build-arm64-v8a/build/other_builds/hostpython3/desktop/hostpython3/Modules/timemodule.c -o Modules/timemodule.o
build	Forge APK (Verbose)	2026-02-24T01:19:33.2121096Z [1m[90m[DEBUG][39m[0m:   	gcc  -Wsign-compare -DNDEBUG -g -fwrapv -O3 -Wall    -std=c11 -Wextra -Wno-unused-parameter -Wno-missing-field-initializers -Werror=implicit-function-declaration -fvisibility=hidden  -I/home/runner/work/APEXYX_ORI_AI/APEXYX_ORI_AI/.buildozer/android/platform/build-arm64-v8a/build/other_builds/hostpython3/desktop/hostpython3/Include/internal -IObjects -IInclude -IPython -I. -I/home/runner/work/APEXYX_ORI_AI/APEXYX_ORI_AI/.buildozer/android/platform/build-arm64-v8a/build/other_builds/hostpython3/desktop/hostpython3/Include    -DPy_BUILD_CORE_BUILTIN -c /home/runner/work/APEXYX_ORI_AI/APEXYX_ORI_AI/.buildozer/android/platform/build-arm64-v8a/build/other_builds/hostpython3/desktop/hostpython3/Modules/_weakref.c -o Modules/_weakref.o
build	Forge APK (Verbose)	2026-02-24T01:19:33.2319957Z [1m[90m[DEBUG][39m[0m:   	gcc  -Wsign-compare -DNDEBUG -g -fwrapv -O3 -Wall    -std=c11 -Wextra -Wno-unused-parameter -Wno-missing-field-initializers -Werror=implicit-function-declaration -fvisibility=hidden  -I/home/runner/work/APEXYX_ORI_AI/APEXYX_ORI_AI/.buildozer/android/platform/build-arm64-v8a/build/other_builds/hostpython3/desktop/hostpython3/Include/internal -IObjects -IInclude -IPython -I. -I/home/runner/work/APEXYX_ORI_AI/APEXYX_ORI_AI/.buildozer/android/platform/build-arm64-v8a/build/other_builds/hostpython3/desktop/hostpython3/Include    -DPy_BUILD_CORE_BUILTIN -c /home/runner/work/APEXYX_ORI_AI/APEXYX_ORI_AI/.buildozer/android/platform/build-arm64-v8a/build/other_builds/hostpython3/desktop/hostpython3/Modules/_abc.c -o Modules/_abc.o
build	Forge APK (Verbose)	2026-02-24T01:19:33.3940037Z [1m[90m[DEBUG][39m[0m:   	gcc  -Wsign-compare -DNDEBUG -g -fwrapv -O3 -Wall    -std=c11 -Wextra -Wno-unused-parameter -Wno-missing-field-initializers -Werror=implicit-function-declaration -fvisibility=hidden  -I/home/runner/work/APEXYX_ORI_AI/APEXYX_ORI_AI/.buildozer/android/platform/build-arm64-v8a/build/other_builds/hostpython3/desktop/hostpython3/Include/internal -IObjects -IInclude -IPython -I. -I/home/runner/work/APEXYX_ORI_AI/APEXYX_ORI_AI/.buildozer/android/platform/build-arm64-v8a/build/other_builds/hostpython3/desktop/hostpython3/Include    -DPy_BUILD_CORE_BUILTIN -c /home/runner/work/APEXYX_ORI_AI/APEXYX_ORI_AI/.buildozer/android/platform/build-arm64-v8a/build/other_builds/hostpython3/desktop/hostpython3/Modules/_functoolsmodule.c -o Modules/_functoolsmodule.o
build	Forge APK (Verbose)	2026-02-24T01:19:33.5711578Z [1m[90m[DEBUG][39m[0m:   	gcc  -Wsign-compare -DNDEBUG -g -fwrapv -O3 -Wall    -std=c11 -Wextra -Wno-unused-parameter -Wno-missing-field-initializers -Werror=implicit-function-declaration -fvisibility=hidden  -I/home/runner/work/APEXYX_ORI_AI/APEXYX_ORI_AI/.buildozer/android/platform/build-arm64-v8a/build/other_builds/hostpython3/desktop/hostpython3/Include/internal -IObjects -IInclude -IPython -I. -I/home/runner/work/APEXYX_ORI_AI/APEXYX_ORI_AI/.buildozer/android/platform/build-arm64-v8a/build/other_builds/hostpython3/desktop/hostpython3/Include    -DPy_BUILD_CORE_BUILTIN -c /home/runner/work/APEXYX_ORI_AI/APEXYX_ORI_AI/.buildozer/android/platform/build-arm64-v8a/build/other_builds/hostpython3/desktop/hostpython3/Modules/_localemodule.c -o Modules/_localemodule.o
build	Forge APK (Verbose)	2026-02-24T01:19:33.7906128Z [1m[90m[DEBUG][39m[0m:   	gcc  -Wsign-compare -DNDEBUG -g -fwrapv -O3 -Wall    -std=c11 -Wextra -Wno-unused-parameter -Wno-missing-field-initializers -Werror=implicit-function-declaration -fvisibility=hidden  -I/home/runner/work/APEXYX_ORI_AI/APEXYX_ORI_AI/.buildozer/android/platform/build-arm64-v8a/build/other_builds/hostpython3/desktop/hostpython3/Include/internal -IObjects -IInclude -IPython -I. -I/home/runner/work/APEXYX_ORI_AI/APEXYX_ORI_AI/.buildozer/android/platform/build-arm64-v8a/build/other_builds/hostpython3/desktop/hostpython3/Include    -DPy_BUILD_CORE_BUILTIN -c /home/runner/work/APEXYX_ORI_AI/APEXYX_ORI_AI/.buildozer/android/platform/build-arm64-v8a/build/other_builds/hostpython3/desktop/hostpython3/Modules/_operator.c -o Modules/_operator.o
build	Forge APK (Verbose)	2026-02-24T01:19:33.9523271Z [1m[90m[DEBUG][39m[0m:   	gcc  -Wsign-compare -DNDEBUG -g -fwrapv -O3 -Wall    -std=c11 -Wextra -Wno-unused-parameter -Wno-missing-field-initializers -Werror=implicit-function-declaration -fvisibility=hidden  -I/home/runner/work/APEXYX_ORI_AI/APEXYX_ORI_AI/.buildozer/android/platform/build-arm64-v8a/build/other_builds/hostpython3/desktop/hostpython3/Include/internal -IObjects -IInclude -IPython -I. -I/home/runner/work/APEXYX_ORI_AI/APEXYX_ORI_AI/.buildozer/android/platform/build-arm64-v8a/build/other_builds/hostpython3/desktop/hostpython3/Include    -DPy_BUILD_CORE_BUILTIN -c /home/runner/work/APEXYX_ORI_AI/APEXYX_ORI_AI/.buildozer/android/platform/build-arm64-v8a/build/other_builds/hostpython3/desktop/hostpython3/Modules/_stat.c -o Modules/_stat.o
build	Forge APK (Verbose)	2026-02-24T01:19:33.9742471Z [1m[90m[DEBUG][39m[0m:   	gcc  -Wsign-compare -DNDEBUG -g -fwrapv -O3 -Wall    -std=c11 -Wextra -Wno-unused-parameter -Wno-missing-field-initializers -Werror=implicit-function-declaration -fvisibility=hidden  -I/home/runner/work/APEXYX_ORI_AI/APEXYX_ORI_AI/.buildozer/android/platform/build-arm64-v8a/build/other_builds/hostpython3/desktop/hostpython3/Include/internal -IObjects -IInclude -IPython -I. -I/home/runner/work/APEXYX_ORI_AI/APEXYX_ORI_AI/.buildozer/android/platform/build-arm64-v8a/build/other_builds/hostpython3/desktop/hostpython3/Include    -DPy_BUILD_CORE_BUILTIN -c /home/runner/work/APEXYX_ORI_AI/APEXYX_ORI_AI/.buildozer/android/platform/build-arm64-v8a/build/other_builds/hostpython3/desktop/hostpython3/Modules/symtablemodule.c -o Modules/symtablemodule.o
build	Forge APK (Verbose)	2026-02-24T01:19:34.1331033Z [1m[90m[DEBUG][39m[0m:   	gcc  -Wsign-compare -DNDEBUG -g -fwrapv -O3 -Wall    -std=c11 -Wextra -Wno-unused-parameter -Wno-missing-field-initializers -Werror=implicit-function-declaration -fvisibility=hidden  -I/home/runner/work/APEXYX_ORI_AI/APEXYX_ORI_AI/.buildozer/android/platform/build-arm64-v8a/build/other_builds/hostpython3/desktop/hostpython3/Include/internal -IObjects -IInclude -IPython -I. -I/home/runner/work/APEXYX_ORI_AI/APEXYX_ORI_AI/.buildozer/android/platform/build-arm64-v8a/build/other_builds/hostpython3/desktop/hostpython3/Include    -DPy_BUILD_CORE_BUILTIN -c /home/runner/work/APEXYX_ORI_AI/APEXYX_ORI_AI/.buildozer/android/platform/build-arm64-v8a/build/other_builds/hostpython3/desktop/hostpython3/Modules/pwdmodule.c -o Modules/pwdmodule.o
build	Forge APK (Verbose)	2026-02-24T01:19:34.2021328Z [1m[90m[DEBUG][39m[0m:   	gcc  -Wsign-compare -DNDEBUG -g -fwrapv -O3 -Wall    -std=c11 -Wextra -Wno-unused-parameter -Wno-missing-field-initializers -Werror=implicit-function-declaration -fvisibility=hidden  -I/home/runner/work/APEXYX_ORI_AI/APEXYX_ORI_AI/.buildozer/android/platform/build-arm64-v8a/build/other_builds/hostpython3/desktop/hostpython3/Include/internal -IObjects -IInclude -IPython -I. -I/home/runner/work/APEXYX_ORI_AI/APEXYX_ORI_AI/.buildozer/android/platform/build-arm64-v8a/build/other_builds/hostpython3/desktop/hostpython3/Include    -DPy_BUILD_CORE_BUILTIN -c /home/runner/work/APEXYX_ORI_AI/APEXYX_ORI_AI/.buildozer/android/platform/build-arm64-v8a/build/other_builds/hostpython3/desktop/hostpython3/Modules/xxsubtype.c -o Modules/xxsubtype.o
build	Forge APK (Verbose)	2026-02-24T01:19:34.3467244Z [1m[90m[DEBUG][39m[0m:   	gcc -c -Wsign-compare -DNDEBUG -g -fwrapv -O3 -Wall    -std=c11 -Wextra -Wno-unused-parameter -Wno-missing-field-initializers -Werror=implicit-function-declaration -fvisibility=hidden  -I/home/runner/work/APEXYX_ORI_AI/APEXYX_ORI_AI/.buildozer/android/platform/build-arm64-v8a/build/other_builds/hostpython3/desktop/hostpython3/Include/internal -IObjects -IInclude -IPython -I. -I/home/runner/work/APEXYX_ORI_AI/APEXYX_ORI_AI/.buildozer/android/platform/build-arm64-v8a/build/other_builds/hostpython3/desktop/hostpython3/Include    -DPy_BUILD_CORE -o Programs/_freeze_module.o /home/runner/work/APEXYX_ORI_AI/APEXYX_ORI_AI/.buildozer/android/platform/build-arm64-v8a/build/other_builds/hostpython3/desktop/hostpython3/Programs/_freeze_module.c
build	Forge APK (Verbose)	2026-02-24T01:19:34.3673874Z [1m[90m[DEBUG][39m[0m:   	gcc -c -Wsign-compare -DNDEBUG -g -fwrapv -O3 -Wall    -std=c11 -Wextra -Wno-unused-parameter -Wno-missing-field-initializers -Werror=implicit-function-declaration -fvisibility=hidden  -I/home/runner/work/APEXYX_ORI_AI/APEXYX_ORI_AI/.buildozer/android/platform/build-arm64-v8a/build/other_builds/hostpython3/desktop/hostpython3/Include/internal -IObjects -IInclude -IPython -I. -I/home/runner/work/APEXYX_ORI_AI/APEXYX_ORI_AI/.buildozer/android/platform/build-arm64-v8a/build/other_builds/hostpython3/desktop/hostpython3/Include    -DPy_BUILD_CORE -o Modules/getpath_noop.o /home/runner/work/APEXYX_ORI_AI/APEXYX_ORI_AI/.buildozer/android/platform/build-arm64-v8a/build/other_builds/hostpython3/desktop/hostpython3/Modules/getpath_noop.c
build	Forge APK (Verbose)	2026-02-24T01:19:34.5053799Z [1m[90m[DEBUG][39m[0m:   	gcc -c -I/home/runner/work/APEXYX_ORI_AI/APEXYX_ORI_AI/.buildozer/android/platform/build-arm64-v8a/build/other_builds/hostpython3/desktop/hostpython3/Modules/_decimal/libmpdec -DCONFIG_64=1 -DANSI=1 -DHAVE_UINT128_T=1 -Wsign-compare -DNDEBUG -g -fwrapv -O3 -Wall    -std=c11 -Wextra -Wno-unused-parameter -Wno-missing-field-initializers -Werror=implicit-function-declaration -fvisibility=hidden  -I/home/runner/work/APEXYX_ORI_AI/APEXYX_ORI_AI/.buildozer/android/platform/build-arm64-v8a/build/other_builds/hostpython3/desktop/hostpython3/Include/internal -IObjects -IInclude -IPython -I. -I/home/runner/work/APEXYX_ORI_AI/APEXYX_ORI_AI/.buildozer/android/platform/build-arm64-v8a/build/other_builds/hostpython3/desktop/hostpython3/Include    -fPIC -o Modules/_decimal/libmpdec/basearith.o /home/runner/work/APEXYX_ORI_AI/APEXYX_ORI_AI/.buildozer/android/platform/build-arm64-v8a/build/other_builds/hostpython3/desktop/hostpython3/Modules/_decimal/libmpdec/basearith.c
build	Forge APK (Verbose)	2026-02-24T01:19:34.5351542Z [1m[90m[DEBUG][39m[0m:   	gcc -c -I/home/runner/work/APEXYX_ORI_AI/APEXYX_ORI_AI/.buildozer/android/platform/build-arm64-v8a/build/other_builds/hostpython3/desktop/hostpython3/Modules/_decimal/libmpdec -DCONFIG_64=1 -DANSI=1 -DHAVE_UINT128_T=1 -Wsign-compare -DNDEBUG -g -fwrapv -O3 -Wall    -std=c11 -Wextra -Wno-unused-parameter -Wno-missing-field-initializers -Werror=implicit-function-declaration -fvisibility=hidden  -I/home/runner/work/APEXYX_ORI_AI/APEXYX_ORI_AI/.buildozer/android/platform/build-arm64-v8a/build/other_builds/hostpython3/desktop/hostpython3/Include/internal -IObjects -IInclude -IPython -I. -I/home/runner/work/APEXYX_ORI_AI/APEXYX_ORI_AI/.buildozer/android/platform/build-arm64-v8a/build/other_builds/hostpython3/desktop/hostpython3/Include    -fPIC -o Modules/_decimal/libmpdec/constants.o /home/runner/work/APEXYX_ORI_AI/APEXYX_ORI_AI/.buildozer/android/platform/build-arm64-v8a/build/other_builds/hostpython3/desktop/hostpython3/Modules/_decimal/libmpdec/constants.c
build	Forge APK (Verbose)	2026-02-24T01:19:34.5624561Z [1m[90m[DEBUG][39m[0m:   	gcc -c -I/home/runner/work/APEXYX_ORI_AI/APEXYX_ORI_AI/.buildozer/android/platform/build-arm64-v8a/build/other_builds/hostpython3/desktop/hostpython3/Modules/_decimal/libmpdec -DCONFIG_64=1 -DANSI=1 -DHAVE_UINT128_T=1 -Wsign-compare -DNDEBUG -g -fwrapv -O3 -Wall    -std=c11 -Wextra -Wno-unused-parameter -Wno-missing-field-initializers -Werror=implicit-function-declaration -fvisibility=hidden  -I/home/runner/work/APEXYX_ORI_AI/APEXYX_ORI_AI/.buildozer/android/platform/build-arm64-v8a/build/other_builds/hostpython3/desktop/hostpython3/Include/internal -IObjects -IInclude -IPython -I. -I/home/runner/work/APEXYX_ORI_AI/APEXYX_ORI_AI/.buildozer/android/platform/build-arm64-v8a/build/other_builds/hostpython3/desktop/hostpython3/Include    -fPIC -o Modules/_decimal/libmpdec/context.o /home/runner/work/APEXYX_ORI_AI/APEXYX_ORI_AI/.buildozer/android/platform/build-arm64-v8a/build/other_builds/hostpython3/desktop/hostpython3/Modules/_decimal/libmpdec/context.c
build	Forge APK (Verbose)	2026-02-24T01:19:34.5737443Z [1m[90m[DEBUG][39m[0m:   	gcc -c -I/home/runner/work/APEXYX_ORI_AI/APEXYX_ORI_AI/.buildozer/android/platform/build-arm64-v8a/build/other_builds/hostpython3/desktop/hostpython3/Modules/_decimal/libmpdec -DCONFIG_64=1 -DANSI=1 -DHAVE_UINT128_T=1 -Wsign-compare -DNDEBUG -g -fwrapv -O3 -Wall    -std=c11 -Wextra -Wno-unused-parameter -Wno-missing-field-initializers -Werror=implicit-function-declaration -fvisibility=hidden  -I/home/runner/work/APEXYX_ORI_AI/APEXYX_ORI_AI/.buildozer/android/platform/build-arm64-v8a/build/other_builds/hostpython3/desktop/hostpython3/Include/internal -IObjects -IInclude -IPython -I. -I/home/runner/work/APEXYX_ORI_AI/APEXYX_ORI_AI/.buildozer/android/platform/build-arm64-v8a/build/other_builds/hostpython3/desktop/hostpython3/Include    -fPIC -o Modules/_decimal/libmpdec/convolute.o /home/runner/work/APEXYX_ORI_AI/APEXYX_ORI_AI/.buildozer/android/platform/build-arm64-v8a/build/other_builds/hostpython3/desktop/hostpython3/Modules/_decimal/libmpdec/convolute.c
build	Forge APK (Verbose)	2026-02-24T01:19:34.6707278Z [1m[90m[DEBUG][39m[0m:   	gcc -c -I/home/runner/work/APEXYX_ORI_AI/APEXYX_ORI_AI/.buildozer/android/platform/build-arm64-v8a/build/other_builds/hostpython3/desktop/hostpython3/Modules/_decimal/libmpdec -DCONFIG_64=1 -DANSI=1 -DHAVE_UINT128_T=1 -Wsign-compare -DNDEBUG -g -fwrapv -O3 -Wall    -std=c11 -Wextra -Wno-unused-parameter -Wno-missing-field-initializers -Werror=implicit-function-declaration -fvisibility=hidden  -I/home/runner/work/APEXYX_ORI_AI/APEXYX_ORI_AI/.buildozer/android/platform/build-arm64-v8a/build/other_builds/hostpython3/desktop/hostpython3/Include/internal -IObjects -IInclude -IPython -I. -I/home/runner/work/APEXYX_ORI_AI/APEXYX_ORI_AI/.buildozer/android/platform/build-arm64-v8a/build/other_builds/hostpython3/desktop/hostpython3/Include    -fPIC -o Modules/_decimal/libmpdec/crt.o /home/runner/work/APEXYX_ORI_AI/APEXYX_ORI_AI/.buildozer/android/platform/build-arm64-v8a/build/other_builds/hostpython3/desktop/hostpython3/Modules/_decimal/libmpdec/crt.c
build	Forge APK (Verbose)	2026-02-24T01:19:34.9741915Z [1m[90m[DEBUG][39m[0m:   	gcc -c -I/home/runner/work/APEXYX_ORI_AI/APEXYX_ORI_AI/.buildozer/android/platform/build-arm64-v8a/build/other_builds/hostpython3/desktop/hostpython3/Modules/_decimal/libmpdec -DCONFIG_64=1 -DANSI=1 -DHAVE_UINT128_T=1 -Wsign-compare -DNDEBUG -g -fwrapv -O3 -Wall    -std=c11 -Wextra -Wno-unused-parameter -Wno-missing-field-initializers -Werror=implicit-function-declaration -fvisibility=hidden  -I/home/runner/work/APEXYX_ORI_AI/APEXYX_ORI_AI/.buildozer/android/platform/build-arm64-v8a/build/other_builds/hostpython3/desktop/hostpython3/Include/internal -IObjects -IInclude -IPython -I. -I/home/runner/work/APEXYX_ORI_AI/APEXYX_ORI_AI/.buildozer/android/platform/build-arm64-v8a/build/other_builds/hostpython3/desktop/hostpython3/Include    -fPIC -o Modules/_decimal/libmpdec/difradix2.o /home/runner/work/APEXYX_ORI_AI/APEXYX_ORI_AI/.buildozer/android/platform/build-arm64-v8a/build/other_builds/hostpython3/desktop/hostpython3/Modules/_decimal/libmpdec/difradix2.c
build	Forge APK (Verbose)	2026-02-24T01:19:35.0822168Z [1m[90m[DEBUG][39m[0m:   	gcc -c -I/home/runner/work/APEXYX_ORI_AI/APEXYX_ORI_AI/.buildozer/android/platform/build-arm64-v8a/build/other_builds/hostpython3/desktop/hostpython3/Modules/_decimal/libmpdec -DCONFIG_64=1 -DANSI=1 -DHAVE_UINT128_T=1 -Wsign-compare -DNDEBUG -g -fwrapv -O3 -Wall    -std=c11 -Wextra -Wno-unused-parameter -Wno-missing-field-initializers -Werror=implicit-function-declaration -fvisibility=hidden  -I/home/runner/work/APEXYX_ORI_AI/APEXYX_ORI_AI/.buildozer/android/platform/build-arm64-v8a/build/other_builds/hostpython3/desktop/hostpython3/Include/internal -IObjects -IInclude -IPython -I. -I/home/runner/work/APEXYX_ORI_AI/APEXYX_ORI_AI/.buildozer/android/platform/build-arm64-v8a/build/other_builds/hostpython3/desktop/hostpython3/Include    -fPIC -o Modules/_decimal/libmpdec/fnt.o /home/runner/work/APEXYX_ORI_AI/APEXYX_ORI_AI/.buildozer/android/platform/build-arm64-v8a/build/other_builds/hostpython3/desktop/hostpython3/Modules/_decimal/libmpdec/fnt.c
build	Forge APK (Verbose)	2026-02-24T01:19:35.1350235Z [1m[90m[DEBUG][39m[0m:   	gcc -c -I/home/runner/work/APEXYX_ORI_AI/APEXYX_ORI_AI/.buildozer/android/platform/build-arm64-v8a/build/other_builds/hostpython3/desktop/hostpython3/Modules/_decimal/libmpdec -DCONFIG_64=1 -DANSI=1 -DHAVE_UINT128_T=1 -Wsign-compare -DNDEBUG -g -fwrapv -O3 -Wall    -std=c11 -Wextra -Wno-unused-parameter -Wno-missing-field-initializers -Werror=implicit-function-declaration -fvisibility=hidden  -I/home/runner/work/APEXYX_ORI_AI/APEXYX_ORI_AI/.buildozer/android/platform/build-arm64-v8a/build/other_builds/hostpython3/desktop/hostpython3/Include/internal -IObjects -IInclude -IPython -I. -I/home/runner/work/APEXYX_ORI_AI/APEXYX_ORI_AI/.buildozer/android/platform/build-arm64-v8a/build/other_builds/hostpython3/desktop/hostpython3/Include    -fPIC -o Modules/_decimal/libmpdec/fourstep.o /home/runner/work/APEXYX_ORI_AI/APEXYX_ORI_AI/.buildozer/android/platform/build-arm64-v8a/build/other_builds/hostpython3/desktop/hostpython3/Modules/_decimal/libmpdec/fourstep.c
build	Forge APK (Verbose)	2026-02-24T01:19:35.3922626Z [1m[90m[DEBUG][39m[0m:   	gcc -c -I/home/runner/work/APEXYX_ORI_AI/APEXYX_ORI_AI/.buildozer/android/platform/build-arm64-v8a/build/other_builds/hostpython3/desktop/hostpython3/Modules/_decimal/libmpdec -DCONFIG_64=1 -DANSI=1 -DHAVE_UINT128_T=1 -Wsign-compare -DNDEBUG -g -fwrapv -O3 -Wall    -std=c11 -Wextra -Wno-unused-parameter -Wno-missing-field-initializers -Werror=implicit-function-declaration -fvisibility=hidden  -I/home/runner/work/APEXYX_ORI_AI/APEXYX_ORI_AI/.buildozer/android/platform/build-arm64-v8a/build/other_builds/hostpython3/desktop/hostpython3/Include/internal -IObjects -IInclude -IPython -I. -I/home/runner/work/APEXYX_ORI_AI/APEXYX_ORI_AI/.buildozer/android/platform/build-arm64-v8a/build/other_builds/hostpython3/desktop/hostpython3/Include    -fPIC -o Modules/_decimal/libmpdec/io.o /home/runner/work/APEXYX_ORI_AI/APEXYX_ORI_AI/.buildozer/android/platform/build-arm64-v8a/build/other_builds/hostpython3/desktop/hostpython3/Modules/_decimal/libmpdec/io.c
build	Forge APK (Verbose)	2026-02-24T01:19:35.5524742Z [1m[90m[DEBUG][39m[0m:   	In function ‘word_to_string’,
build	Forge APK (Verbose)	2026-02-24T01:19:35.5526967Z [1m[90m[DEBUG][39m[0m:   	    inlined from ‘coeff_to_string’ at /home/runner/work/APEXYX_ORI_AI/APEXYX_ORI_AI/.buildozer/android/platform/build-arm64-v8a/build/other_builds/hostpython3/desktop/hostpython3/Modules/_decimal/libmpdec/io.c:410:13,
build	Forge APK (Verbose)	2026-02-24T01:19:35.5559971Z [1m[90m[DEBUG][39m[0m:   	    inlined from ‘_mpd_to_string’ at /home/runner/work/APEXYX_ORI_AI/APEXYX_ORI_AI/.buildozer/android/platform/build-arm64-v8a/build/other_builds/hostpython3/desktop/hostpython3/Modules/_decimal/libmpdec/io.c:611:18:
build	Forge APK (Verbose)	2026-02-24T01:19:35.5563803Z [1m[90m[DEBUG][39m[0m:   	/home/runner/work/APEXYX_ORI_AI/APEXYX_ORI_AI/.buildozer/android/platform/build-arm64-v8a/build/other_builds/hostpython3/desktop/hostpython3/Modules/_decimal/libmpdec/io.c:348:40: warning: array subscript 0 is outside array bounds of ‘char[0]’ [-Warray-bounds=]
build	Forge APK (Verbose)	2026-02-24T01:19:35.5566281Z [1m[90m[DEBUG][39m[0m:   	  348 |         if (s == dot) *s++ = '.'; *s++ = '0' + (char)(x / d); x %= d
build	Forge APK (Verbose)	2026-02-24T01:19:35.5567215Z [1m[90m[DEBUG][39m[0m:   	      |                                   ~~~~~^~~~~~~~~~~~~~~~~~~~~
build	Forge APK (Verbose)	2026-02-24T01:19:35.5569318Z [1m[90m[DEBUG][39m[0m:   	/home/runner/work/APEXYX_ORI_AI/APEXYX_ORI_AI/.buildozer/android/platform/build-arm64-v8a/build/other_builds/hostpython3/desktop/hostpython3/Modules/_decimal/libmpdec/io.c:355:14: note: in expansion of macro ‘EXTRACT_DIGIT’
build	Forge APK (Verbose)	2026-02-24T01:19:35.5571587Z [1m[90m[DEBUG][39m[0m:   	  355 |     case 19: EXTRACT_DIGIT(s, x, 1000000000000000000ULL, dot);
build	Forge APK (Verbose)	2026-02-24T01:19:35.5572475Z [1m[90m[DEBUG][39m[0m:   	      |              ^~~~~~~~~~~~~
build	Forge APK (Verbose)	2026-02-24T01:19:35.5573241Z [1m[90m[DEBUG][39m[0m:   	In function ‘_mpd_to_string’:
build	Forge APK (Verbose)	2026-02-24T01:19:35.5574121Z [1m[90m[DEBUG][39m[0m:   	cc1: note: source object is likely at address zero
build	Forge APK (Verbose)	2026-02-24T01:19:35.5575392Z [1m[90m[DEBUG][39m[0m:   	In function ‘word_to_string’,
build	Forge APK (Verbose)	2026-02-24T01:19:35.5577557Z [1m[90m[DEBUG][39m[0m:   	    inlined from ‘coeff_to_string’ at /home/runner/work/APEXYX_ORI_AI/APEXYX_ORI_AI/.buildozer/android/platform/build-arm64-v8a/build/other_builds/hostpython3/desktop/hostpython3/Modules/_decimal/libmpdec/io.c:410:13,
build	Forge APK (Verbose)	2026-02-24T01:19:35.5603242Z [1m[90m[DEBUG][39m[0m:   	    inlined from ‘_mpd_to_string’ at /home/runner/work/APEXYX_ORI_AI/APEXYX_ORI_AI/.buildozer/android/platform/build-arm64-v8a/build/other_builds/hostpython3/desktop/hostpython3/Modules/_decimal/libmpdec/io.c:607:18:
build	Forge APK (Verbose)	2026-02-24T01:19:35.5606622Z [1m[90m[DEBUG][39m[0m:   	/home/runner/work/APEXYX_ORI_AI/APEXYX_ORI_AI/.buildozer/android/platform/build-arm64-v8a/build/other_builds/hostpython3/desktop/hostpython3/Modules/_decimal/libmpdec/io.c:348:40: warning: array subscript 0 is outside array bounds of ‘char[0]’ [-Warray-bounds=]
build	Forge APK (Verbose)	2026-02-24T01:19:35.5609047Z [1m[90m[DEBUG][39m[0m:   	  348 |         if (s == dot) *s++ = '.'; *s++ = '0' + (char)(x / d); x %= d
build	Forge APK (Verbose)	2026-02-24T01:19:35.5609955Z [1m[90m[DEBUG][39m[0m:   	      |                                   ~~~~~^~~~~~~~~~~~~~~~~~~~~
build	Forge APK (Verbose)	2026-02-24T01:19:35.5633744Z [1m[90m[DEBUG][39m[0m:   	/home/runner/work/APEXYX_ORI_AI/APEXYX_ORI_AI/.buildozer/android/platform/build-arm64-v8a/build/other_builds/hostpython3/desktop/hostpython3/Modules/_decimal/libmpdec/io.c:355:14: note: in expansion of macro ‘EXTRACT_DIGIT’
build	Forge APK (Verbose)	2026-02-24T01:19:35.5635924Z [1m[90m[DEBUG][39m[0m:   	  355 |     case 19: EXTRACT_DIGIT(s, x, 1000000000000000000ULL, dot);
build	Forge APK (Verbose)	2026-02-24T01:19:35.5636796Z [1m[90m[DEBUG][39m[0m:   	      |              ^~~~~~~~~~~~~
build	Forge APK (Verbose)	2026-02-24T01:19:35.5637486Z [1m[90m[DEBUG][39m[0m:   	In function ‘_mpd_to_string’:
build	Forge APK (Verbose)	2026-02-24T01:19:35.5638256Z [1m[90m[DEBUG][39m[0m:   	cc1: note: source object is likely at address zero
build	Forge APK (Verbose)	2026-02-24T01:19:35.5639042Z [1m[90m[DEBUG][39m[0m:   	In function ‘word_to_string’,
build	Forge APK (Verbose)	2026-02-24T01:19:35.5641282Z [1m[90m[DEBUG][39m[0m:   	    inlined from ‘coeff_to_string’ at /home/runner/work/APEXYX_ORI_AI/APEXYX_ORI_AI/.buildozer/android/platform/build-arm64-v8a/build/other_builds/hostpython3/desktop/hostpython3/Modules/_decimal/libmpdec/io.c:410:13,
build	Forge APK (Verbose)	2026-02-24T01:19:35.5644432Z [1m[90m[DEBUG][39m[0m:   	    inlined from ‘_mpd_to_string’ at /home/runner/work/APEXYX_ORI_AI/APEXYX_ORI_AI/.buildozer/android/platform/build-arm64-v8a/build/other_builds/hostpython3/desktop/hostpython3/Modules/_decimal/libmpdec/io.c:501:22:
build	Forge APK (Verbose)	2026-02-24T01:19:35.5648064Z [1m[90m[DEBUG][39m[0m:   	/home/runner/work/APEXYX_ORI_AI/APEXYX_ORI_AI/.buildozer/android/platform/build-arm64-v8a/build/other_builds/hostpython3/desktop/hostpython3/Modules/_decimal/libmpdec/io.c:348:40: warning: array subscript 0 is outside array bounds of ‘char[0]’ [-Warray-bounds=]
build	Forge APK (Verbose)	2026-02-24T01:19:35.5650401Z [1m[90m[DEBUG][39m[0m:   	  348 |         if (s == dot) *s++ = '.'; *s++ = '0' + (char)(x / d); x %= d
build	Forge APK (Verbose)	2026-02-24T01:19:35.5651489Z [1m[90m[DEBUG][39m[0m:   	      |                                   ~~~~~^~~~~~~~~~~~~~~~~~~~~
build	Forge APK (Verbose)	2026-02-24T01:19:35.5653513Z [1m[90m[DEBUG][39m[0m:   	/home/runner/work/APEXYX_ORI_AI/APEXYX_ORI_AI/.buildozer/android/platform/build-arm64-v8a/build/other_builds/hostpython3/desktop/hostpython3/Modules/_decimal/libmpdec/io.c:355:14: note: in expansion of macro ‘EXTRACT_DIGIT’
build	Forge APK (Verbose)	2026-02-24T01:19:35.5655499Z [1m[90m[DEBUG][39m[0m:   	  355 |     case 19: EXTRACT_DIGIT(s, x, 1000000000000000000ULL, dot);
build	Forge APK (Verbose)	2026-02-24T01:19:35.5656276Z [1m[90m[DEBUG][39m[0m:   	      |              ^~~~~~~~~~~~~
build	Forge APK (Verbose)	2026-02-24T01:19:35.5656954Z [1m[90m[DEBUG][39m[0m:   	In function ‘_mpd_to_string’:
build	Forge APK (Verbose)	2026-02-24T01:19:35.5657700Z [1m[90m[DEBUG][39m[0m:   	cc1: note: source object is likely at address zero
build	Forge APK (Verbose)	2026-02-24T01:19:35.5658442Z [1m[90m[DEBUG][39m[0m:   	In function ‘word_to_string’,
build	Forge APK (Verbose)	2026-02-24T01:19:35.5660377Z [1m[90m[DEBUG][39m[0m:   	    inlined from ‘coeff_to_string’ at /home/runner/work/APEXYX_ORI_AI/APEXYX_ORI_AI/.buildozer/android/platform/build-arm64-v8a/build/other_builds/hostpython3/desktop/hostpython3/Modules/_decimal/libmpdec/io.c:410:13,
build	Forge APK (Verbose)	2026-02-24T01:19:35.5701494Z [1m[90m[DEBUG][39m[0m:   	    inlined from ‘_mpd_to_string’ at /home/runner/work/APEXYX_ORI_AI/APEXYX_ORI_AI/.buildozer/android/platform/build-arm64-v8a/build/other_builds/hostpython3/desktop/hostpython3/Modules/_decimal/libmpdec/io.c:501:22:
build	Forge APK (Verbose)	2026-02-24T01:19:35.5705171Z [1m[90m[DEBUG][39m[0m:   	/home/runner/work/APEXYX_ORI_AI/APEXYX_ORI_AI/.buildozer/android/platform/build-arm64-v8a/build/other_builds/hostpython3/desktop/hostpython3/Modules/_decimal/libmpdec/io.c:348:40: warning: array subscript 0 is outside array bounds of ‘char[0]’ [-Warray-bounds=]
build	Forge APK (Verbose)	2026-02-24T01:19:35.5707566Z [1m[90m[DEBUG][39m[0m:   	  348 |         if (s == dot) *s++ = '.'; *s++ = '0' + (char)(x / d); x %= d
build	Forge APK (Verbose)	2026-02-24T01:19:35.5708847Z [1m[90m[DEBUG][39m[0m:   	      |                                   ~~~~~^~~~~~~~~~~~~~~~~~~~~
build	Forge APK (Verbose)	2026-02-24T01:19:35.5711483Z [1m[90m[DEBUG][39m[0m:   	/home/runner/work/APEXYX_ORI_AI/APEXYX_ORI_AI/.buildozer/android/platform/build-arm64-v8a/build/other_builds/hostpython3/desktop/hostpython3/Modules/_decimal/libmpdec/io.c:356:14: note: in expansion of macro ‘EXTRACT_DIGIT’
build	Forge APK (Verbose)	2026-02-24T01:19:35.5713672Z [1m[90m[DEBUG][39m[0m:   	  356 |     case 18: EXTRACT_DIGIT(s, x, 100000000000000000ULL, dot);
build	Forge APK (Verbose)	2026-02-24T01:19:35.5714562Z [1m[90m[DEBUG][39m[0m:   	      |              ^~~~~~~~~~~~~
build	Forge APK (Verbose)	2026-02-24T01:19:35.5715339Z [1m[90m[DEBUG][39m[0m:   	In function ‘_mpd_to_string’:
build	Forge APK (Verbose)	2026-02-24T01:19:35.5716167Z [1m[90m[DEBUG][39m[0m:   	cc1: note: source object is likely at address zero
build	Forge APK (Verbose)	2026-02-24T01:19:35.5724310Z [1m[90m[DEBUG][39m[0m:   	gcc -c -I/home/runner/work/APEXYX_ORI_AI/APEXYX_ORI_AI/.buildozer/android/platform/build-arm64-v8a/build/other_builds/hostpython3/desktop/hostpython3/Modules/_decimal/libmpdec -DCONFIG_64=1 -DANSI=1 -DHAVE_UINT128_T=1 -Wsign-compare -DNDEBUG -g -fwrapv -O3 -Wall    -std=c11 -Wextra -Wno-unused-parameter -Wno-missing-field-initializers -Werror=implicit-function-declaration -fvisibility=hidden  -I/home/runner/work/APEXYX_ORI_AI/APEXYX_ORI_AI/.buildozer/android/platform/build-arm64-v8a/build/other_builds/hostpython3/desktop/hostpython3/Include/internal -IObjects -IInclude -IPython -I. -I/home/runner/work/APEXYX_ORI_AI/APEXYX_ORI_AI/.buildozer/android/platform/build-arm64-v8a/build/other_builds/hostpython3/desktop/hostpython3/Include    -fPIC -o Modules/_decimal/libmpdec/mpalloc.o /home/runner/work/APEXYX_ORI_AI/APEXYX_ORI_AI/.buildozer/android/platform/build-arm64-v8a/build/other_builds/hostpython3/desktop/hostpython3/Modules/_decimal/libmpdec/mpalloc.c
build	Forge APK (Verbose)	2026-02-24T01:19:35.6978760Z [1m[90m[DEBUG][39m[0m:   	gcc -c -I/home/runner/work/APEXYX_ORI_AI/APEXYX_ORI_AI/.buildozer/android/platform/build-arm64-v8a/build/other_builds/hostpython3/desktop/hostpython3/Modules/_decimal/libmpdec -DCONFIG_64=1 -DANSI=1 -DHAVE_UINT128_T=1 -Wsign-compare -DNDEBUG -g -fwrapv -O3 -Wall    -std=c11 -Wextra -Wno-unused-parameter -Wno-missing-field-initializers -Werror=implicit-function-declaration -fvisibility=hidden  -I/home/runner/work/APEXYX_ORI_AI/APEXYX_ORI_AI/.buildozer/android/platform/build-arm64-v8a/build/other_builds/hostpython3/desktop/hostpython3/Include/internal -IObjects -IInclude -IPython -I. -I/home/runner/work/APEXYX_ORI_AI/APEXYX_ORI_AI/.buildozer/android/platform/build-arm64-v8a/build/other_builds/hostpython3/desktop/hostpython3/Include    -fPIC -o Modules/_decimal/libmpdec/mpdecimal.o /home/runner/work/APEXYX_ORI_AI/APEXYX_ORI_AI/.buildozer/android/platform/build-arm64-v8a/build/other_builds/hostpython3/desktop/hostpython3/Modules/_decimal/libmpdec/mpdecimal.c
build	Forge APK (Verbose)	2026-02-24T01:19:36.2135063Z [1m[90m[DEBUG][39m[0m:   	gcc -c -I/home/runner/work/APEXYX_ORI_AI/APEXYX_ORI_AI/.buildozer/android/platform/build-arm64-v8a/build/other_builds/hostpython3/desktop/hostpython3/Modules/_decimal/libmpdec -DCONFIG_64=1 -DANSI=1 -DHAVE_UINT128_T=1 -Wsign-compare -DNDEBUG -g -fwrapv -O3 -Wall    -std=c11 -Wextra -Wno-unused-parameter -Wno-missing-field-initializers -Werror=implicit-function-declaration -fvisibility=hidden  -I/home/runner/work/APEXYX_ORI_AI/APEXYX_ORI_AI/.buildozer/android/platform/build-arm64-v8a/build/other_builds/hostpython3/desktop/hostpython3/Include/internal -IObjects -IInclude -IPython -I. -I/home/runner/work/APEXYX_ORI_AI/APEXYX_ORI_AI/.buildozer/android/platform/build-arm64-v8a/build/other_builds/hostpython3/desktop/hostpython3/Include    -fPIC -o Modules/_decimal/libmpdec/numbertheory.o /home/runner/work/APEXYX_ORI_AI/APEXYX_ORI_AI/.buildozer/android/platform/build-arm64-v8a/build/other_builds/hostpython3/desktop/hostpython3/Modules/_decimal/libmpdec/numbertheory.c
build	Forge APK (Verbose)	2026-02-24T01:19:36.6382544Z [1m[90m[DEBUG][39m[0m:   	gcc -c -I/home/runner/work/APEXYX_ORI_AI/APEXYX_ORI_AI/.buildozer/android/platform/build-arm64-v8a/build/other_builds/hostpython3/desktop/hostpython3/Modules/_decimal/libmpdec -DCONFIG_64=1 -DANSI=1 -DHAVE_UINT128_T=1 -Wsign-compare -DNDEBUG -g -fwrapv -O3 -Wall    -std=c11 -Wextra -Wno-unused-parameter -Wno-missing-field-initializers -Werror=implicit-function-declaration -fvisibility=hidden  -I/home/runner/work/APEXYX_ORI_AI/APEXYX_ORI_AI/.buildozer/android/platform/build-arm64-v8a/build/other_builds/hostpython3/desktop/hostpython3/Include/internal -IObjects -IInclude -IPython -I. -I/home/runner/work/APEXYX_ORI_AI/APEXYX_ORI_AI/.buildozer/android/platform/build-arm64-v8a/build/other_builds/hostpython3/desktop/hostpython3/Include    -fPIC -o Modules/_decimal/libmpdec/sixstep.o /home/runner/work/APEXYX_ORI_AI/APEXYX_ORI_AI/.buildozer/android/platform/build-arm64-v8a/build/other_builds/hostpython3/desktop/hostpython3/Modules/_decimal/libmpdec/sixstep.c
build	Forge APK (Verbose)	2026-02-24T01:19:36.6492515Z [1m[90m[DEBUG][39m[0m:   	gcc -c -I/home/runner/work/APEXYX_ORI_AI/APEXYX_ORI_AI/.buildozer/android/platform/build-arm64-v8a/build/other_builds/hostpython3/desktop/hostpython3/Modules/_decimal/libmpdec -DCONFIG_64=1 -DANSI=1 -DHAVE_UINT128_T=1 -Wsign-compare -DNDEBUG -g -fwrapv -O3 -Wall    -std=c11 -Wextra -Wno-unused-parameter -Wno-missing-field-initializers -Werror=implicit-function-declaration -fvisibility=hidden  -I/home/runner/work/APEXYX_ORI_AI/APEXYX_ORI_AI/.buildozer/android/platform/build-arm64-v8a/build/other_builds/hostpython3/desktop/hostpython3/Include/internal -IObjects -IInclude -IPython -I. -I/home/runner/work/APEXYX_ORI_AI/APEXYX_ORI_AI/.buildozer/android/platform/build-arm64-v8a/build/other_builds/hostpython3/desktop/hostpython3/Include    -fPIC -o Modules/_decimal/libmpdec/transpose.o /home/runner/work/APEXYX_ORI_AI/APEXYX_ORI_AI/.buildozer/android/platform/build-arm64-v8a/build/other_builds/hostpython3/desktop/hostpython3/Modules/_decimal/libmpdec/transpose.c
build	Forge APK (Verbose)	2026-02-24T01:19:36.8544740Z [1m[90m[DEBUG][39m[0m:   	gcc -c -I/home/runner/work/APEXYX_ORI_AI/APEXYX_ORI_AI/.buildozer/android/platform/build-arm64-v8a/build/other_builds/hostpython3/desktop/hostpython3/Modules/expat -Wsign-compare -DNDEBUG -g -fwrapv -O3 -Wall    -std=c11 -Wextra -Wno-unused-parameter -Wno-missing-field-initializers -Werror=implicit-function-declaration -fvisibility=hidden  -I/home/runner/work/APEXYX_ORI_AI/APEXYX_ORI_AI/.buildozer/android/platform/build-arm64-v8a/build/other_builds/hostpython3/desktop/hostpython3/Include/internal -IObjects -IInclude -IPython -I. -I/home/runner/work/APEXYX_ORI_AI/APEXYX_ORI_AI/.buildozer/android/platform/build-arm64-v8a/build/other_builds/hostpython3/desktop/hostpython3/Include    -fPIC -o Modules/expat/xmlparse.o /home/runner/work/APEXYX_ORI_AI/APEXYX_ORI_AI/.buildozer/android/platform/build-arm64-v8a/build/other_builds/hostpython3/desktop/hostpython3/Modules/expat/xmlparse.c
build	Forge APK (Verbose)	2026-02-24T01:19:36.9687066Z [1m[90m[DEBUG][39m[0m:   	gcc -c -I/home/runner/work/APEXYX_ORI_AI/APEXYX_ORI_AI/.buildozer/android/platform/build-arm64-v8a/build/other_builds/hostpython3/desktop/hostpython3/Modules/expat -Wsign-compare -DNDEBUG -g -fwrapv -O3 -Wall    -std=c11 -Wextra -Wno-unused-parameter -Wno-missing-field-initializers -Werror=implicit-function-declaration -fvisibility=hidden  -I/home/runner/work/APEXYX_ORI_AI/APEXYX_ORI_AI/.buildozer/android/platform/build-arm64-v8a/build/other_builds/hostpython3/desktop/hostpython3/Include/internal -IObjects -IInclude -IPython -I. -I/home/runner/work/APEXYX_ORI_AI/APEXYX_ORI_AI/.buildozer/android/platform/build-arm64-v8a/build/other_builds/hostpython3/desktop/hostpython3/Include    -fPIC -o Modules/expat/xmlrole.o /home/runner/work/APEXYX_ORI_AI/APEXYX_ORI_AI/.buildozer/android/platform/build-arm64-v8a/build/other_builds/hostpython3/desktop/hostpython3/Modules/expat/xmlrole.c
build	Forge APK (Verbose)	2026-02-24T01:19:37.3238210Z [1m[90m[DEBUG][39m[0m:   	gcc -c -I/home/runner/work/APEXYX_ORI_AI/APEXYX_ORI_AI/.buildozer/android/platform/build-arm64-v8a/build/other_builds/hostpython3/desktop/hostpython3/Modules/expat -Wsign-compare -DNDEBUG -g -fwrapv -O3 -Wall    -std=c11 -Wextra -Wno-unused-parameter -Wno-missing-field-initializers -Werror=implicit-function-declaration -fvisibility=hidden  -I/home/runner/work/APEXYX_ORI_AI/APEXYX_ORI_AI/.buildozer/android/platform/build-arm64-v8a/build/other_builds/hostpython3/desktop/hostpython3/Include/internal -IObjects -IInclude -IPython -I. -I/home/runner/work/APEXYX_ORI_AI/APEXYX_ORI_AI/.buildozer/android/platform/build-arm64-v8a/build/other_builds/hostpython3/desktop/hostpython3/Include    -fPIC -o Modules/expat/xmltok.o /home/runner/work/APEXYX_ORI_AI/APEXYX_ORI_AI/.buildozer/android/platform/build-arm64-v8a/build/other_builds/hostpython3/desktop/hostpython3/Modules/expat/xmltok.c
build	Forge APK (Verbose)	2026-02-24T01:19:37.5998732Z [1m[90m[DEBUG][39m[0m:   	/usr/bin/install -c -m 644 /home/runner/work/APEXYX_ORI_AI/APEXYX_ORI_AI/.buildozer/android/platform/build-arm64-v8a/build/other_builds/hostpython3/desktop/hostpython3/Tools/gdb/libpython.py python-gdb.py
build	Forge APK (Verbose)	2026-02-24T01:19:37.6017181Z [1m[90m[DEBUG][39m[0m:   	gcc -c -Wsign-compare -DNDEBUG -g -fwrapv -O3 -Wall    -std=c11 -Wextra -Wno-unused-parameter -Wno-missing-field-initializers -Werror=implicit-function-declaration -fvisibility=hidden  -I/home/runner/work/APEXYX_ORI_AI/APEXYX_ORI_AI/.buildozer/android/platform/build-arm64-v8a/build/other_builds/hostpython3/desktop/hostpython3/Include/internal -IObjects -IInclude -IPython -I. -I/home/runner/work/APEXYX_ORI_AI/APEXYX_ORI_AI/.buildozer/android/platform/build-arm64-v8a/build/other_builds/hostpython3/desktop/hostpython3/Include    -DPy_BUILD_CORE -o Programs/_testembed.o /home/runner/work/APEXYX_ORI_AI/APEXYX_ORI_AI/.buildozer/android/platform/build-arm64-v8a/build/other_builds/hostpython3/desktop/hostpython3/Programs/_testembed.c
build	Forge APK (Verbose)	2026-02-24T01:19:38.3213067Z [1m[90m[DEBUG][39m[0m:   	sed -e "s,@EXENAME@,/usr/local/bin/python3.11," < /home/runner/work/APEXYX_ORI_AI/APEXYX_ORI_AI/.buildozer/android/platform/build-arm64-v8a/build/other_builds/hostpython3/desktop/hostpython3/Misc/python-config.in >python-config.py
build	Forge APK (Verbose)	2026-02-24T01:19:38.3254709Z [1m[90m[DEBUG][39m[0m:   	LC_ALL=C sed -e 's,\$(\([A-Za-z0-9_]*\)),\$\{\1\},g' < Misc/python-config.sh >python-config
build	Forge APK (Verbose)	2026-02-24T01:19:38.3338991Z [1m[90m[DEBUG][39m[0m:   	gcc -c -Wsign-compare -DNDEBUG -g -fwrapv -O3 -Wall    -std=c11 -Wextra -Wno-unused-parameter -Wno-missing-field-initializers -Werror=implicit-function-declaration -fvisibility=hidden  -I/home/runner/work/APEXYX_ORI_AI/APEXYX_ORI_AI/.buildozer/android/platform/build-arm64-v8a/build/other_builds/hostpython3/desktop/hostpython3/Include/internal -IObjects -IInclude -IPython -I. -I/home/runner/work/APEXYX_ORI_AI/APEXYX_ORI_AI/.buildozer/android/platform/build-arm64-v8a/build/other_builds/hostpython3/desktop/hostpython3/Include    -DPy_BUILD_CORE \
build	Forge APK (Verbose)	2026-02-24T01:19:38.3344773Z [1m[90m[DEBUG][39m[0m:   	      -DGITVERSION="\"`LC_ALL=C `\"" \
build	Forge APK (Verbose)	2026-02-24T01:19:38.3346256Z [1m[90m[DEBUG][39m[0m:   	      -DGITTAG="\"`LC_ALL=C `\"" \
build	Forge APK (Verbose)	2026-02-24T01:19:38.3347470Z [1m[90m[DEBUG][39m[0m:   	      -DGITBRANCH="\"`LC_ALL=C `\"" \
build	Forge APK (Verbose)	2026-02-24T01:19:38.3352206Z [1m[90m[DEBUG][39m[0m:   	      -o Modules/getbuildinfo.o /home/runner/work/APEXYX_ORI_AI/APEXYX_ORI_AI/.buildozer/android/platform/build-arm64-v8a/build/other_builds/hostpython3/desktop/hostpython3/Modules/getbuildinfo.c
build	Forge APK (Verbose)	2026-02-24T01:19:38.4577842Z [1m[90m[DEBUG][39m[0m:   	gcc     -o Programs/_freeze_module Programs/_freeze_module.o Modules/getpath_noop.o Modules/getbuildinfo.o Parser/token.o  Parser/pegen.o Parser/pegen_errors.o Parser/action_helpers.o Parser/parser.o Parser/string_parser.o Parser/peg_api.o Parser/myreadline.o Parser/tokenizer.o Objects/abstract.o Objects/accu.o Objects/boolobject.o Objects/bytes_methods.o Objects/bytearrayobject.o Objects/bytesobject.o Objects/call.o Objects/capsule.o Objects/cellobject.o Objects/classobject.o Objects/codeobject.o Objects/complexobject.o Objects/descrobject.o Objects/enumobject.o Objects/exceptions.o Objects/genericaliasobject.o Objects/genobject.o Objects/fileobject.o Objects/floatobject.o Objects/frameobject.o Objects/funcobject.o Objects/interpreteridobject.o Objects/iterobject.o Objects/listobject.o Objects/longobject.o Objects/dictobject.o Objects/odictobject.o Objects/memoryobject.o Objects/methodobject.o Objects/moduleobject.o Objects/namespaceobject.o Objects/object.o Objects/obmalloc.o Objects/picklebufobject.o Objects/rangeobject.o Objects/setobject.o Objects/sliceobject.o Objects/structseq.o Objects/tupleobject.o Objects/typeobject.o Objects/unicodeobject.o Objects/unicodectype.o Objects/unionobject.o Objects/weakrefobject.o Python/_warnings.o Python/Python-ast.o Python/Python-tokenize.o Python/asdl.o Python/ast.o Python/ast_opt.o Python/ast_unparse.o Python/bltinmodule.o Python/ceval.o Python/codecs.o Python/compile.o Python/context.o Python/dynamic_annotations.o Python/errors.o Python/frame.o Python/frozenmain.o Python/future.o Python/getargs.o Python/getcompiler.o Python/getcopyright.o Python/getplatform.o Python/getversion.o Python/hamt.o Python/hashtable.o Python/import.o Python/importdl.o Python/initconfig.o Python/marshal.o Python/modsupport.o Python/mysnprintf.o Python/mystrtoul.o Python/pathconfig.o Python/preconfig.o Python/pyarena.o Python/pyctype.o Python/pyfpe.o Python/pyhash.o Python/pylifecycle.o Python/pymath.o Python/pystate.o Python/pythonrun.o Python/pytime.o Python/bootstrap_hash.o Python/specialize.o Python/structmember.o Python/symtable.o Python/sysmodule.o Python/thread.o Python/traceback.o Python/getopt.o Python/pystrcmp.o Python/pystrtod.o Python/pystrhex.o Python/dtoa.o Python/formatter_unicode.o Python/fileutils.o Python/suggestions.o Python/dynload_shlib.o     Modules/config.o Modules/main.o Modules/gcmodule.o Modules/atexitmodule.o  Modules/faulthandler.o  Modules/posixmodule.o  Modules/signalmodule.o  Modules/_tracemalloc.o  Modules/_codecsmodule.o  Modules/_collectionsmodule.o  Modules/errnomodule.o  Modules/_io/_iomodule.o Modules/_io/iobase.o Modules/_io/fileio.o Modules/_io/bytesio.o Modules/_io/bufferedio.o Modules/_io/textio.o Modules/_io/stringio.o  Modules/itertoolsmodule.o  Modules/_sre/sre.o  Modules/_threadmodule.o  Modules/timemodule.o  Modules/_weakref.o  Modules/_abc.o  Modules/_functoolsmodule.o  Modules/_localemodule.o  Modules/_operator.o  Modules/_stat.o  Modules/symtablemodule.o  Modules/pwdmodule.o  Modules/xxsubtype.o -ldl                         -lm
build	Forge APK (Verbose)	2026-02-24T01:19:38.7319943Z [1m[90m[DEBUG][39m[0m:   	./Programs/_freeze_module importlib._bootstrap /home/runner/work/APEXYX_ORI_AI/APEXYX_ORI_AI/.buildozer/android/platform/build-arm64-v8a/build/other_builds/hostpython3/desktop/hostpython3/Lib/importlib/_bootstrap.py Python/frozen_modules/importlib._bootstrap.h
build	Forge APK (Verbose)	2026-02-24T01:19:38.7569752Z [1m[90m[DEBUG][39m[0m:   	./Programs/_freeze_module importlib._bootstrap_external /home/runner/work/APEXYX_ORI_AI/APEXYX_ORI_AI/.buildozer/android/platform/build-arm64-v8a/build/other_builds/hostpython3/desktop/hostpython3/Lib/importlib/_bootstrap_external.py Python/frozen_modules/importlib._bootstrap_external.h
build	Forge APK (Verbose)	2026-02-24T01:19:38.7849809Z [1m[90m[DEBUG][39m[0m:   	./Programs/_freeze_module getpath /home/runner/work/APEXYX_ORI_AI/APEXYX_ORI_AI/.buildozer/android/platform/build-arm64-v8a/build/other_builds/hostpython3/desktop/hostpython3/Modules/getpath.py Python/frozen_modules/getpath.h
build	Forge APK (Verbose)	2026-02-24T01:19:38.7964747Z [1m[90m[DEBUG][39m[0m:   	./Programs/_freeze_module zipimport /home/runner/work/APEXYX_ORI_AI/APEXYX_ORI_AI/.buildozer/android/platform/build-arm64-v8a/build/other_builds/hostpython3/desktop/hostpython3/Lib/zipimport.py Python/frozen_modules/zipimport.h
build	Forge APK (Verbose)	2026-02-24T01:19:38.8127707Z [1m[90m[DEBUG][39m[0m:   	gcc -c -Wsign-compare -DNDEBUG -g -fwrapv -O3 -Wall    -std=c11 -Wextra -Wno-unused-parameter -Wno-missing-field-initializers -Werror=implicit-function-declaration -fvisibility=hidden  -I/home/runner/work/APEXYX_ORI_AI/APEXYX_ORI_AI/.buildozer/android/platform/build-arm64-v8a/build/other_builds/hostpython3/desktop/hostpython3/Include/internal -IObjects -IInclude -IPython -I. -I/home/runner/work/APEXYX_ORI_AI/APEXYX_ORI_AI/.buildozer/android/platform/build-arm64-v8a/build/other_builds/hostpython3/desktop/hostpython3/Include    -DPy_BUILD_CORE -o Programs/_bootstrap_python.o /home/runner/work/APEXYX_ORI_AI/APEXYX_ORI_AI/.buildozer/android/platform/build-arm64-v8a/build/other_builds/hostpython3/desktop/hostpython3/Programs/_bootstrap_python.c
build	Forge APK (Verbose)	2026-02-24T01:19:39.1165788Z [1m[90m[DEBUG][39m[0m:   	gcc -c -Wsign-compare -DNDEBUG -g -fwrapv -O3 -Wall    -std=c11 -Wextra -Wno-unused-parameter -Wno-missing-field-initializers -Werror=implicit-function-declaration -fvisibility=hidden  -I/home/runner/work/APEXYX_ORI_AI/APEXYX_ORI_AI/.buildozer/android/platform/build-arm64-v8a/build/other_builds/hostpython3/desktop/hostpython3/Include/internal -IObjects -IInclude -IPython -I. -I/home/runner/work/APEXYX_ORI_AI/APEXYX_ORI_AI/.buildozer/android/platform/build-arm64-v8a/build/other_builds/hostpython3/desktop/hostpython3/Include    -DPy_BUILD_CORE -DPYTHONPATH='""' \
build	Forge APK (Verbose)	2026-02-24T01:19:39.1170908Z [1m[90m[DEBUG][39m[0m:   		-DPREFIX='"/usr/local"' \
build	Forge APK (Verbose)	2026-02-24T01:19:39.1172142Z [1m[90m[DEBUG][39m[0m:   		-DEXEC_PREFIX='"/usr/local"' \
build	Forge APK (Verbose)	2026-02-24T01:19:39.1172904Z [1m[90m[DEBUG][39m[0m:   		-DVERSION='"3.11"' \
build	Forge APK (Verbose)	2026-02-24T01:19:39.1174473Z [1m[90m[DEBUG][39m[0m:   		-DVPATH='"/home/runner/work/APEXYX_ORI_AI/APEXYX_ORI_AI/.buildozer/android/platform/build-arm64-v8a/build/other_builds/hostpython3/desktop/hostpython3"' \
build	Forge APK (Verbose)	2026-02-24T01:19:39.1175950Z [1m[90m[DEBUG][39m[0m:   		-DPLATLIBDIR='"lib"' \
build	Forge APK (Verbose)	2026-02-24T01:19:39.1176577Z [1m[90m[DEBUG][39m[0m:   		-DPYTHONFRAMEWORK='""' \
build	Forge APK (Verbose)	2026-02-24T01:19:39.1178305Z [1m[90m[DEBUG][39m[0m:   		-o Modules/getpath.o /home/runner/work/APEXYX_ORI_AI/APEXYX_ORI_AI/.buildozer/android/platform/build-arm64-v8a/build/other_builds/hostpython3/desktop/hostpython3/Modules/getpath.c
build	Forge APK (Verbose)	2026-02-24T01:19:39.5088099Z [1m[90m[DEBUG][39m[0m:   	gcc     -o _bootstrap_python Modules/getbuildinfo.o Parser/token.o  Parser/pegen.o Parser/pegen_errors.o Parser/action_helpers.o Parser/parser.o Parser/string_parser.o Parser/peg_api.o Parser/myreadline.o Parser/tokenizer.o Objects/abstract.o Objects/accu.o Objects/boolobject.o Objects/bytes_methods.o Objects/bytearrayobject.o Objects/bytesobject.o Objects/call.o Objects/capsule.o Objects/cellobject.o Objects/classobject.o Objects/codeobject.o Objects/complexobject.o Objects/descrobject.o Objects/enumobject.o Objects/exceptions.o Objects/genericaliasobject.o Objects/genobject.o Objects/fileobject.o Objects/floatobject.o Objects/frameobject.o Objects/funcobject.o Objects/interpreteridobject.o Objects/iterobject.o Objects/listobject.o Objects/longobject.o Objects/dictobject.o Objects/odictobject.o Objects/memoryobject.o Objects/methodobject.o Objects/moduleobject.o Objects/namespaceobject.o Objects/object.o Objects/obmalloc.o Objects/picklebufobject.o Objects/rangeobject.o Objects/setobject.o Objects/sliceobject.o Objects/structseq.o Objects/tupleobject.o Objects/typeobject.o Objects/unicodeobject.o Objects/unicodectype.o Objects/unionobject.o Objects/weakrefobject.o Python/_warnings.o Python/Python-ast.o Python/Python-tokenize.o Python/asdl.o Python/ast.o Python/ast_opt.o Python/ast_unparse.o Python/bltinmodule.o Python/ceval.o Python/codecs.o Python/compile.o Python/context.o Python/dynamic_annotations.o Python/errors.o Python/frame.o Python/frozenmain.o Python/future.o Python/getargs.o Python/getcompiler.o Python/getcopyright.o Python/getplatform.o Python/getversion.o Python/hamt.o Python/hashtable.o Python/import.o Python/importdl.o Python/initconfig.o Python/marshal.o Python/modsupport.o Python/mysnprintf.o Python/mystrtoul.o Python/pathconfig.o Python/preconfig.o Python/pyarena.o Python/pyctype.o Python/pyfpe.o Python/pyhash.o Python/pylifecycle.o Python/pymath.o Python/pystate.o Python/pythonrun.o Python/pytime.o Python/bootstrap_hash.o Python/specialize.o Python/structmember.o Python/symtable.o Python/sysmodule.o Python/thread.o Python/traceback.o Python/getopt.o Python/pystrcmp.o Python/pystrtod.o Python/pystrhex.o Python/dtoa.o Python/formatter_unicode.o Python/fileutils.o Python/suggestions.o Python/dynload_shlib.o     Modules/config.o Modules/main.o Modules/gcmodule.o Modules/atexitmodule.o  Modules/faulthandler.o  Modules/posixmodule.o  Modules/signalmodule.o  Modules/_tracemalloc.o  Modules/_codecsmodule.o  Modules/_collectionsmodule.o  Modules/errnomodule.o  Modules/_io/_iomodule.o Modules/_io/iobase.o Modules/_io/fileio.o Modules/_io/bytesio.o Modules/_io/bufferedio.o Modules/_io/textio.o Modules/_io/stringio.o  Modules/itertoolsmodule.o  Modules/_sre/sre.o  Modules/_threadmodule.o  Modules/timemodule.o  Modules/_weakref.o  Modules/_abc.o  Modules/_functoolsmodule.o  Modules/_localemodule.o  Modules/_operator.o  Modules/_stat.o  Modules/symtablemodule.o  Modules/pwdmodule.o  Modules/xxsubtype.o \
build	Forge APK (Verbose)	2026-02-24T01:19:39.5150476Z [1m[90m[DEBUG][39m[0m:   		Programs/_bootstrap_python.o Modules/getpath.o -ldl                         -lm
build	Forge APK (Verbose)	2026-02-24T01:19:39.7453765Z [1m[90m[DEBUG][39m[0m:   	./_bootstrap_python /home/runner/work/APEXYX_ORI_AI/APEXYX_ORI_AI/.buildozer/android/platform/build-arm64-v8a/build/other_builds/hostpython3/desktop/hostpython3/Programs/_freeze_module.py abc /home/runner/work/APEXYX_ORI_AI/APEXYX_ORI_AI/.buildozer/android/platform/build-arm64-v8a/build/other_builds/hostpython3/desktop/hostpython3/Lib/abc.py Python/frozen_modules/abc.h
build	Forge APK (Verbose)	2026-02-24T01:19:39.7498101Z [1m[90m[DEBUG][39m[0m:   	./_bootstrap_python /home/runner/work/APEXYX_ORI_AI/APEXYX_ORI_AI/.buildozer/android/platform/build-arm64-v8a/build/other_builds/hostpython3/desktop/hostpython3/Programs/_freeze_module.py codecs /home/runner/work/APEXYX_ORI_AI/APEXYX_ORI_AI/.buildozer/android/platform/build-arm64-v8a/build/other_builds/hostpython3/desktop/hostpython3/Lib/codecs.py Python/frozen_modules/codecs.h
build	Forge APK (Verbose)	2026-02-24T01:19:39.8237290Z [1m[90m[DEBUG][39m[0m:   	./_bootstrap_python /home/runner/work/APEXYX_ORI_AI/APEXYX_ORI_AI/.buildozer/android/platform/build-arm64-v8a/build/other_builds/hostpython3/desktop/hostpython3/Programs/_freeze_module.py io /home/runner/work/APEXYX_ORI_AI/APEXYX_ORI_AI/.buildozer/android/platform/build-arm64-v8a/build/other_builds/hostpython3/desktop/hostpython3/Lib/io.py Python/frozen_modules/io.h
build	Forge APK (Verbose)	2026-02-24T01:19:39.8378471Z [1m[90m[DEBUG][39m[0m:   	./_bootstrap_python /home/runner/work/APEXYX_ORI_AI/APEXYX_ORI_AI/.buildozer/android/platform/build-arm64-v8a/build/other_builds/hostpython3/desktop/hostpython3/Programs/_freeze_module.py _collections_abc /home/runner/work/APEXYX_ORI_AI/APEXYX_ORI_AI/.buildozer/android/platform/build-arm64-v8a/build/other_builds/hostpython3/desktop/hostpython3/Lib/_collections_abc.py Python/frozen_modules/_collections_abc.h
build	Forge APK (Verbose)	2026-02-24T01:19:39.8488123Z [1m[90m[DEBUG][39m[0m:   	./_bootstrap_python /home/runner/work/APEXYX_ORI_AI/APEXYX_ORI_AI/.buildozer/android/platform/build-arm64-v8a/build/other_builds/hostpython3/desktop/hostpython3/Programs/_freeze_module.py _sitebuiltins /home/runner/work/APEXYX_ORI_AI/APEXYX_ORI_AI/.buildozer/android/platform/build-arm64-v8a/build/other_builds/hostpython3/desktop/hostpython3/Lib/_sitebuiltins.py Python/frozen_modules/_sitebuiltins.h
build	Forge APK (Verbose)	2026-02-24T01:19:39.8712356Z [1m[90m[DEBUG][39m[0m:   	./_bootstrap_python /home/runner/work/APEXYX_ORI_AI/APEXYX_ORI_AI/.buildozer/android/platform/build-arm64-v8a/build/other_builds/hostpython3/desktop/hostpython3/Programs/_freeze_module.py genericpath /home/runner/work/APEXYX_ORI_AI/APEXYX_ORI_AI/.buildozer/android/platform/build-arm64-v8a/build/other_builds/hostpython3/desktop/hostpython3/Lib/genericpath.py Python/frozen_modules/genericpath.h
build	Forge APK (Verbose)	2026-02-24T01:19:39.8877815Z [1m[90m[DEBUG][39m[0m:   	./_bootstrap_python /home/runner/work/APEXYX_ORI_AI/APEXYX_ORI_AI/.buildozer/android/platform/build-arm64-v8a/build/other_builds/hostpython3/desktop/hostpython3/Programs/_freeze_module.py ntpath /home/runner/work/APEXYX_ORI_AI/APEXYX_ORI_AI/.buildozer/android/platform/build-arm64-v8a/build/other_builds/hostpython3/desktop/hostpython3/Lib/ntpath.py Python/frozen_modules/ntpath.h
build	Forge APK (Verbose)	2026-02-24T01:19:39.8888213Z [1m[90m[DEBUG][39m[0m:   	./_bootstrap_python /home/runner/work/APEXYX_ORI_AI/APEXYX_ORI_AI/.buildozer/android/platform/build-arm64-v8a/build/other_builds/hostpython3/desktop/hostpython3/Programs/_freeze_module.py posixpath /home/runner/work/APEXYX_ORI_AI/APEXYX_ORI_AI/.buildozer/android/platform/build-arm64-v8a/build/other_builds/hostpython3/desktop/hostpython3/Lib/posixpath.py Python/frozen_modules/posixpath.h
build	Forge APK (Verbose)	2026-02-24T01:19:39.8948001Z [1m[90m[DEBUG][39m[0m:   	./_bootstrap_python /home/runner/work/APEXYX_ORI_AI/APEXYX_ORI_AI/.buildozer/android/platform/build-arm64-v8a/build/other_builds/hostpython3/desktop/hostpython3/Programs/_freeze_module.py os /home/runner/work/APEXYX_ORI_AI/APEXYX_ORI_AI/.buildozer/android/platform/build-arm64-v8a/build/other_builds/hostpython3/desktop/hostpython3/Lib/os.py Python/frozen_modules/os.h
build	Forge APK (Verbose)	2026-02-24T01:19:39.9199546Z [1m[90m[DEBUG][39m[0m:   	./_bootstrap_python /home/runner/work/APEXYX_ORI_AI/APEXYX_ORI_AI/.buildozer/android/platform/build-arm64-v8a/build/other_builds/hostpython3/desktop/hostpython3/Programs/_freeze_module.py site /home/runner/work/APEXYX_ORI_AI/APEXYX_ORI_AI/.buildozer/android/platform/build-arm64-v8a/build/other_builds/hostpython3/desktop/hostpython3/Lib/site.py Python/frozen_modules/site.h
build	Forge APK (Verbose)	2026-02-24T01:19:39.9277044Z [1m[90m[DEBUG][39m[0m:   	./_bootstrap_python /home/runner/work/APEXYX_ORI_AI/APEXYX_ORI_AI/.buildozer/android/platform/build-arm64-v8a/build/other_builds/hostpython3/desktop/hostpython3/Programs/_freeze_module.py stat /home/runner/work/APEXYX_ORI_AI/APEXYX_ORI_AI/.buildozer/android/platform/build-arm64-v8a/build/other_builds/hostpython3/desktop/hostpython3/Lib/stat.py Python/frozen_modules/stat.h
build	Forge APK (Verbose)	2026-02-24T01:19:39.9419609Z [1m[90m[DEBUG][39m[0m:   	./_bootstrap_python /home/runner/work/APEXYX_ORI_AI/APEXYX_ORI_AI/.buildozer/android/platform/build-arm64-v8a/build/other_builds/hostpython3/desktop/hostpython3/Programs/_freeze_module.py importlib.util /home/runner/work/APEXYX_ORI_AI/APEXYX_ORI_AI/.buildozer/android/platform/build-arm64-v8a/build/other_builds/hostpython3/desktop/hostpython3/Lib/importlib/util.py Python/frozen_modules/importlib.util.h
build	Forge APK (Verbose)	2026-02-24T01:19:39.9463845Z [1m[90m[DEBUG][39m[0m:   	./_bootstrap_python /home/runner/work/APEXYX_ORI_AI/APEXYX_ORI_AI/.buildozer/android/platform/build-arm64-v8a/build/other_builds/hostpython3/desktop/hostpython3/Programs/_freeze_module.py importlib.machinery /home/runner/work/APEXYX_ORI_AI/APEXYX_ORI_AI/.buildozer/android/platform/build-arm64-v8a/build/other_builds/hostpython3/desktop/hostpython3/Lib/importlib/machinery.py Python/frozen_modules/importlib.machinery.h
build	Forge APK (Verbose)	2026-02-24T01:19:39.9559669Z [1m[90m[DEBUG][39m[0m:   	./_bootstrap_python /home/runner/work/APEXYX_ORI_AI/APEXYX_ORI_AI/.buildozer/android/platform/build-arm64-v8a/build/other_builds/hostpython3/desktop/hostpython3/Programs/_freeze_module.py runpy /home/runner/work/APEXYX_ORI_AI/APEXYX_ORI_AI/.buildozer/android/platform/build-arm64-v8a/build/other_builds/hostpython3/desktop/hostpython3/Lib/runpy.py Python/frozen_modules/runpy.h
build	Forge APK (Verbose)	2026-02-24T01:19:39.9676036Z [1m[90m[DEBUG][39m[0m:   	./_bootstrap_python /home/runner/work/APEXYX_ORI_AI/APEXYX_ORI_AI/.buildozer/android/platform/build-arm64-v8a/build/other_builds/hostpython3/desktop/hostpython3/Programs/_freeze_module.py __hello__ /home/runner/work/APEXYX_ORI_AI/APEXYX_ORI_AI/.buildozer/android/platform/build-arm64-v8a/build/other_builds/hostpython3/desktop/hostpython3/Lib/__hello__.py Python/frozen_modules/__hello__.h
build	Forge APK (Verbose)	2026-02-24T01:19:39.9697340Z [1m[90m[DEBUG][39m[0m:   	./_bootstrap_python /home/runner/work/APEXYX_ORI_AI/APEXYX_ORI_AI/.buildozer/android/platform/build-arm64-v8a/build/other_builds/hostpython3/desktop/hostpython3/Programs/_freeze_module.py __phello__ /home/runner/work/APEXYX_ORI_AI/APEXYX_ORI_AI/.buildozer/android/platform/build-arm64-v8a/build/other_builds/hostpython3/desktop/hostpython3/Lib/__phello__/__init__.py Python/frozen_modules/__phello__.h
build	Forge APK (Verbose)	2026-02-24T01:19:39.9840495Z [1m[90m[DEBUG][39m[0m:   	./_bootstrap_python /home/runner/work/APEXYX_ORI_AI/APEXYX_ORI_AI/.buildozer/android/platform/build-arm64-v8a/build/other_builds/hostpython3/desktop/hostpython3/Programs/_freeze_module.py __phello__.ham /home/runner/work/APEXYX_ORI_AI/APEXYX_ORI_AI/.buildozer/android/platform/build-arm64-v8a/build/other_builds/hostpython3/desktop/hostpython3/Lib/__phello__/ham/__init__.py Python/frozen_modules/__phello__.ham.h
build	Forge APK (Verbose)	2026-02-24T01:19:39.9898089Z [1m[90m[DEBUG][39m[0m:   	./_bootstrap_python /home/runner/work/APEXYX_ORI_AI/APEXYX_ORI_AI/.buildozer/android/platform/build-arm64-v8a/build/other_builds/hostpython3/desktop/hostpython3/Programs/_freeze_module.py __phello__.ham.eggs /home/runner/work/APEXYX_ORI_AI/APEXYX_ORI_AI/.buildozer/android/platform/build-arm64-v8a/build/other_builds/hostpython3/desktop/hostpython3/Lib/__phello__/ham/eggs.py Python/frozen_modules/__phello__.ham.eggs.h
build	Forge APK (Verbose)	2026-02-24T01:19:39.9919818Z [1m[90m[DEBUG][39m[0m:   	./_bootstrap_python /home/runner/work/APEXYX_ORI_AI/APEXYX_ORI_AI/.buildozer/android/platform/build-arm64-v8a/build/other_builds/hostpython3/desktop/hostpython3/Programs/_freeze_module.py __phello__.spam /home/runner/work/APEXYX_ORI_AI/APEXYX_ORI_AI/.buildozer/android/platform/build-arm64-v8a/build/other_builds/hostpython3/desktop/hostpython3/Lib/__phello__/spam.py Python/frozen_modules/__phello__.spam.h
build	Forge APK (Verbose)	2026-02-24T01:19:40.0050415Z [1m[90m[DEBUG][39m[0m:   	./_bootstrap_python /home/runner/work/APEXYX_ORI_AI/APEXYX_ORI_AI/.buildozer/android/platform/build-arm64-v8a/build/other_builds/hostpython3/desktop/hostpython3/Programs/_freeze_module.py frozen_only /home/runner/work/APEXYX_ORI_AI/APEXYX_ORI_AI/.buildozer/android/platform/build-arm64-v8a/build/other_builds/hostpython3/desktop/hostpython3/Tools/freeze/flag.py Python/frozen_modules/frozen_only.h
build	Forge APK (Verbose)	2026-02-24T01:19:40.0117029Z [1m[90m[DEBUG][39m[0m:   	rm -f Modules/expat/libexpat.a
build	Forge APK (Verbose)	2026-02-24T01:19:40.0123710Z [1m[90m[DEBUG][39m[0m:   	ar rcs Modules/expat/libexpat.a Modules/expat/xmlparse.o Modules/expat/xmlrole.o Modules/expat/xmltok.o
build	Forge APK (Verbose)	2026-02-24T01:19:40.0257084Z [1m[90m[DEBUG][39m[0m:   	./_bootstrap_python /home/runner/work/APEXYX_ORI_AI/APEXYX_ORI_AI/.buildozer/android/platform/build-arm64-v8a/build/other_builds/hostpython3/desktop/hostpython3/Tools/scripts/deepfreeze.py \
build	Forge APK (Verbose)	2026-02-24T01:19:40.0259413Z [1m[90m[DEBUG][39m[0m:   	Python/frozen_modules/importlib._bootstrap.h:importlib._bootstrap \
build	Forge APK (Verbose)	2026-02-24T01:19:40.0261066Z [1m[90m[DEBUG][39m[0m:   	Python/frozen_modules/importlib._bootstrap_external.h:importlib._bootstrap_external \
build	Forge APK (Verbose)	2026-02-24T01:19:40.0275133Z [1m[90m[DEBUG][39m[0m:   	Python/frozen_modules/zipimport.h:zipimport \
build	Forge APK (Verbose)	2026-02-24T01:19:40.0277313Z [1m[90m[DEBUG][39m[0m:   	Python/frozen_modules/abc.h:abc \
build	Forge APK (Verbose)	2026-02-24T01:19:40.0278302Z [1m[90m[DEBUG][39m[0m:   	Python/frozen_modules/codecs.h:codecs \
build	Forge APK (Verbose)	2026-02-24T01:19:40.0280401Z [1m[90m[DEBUG][39m[0m:   	Python/frozen_modules/io.h:io \
build	Forge APK (Verbose)	2026-02-24T01:19:40.0286193Z [1m[90m[DEBUG][39m[0m:   	Python/frozen_modules/_collections_abc.h:_collections_abc \
build	Forge APK (Verbose)	2026-02-24T01:19:40.0287286Z [1m[90m[DEBUG][39m[0m:   	Python/frozen_modules/_sitebuiltins.h:_sitebuiltins \
build	Forge APK (Verbose)	2026-02-24T01:19:40.0288329Z [1m[90m[DEBUG][39m[0m:   	Python/frozen_modules/genericpath.h:genericpath \
build	Forge APK (Verbose)	2026-02-24T01:19:40.0289205Z [1m[90m[DEBUG][39m[0m:   	Python/frozen_modules/ntpath.h:ntpath \
build	Forge APK (Verbose)	2026-02-24T01:19:40.0290322Z [1m[90m[DEBUG][39m[0m:   	Python/frozen_modules/posixpath.h:posixpath \
build	Forge APK (Verbose)	2026-02-24T01:19:40.0291351Z [1m[90m[DEBUG][39m[0m:   	Python/frozen_modules/os.h:os \
build	Forge APK (Verbose)	2026-02-24T01:19:40.0292081Z [1m[90m[DEBUG][39m[0m:   	Python/frozen_modules/site.h:site \
build	Forge APK (Verbose)	2026-02-24T01:19:40.0292875Z [1m[90m[DEBUG][39m[0m:   	Python/frozen_modules/stat.h:stat \
build	Forge APK (Verbose)	2026-02-24T01:19:40.0293766Z [1m[90m[DEBUG][39m[0m:   	Python/frozen_modules/importlib.util.h:importlib.util \
build	Forge APK (Verbose)	2026-02-24T01:19:40.0294870Z [1m[90m[DEBUG][39m[0m:   	Python/frozen_modules/importlib.machinery.h:importlib.machinery \
build	Forge APK (Verbose)	2026-02-24T01:19:40.0295829Z [1m[90m[DEBUG][39m[0m:   	Python/frozen_modules/runpy.h:runpy \
build	Forge APK (Verbose)	2026-02-24T01:19:40.0296634Z [1m[90m[DEBUG][39m[0m:   	Python/frozen_modules/__hello__.h:__hello__ \
build	Forge APK (Verbose)	2026-02-24T01:19:40.0297745Z [1m[90m[DEBUG][39m[0m:   	Python/frozen_modules/__phello__.h:__phello__ \
build	Forge APK (Verbose)	2026-02-24T01:19:40.0298645Z [1m[90m[DEBUG][39m[0m:   	Python/frozen_modules/__phello__.ham.h:__phello__.ham \
build	Forge APK (Verbose)	2026-02-24T01:19:40.0299707Z [1m[90m[DEBUG][39m[0m:   	Python/frozen_modules/__phello__.ham.eggs.h:__phello__.ham.eggs \
build	Forge APK (Verbose)	2026-02-24T01:19:40.0300998Z [1m[90m[DEBUG][39m[0m:   	Python/frozen_modules/__phello__.spam.h:__phello__.spam \
build	Forge APK (Verbose)	2026-02-24T01:19:40.0301945Z [1m[90m[DEBUG][39m[0m:   	Python/frozen_modules/frozen_only.h:frozen_only \
build	Forge APK (Verbose)	2026-02-24T01:19:40.0302783Z [1m[90m[DEBUG][39m[0m:   	-o Python/deepfreeze/deepfreeze.c
build	Forge APK (Verbose)	2026-02-24T01:19:40.0308728Z [1m[90m[DEBUG][39m[0m:   	gcc -c -Wsign-compare -DNDEBUG -g -fwrapv -O3 -Wall    -std=c11 -Wextra -Wno-unused-parameter -Wno-missing-field-initializers -Werror=implicit-function-declaration -fvisibility=hidden  -I/home/runner/work/APEXYX_ORI_AI/APEXYX_ORI_AI/.buildozer/android/platform/build-arm64-v8a/build/other_builds/hostpython3/desktop/hostpython3/Include/internal -IObjects -IInclude -IPython -I. -I/home/runner/work/APEXYX_ORI_AI/APEXYX_ORI_AI/.buildozer/android/platform/build-arm64-v8a/build/other_builds/hostpython3/desktop/hostpython3/Include    -DPy_BUILD_CORE -o Python/frozen.o /home/runner/work/APEXYX_ORI_AI/APEXYX_ORI_AI/.buildozer/android/platform/build-arm64-v8a/build/other_builds/hostpython3/desktop/hostpython3/Python/frozen.c
build	Forge APK (Verbose)	2026-02-24T01:19:40.1432492Z [1m[90m[DEBUG][39m[0m:   	rm -f Modules/_decimal/libmpdec/libmpdec.a
build	Forge APK (Verbose)	2026-02-24T01:19:40.1443904Z [1m[90m[DEBUG][39m[0m:   	ar rcs Modules/_decimal/libmpdec/libmpdec.a Modules/_decimal/libmpdec/basearith.o Modules/_decimal/libmpdec/constants.o Modules/_decimal/libmpdec/context.o Modules/_decimal/libmpdec/convolute.o Modules/_decimal/libmpdec/crt.o Modules/_decimal/libmpdec/difradix2.o Modules/_decimal/libmpdec/fnt.o Modules/_decimal/libmpdec/fourstep.o Modules/_decimal/libmpdec/io.o Modules/_decimal/libmpdec/mpalloc.o Modules/_decimal/libmpdec/mpdecimal.o Modules/_decimal/libmpdec/numbertheory.o Modules/_decimal/libmpdec/sixstep.o Modules/_decimal/libmpdec/transpose.o
build	Forge APK (Verbose)	2026-02-24T01:19:42.7111814Z [1m[90m[DEBUG][39m[0m:   	Note: Deepfreeze may have added some global objects,
build	Forge APK (Verbose)	2026-02-24T01:19:42.7116862Z [1m[90m[DEBUG][39m[0m:   	      so run 'make regen-global-objects' if necessary.
build	Forge APK (Verbose)	2026-02-24T01:19:42.7124771Z [1m[90m[DEBUG][39m[0m:   	gcc -c -Wsign-compare -DNDEBUG -g -fwrapv -O3 -Wall    -std=c11 -Wextra -Wno-unused-parameter -Wno-missing-field-initializers -Werror=implicit-function-declaration -fvisibility=hidden  -I/home/runner/work/APEXYX_ORI_AI/APEXYX_ORI_AI/.buildozer/android/platform/build-arm64-v8a/build/other_builds/hostpython3/desktop/hostpython3/Include/internal -IObjects -IInclude -IPython -I. -I/home/runner/work/APEXYX_ORI_AI/APEXYX_ORI_AI/.buildozer/android/platform/build-arm64-v8a/build/other_builds/hostpython3/desktop/hostpython3/Include    -DPy_BUILD_CORE -o Python/deepfreeze/deepfreeze.o Python/deepfreeze/deepfreeze.c
build	Forge APK (Verbose)	2026-02-24T01:19:44.1384570Z [1m[90m[DEBUG][39m[0m:   	rm -f libpython3.11.a
build	Forge APK (Verbose)	2026-02-24T01:19:44.1406807Z [1m[90m[DEBUG][39m[0m:   	ar rcs libpython3.11.a Modules/getbuildinfo.o Parser/token.o  Parser/pegen.o Parser/pegen_errors.o Parser/action_helpers.o Parser/parser.o Parser/string_parser.o Parser/peg_api.o Parser/myreadline.o Parser/tokenizer.o Objects/abstract.o Objects/accu.o Objects/boolobject.o Objects/bytes_methods.o Objects/bytearrayobject.o Objects/bytesobject.o Objects/call.o Objects/capsule.o Objects/cellobject.o Objects/classobject.o Objects/codeobject.o Objects/complexobject.o Objects/descrobject.o Objects/enumobject.o Objects/exceptions.o Objects/genericaliasobject.o Objects/genobject.o Objects/fileobject.o Objects/floatobject.o Objects/frameobject.o Objects/funcobject.o Objects/interpreteridobject.o Objects/iterobject.o Objects/listobject.o Objects/longobject.o Objects/dictobject.o Objects/odictobject.o Objects/memoryobject.o Objects/methodobject.o Objects/moduleobject.o Objects/namespaceobject.o Objects/object.o Objects/obmalloc.o Objects/picklebufobject.o Objects/rangeobject.o Objects/setobject.o Objects/sliceobject.o Objects/structseq.o Objects/tupleobject.o Objects/typeobject.o Objects/unicodeobject.o Objects/unicodectype.o Objects/unionobject.o Objects/weakrefobject.o Python/_warnings.o Python/Python-ast.o Python/Python-tokenize.o Python/asdl.o Python/ast.o Python/ast_opt.o Python/ast_unparse.o Python/bltinmodule.o Python/ceval.o Python/codecs.o Python/compile.o Python/context.o Python/dynamic_annotations.o Python/errors.o Python/frame.o Python/frozenmain.o Python/future.o Python/getargs.o Python/getcompiler.o Python/getcopyright.o Python/getplatform.o Python/getversion.o Python/hamt.o Python/hashtable.o Python/import.o Python/importdl.o Python/initconfig.o Python/marshal.o Python/modsupport.o Python/mysnprintf.o Python/mystrtoul.o Python/pathconfig.o Python/preconfig.o Python/pyarena.o Python/pyctype.o Python/pyfpe.o Python/pyhash.o Python/pylifecycle.o Python/pymath.o Python/pystate.o Python/pythonrun.o Python/pytime.o Python/bootstrap_hash.o Python/specialize.o Python/structmember.o Python/symtable.o Python/sysmodule.o Python/thread.o Python/traceback.o Python/getopt.o Python/pystrcmp.o Python/pystrtod.o Python/pystrhex.o Python/dtoa.o Python/formatter_unicode.o Python/fileutils.o Python/suggestions.o Python/dynload_shlib.o     Modules/config.o Modules/main.o Modules/gcmodule.o Modules/atexitmodule.o  Modules/faulthandler.o  Modules/posixmodule.o  Modules/signalmodule.o  Modules/_tracemalloc.o  Modules/_codecsmodule.o  Modules/_collectionsmodule.o  Modules/errnomodule.o  Modules/_io/_iomodule.o Modules/_io/iobase.o Modules/_io/fileio.o Modules/_io/bytesio.o Modules/_io/bufferedio.o Modules/_io/textio.o Modules/_io/stringio.o  Modules/itertoolsmodule.o  Modules/_sre/sre.o  Modules/_threadmodule.o  Modules/timemodule.o  Modules/_weakref.o  Modules/_abc.o  Modules/_functoolsmodule.o  Modules/_localemodule.o  Modules/_operator.o  Modules/_stat.o  Modules/symtablemodule.o  Modules/pwdmodule.o  Modules/xxsubtype.o Python/deepfreeze/deepfreeze.o Modules/getpath.o Python/frozen.o
build	Forge APK (Verbose)	2026-02-24T01:19:44.3335748Z [1m[90m[DEBUG][39m[0m:   	gcc     -Xlinker -export-dynamic -o python Programs/python.o Modules/getbuildinfo.o Parser/token.o  Parser/pegen.o Parser/pegen_errors.o Parser/action_helpers.o Parser/parser.o Parser/string_parser.o Parser/peg_api.o Parser/myreadline.o Parser/tokenizer.o Objects/abstract.o Objects/accu.o Objects/boolobject.o Objects/bytes_methods.o Objects/bytearrayobject.o Objects/bytesobject.o Objects/call.o Objects/capsule.o Objects/cellobject.o Objects/classobject.o Objects/codeobject.o Objects/complexobject.o Objects/descrobject.o Objects/enumobject.o Objects/exceptions.o Objects/genericaliasobject.o Objects/genobject.o Objects/fileobject.o Objects/floatobject.o Objects/frameobject.o Objects/funcobject.o Objects/interpreteridobject.o Objects/iterobject.o Objects/listobject.o Objects/longobject.o Objects/dictobject.o Objects/odictobject.o Objects/memoryobject.o Objects/methodobject.o Objects/moduleobject.o Objects/namespaceobject.o Objects/object.o Objects/obmalloc.o Objects/picklebufobject.o Objects/rangeobject.o Objects/setobject.o Objects/sliceobject.o Objects/structseq.o Objects/tupleobject.o Objects/typeobject.o Objects/unicodeobject.o Objects/unicodectype.o Objects/unionobject.o Objects/weakrefobject.o Python/_warnings.o Python/Python-ast.o Python/Python-tokenize.o Python/asdl.o Python/ast.o Python/ast_opt.o Python/ast_unparse.o Python/bltinmodule.o Python/ceval.o Python/codecs.o Python/compile.o Python/context.o Python/dynamic_annotations.o Python/errors.o Python/frame.o Python/frozenmain.o Python/future.o Python/getargs.o Python/getcompiler.o Python/getcopyright.o Python/getplatform.o Python/getversion.o Python/hamt.o Python/hashtable.o Python/import.o Python/importdl.o Python/initconfig.o Python/marshal.o Python/modsupport.o Python/mysnprintf.o Python/mystrtoul.o Python/pathconfig.o Python/preconfig.o Python/pyarena.o Python/pyctype.o Python/pyfpe.o Python/pyhash.o Python/pylifecycle.o Python/pymath.o Python/pystate.o Python/pythonrun.o Python/pytime.o Python/bootstrap_hash.o Python/specialize.o Python/structmember.o Python/symtable.o Python/sysmodule.o Python/thread.o Python/traceback.o Python/getopt.o Python/pystrcmp.o Python/pystrtod.o Python/pystrhex.o Python/dtoa.o Python/formatter_unicode.o Python/fileutils.o Python/suggestions.o Python/dynload_shlib.o     Modules/config.o Modules/main.o Modules/gcmodule.o Modules/atexitmodule.o  Modules/faulthandler.o  Modules/posixmodule.o  Modules/signalmodule.o  Modules/_tracemalloc.o  Modules/_codecsmodule.o  Modules/_collectionsmodule.o  Modules/errnomodule.o  Modules/_io/_iomodule.o Modules/_io/iobase.o Modules/_io/fileio.o Modules/_io/bytesio.o Modules/_io/bufferedio.o Modules/_io/textio.o Modules/_io/stringio.o  Modules/itertoolsmodule.o  Modules/_sre/sre.o  Modules/_threadmodule.o  Modules/timemodule.o  Modules/_weakref.o  Modules/_abc.o  Modules/_functoolsmodule.o  Modules/_localemodule.o  Modules/_operator.o  Modules/_stat.o  Modules/symtablemodule.o  Modules/pwdmodule.o  Modules/xxsubtype.o Python/deepfreeze/deepfreeze.o Modules/getpath.o Python/frozen.o -ldl                         -lm
build	Forge APK (Verbose)	2026-02-24T01:19:44.3371129Z [1m[90m[DEBUG][39m[0m:   	gcc     -Xlinker -export-dynamic -o Programs/_testembed Programs/_testembed.o Modules/getbuildinfo.o Parser/token.o  Parser/pegen.o Parser/pegen_errors.o Parser/action_helpers.o Parser/parser.o Parser/string_parser.o Parser/peg_api.o Parser/myreadline.o Parser/tokenizer.o Objects/abstract.o Objects/accu.o Objects/boolobject.o Objects/bytes_methods.o Objects/bytearrayobject.o Objects/bytesobject.o Objects/call.o Objects/capsule.o Objects/cellobject.o Objects/classobject.o Objects/codeobject.o Objects/complexobject.o Objects/descrobject.o Objects/enumobject.o Objects/exceptions.o Objects/genericaliasobject.o Objects/genobject.o Objects/fileobject.o Objects/floatobject.o Objects/frameobject.o Objects/funcobject.o Objects/interpreteridobject.o Objects/iterobject.o Objects/listobject.o Objects/longobject.o Objects/dictobject.o Objects/odictobject.o Objects/memoryobject.o Objects/methodobject.o Objects/moduleobject.o Objects/namespaceobject.o Objects/object.o Objects/obmalloc.o Objects/picklebufobject.o Objects/rangeobject.o Objects/setobject.o Objects/sliceobject.o Objects/structseq.o Objects/tupleobject.o Objects/typeobject.o Objects/unicodeobject.o Objects/unicodectype.o Objects/unionobject.o Objects/weakrefobject.o Python/_warnings.o Python/Python-ast.o Python/Python-tokenize.o Python/asdl.o Python/ast.o Python/ast_opt.o Python/ast_unparse.o Python/bltinmodule.o Python/ceval.o Python/codecs.o Python/compile.o Python/context.o Python/dynamic_annotations.o Python/errors.o Python/frame.o Python/frozenmain.o Python/future.o Python/getargs.o Python/getcompiler.o Python/getcopyright.o Python/getplatform.o Python/getversion.o Python/hamt.o Python/hashtable.o Python/import.o Python/importdl.o Python/initconfig.o Python/marshal.o Python/modsupport.o Python/mysnprintf.o Python/mystrtoul.o Python/pathconfig.o Python/preconfig.o Python/pyarena.o Python/pyctype.o Python/pyfpe.o Python/pyhash.o Python/pylifecycle.o Python/pymath.o Python/pystate.o Python/pythonrun.o Python/pytime.o Python/bootstrap_hash.o Python/specialize.o Python/structmember.o Python/symtable.o Python/sysmodule.o Python/thread.o Python/traceback.o Python/getopt.o Python/pystrcmp.o Python/pystrtod.o Python/pystrhex.o Python/dtoa.o Python/formatter_unicode.o Python/fileutils.o Python/suggestions.o Python/dynload_shlib.o     Modules/config.o Modules/main.o Modules/gcmodule.o Modules/atexitmodule.o  Modules/faulthandler.o  Modules/posixmodule.o  Modules/signalmodule.o  Modules/_tracemalloc.o  Modules/_codecsmodule.o  Modules/_collectionsmodule.o  Modules/errnomodule.o  Modules/_io/_iomodule.o Modules/_io/iobase.o Modules/_io/fileio.o Modules/_io/bytesio.o Modules/_io/bufferedio.o Modules/_io/textio.o Modules/_io/stringio.o  Modules/itertoolsmodule.o  Modules/_sre/sre.o  Modules/_threadmodule.o  Modules/timemodule.o  Modules/_weakref.o  Modules/_abc.o  Modules/_functoolsmodule.o  Modules/_localemodule.o  Modules/_operator.o  Modules/_stat.o  Modules/symtablemodule.o  Modules/pwdmodule.o  Modules/xxsubtype.o Python/deepfreeze/deepfreeze.o Modules/getpath.o Python/frozen.o -ldl                         -lm
build	Forge APK (Verbose)	2026-02-24T01:19:44.5304289Z [1m[90m[DEBUG][39m[0m:   	./python -E -S -m sysconfig --generate-posix-vars ;\
build	Forge APK (Verbose)	2026-02-24T01:19:44.5307835Z [1m[90m[DEBUG][39m[0m:   	if test $? -ne 0 ; then \
build	Forge APK (Verbose)	2026-02-24T01:19:44.5308627Z [1m[90m[DEBUG][39m[0m:   		echo "generate-posix-vars failed" ; \
build	Forge APK (Verbose)	2026-02-24T01:19:44.5309350Z [1m[90m[DEBUG][39m[0m:   		rm -f ./pybuilddir.txt ; \
build	Forge APK (Verbose)	2026-02-24T01:19:44.5309931Z [1m[90m[DEBUG][39m[0m:   		exit 1 ; \
build	Forge APK (Verbose)	2026-02-24T01:19:44.5310404Z [1m[90m[DEBUG][39m[0m:   	fi
build	Forge APK (Verbose)	2026-02-24T01:19:44.6233766Z [1m[90m[DEBUG][39m[0m:   	./python -E -c 'import sys ; from sysconfig import get_platform ; print("%s-%d.%d" % (get_platform(), *sys.version_info[:2]))' >platform
build	Forge APK (Verbose)	2026-02-24T01:19:44.6268113Z [1m[90m[DEBUG][39m[0m:   	 CC='gcc' LDSHARED='gcc -shared    ' OPT='-DNDEBUG -g -fwrapv -O3 -Wall' 	./python -E /home/runner/work/APEXYX_ORI_AI/APEXYX_ORI_AI/.buildozer/android/platform/build-arm64-v8a/build/other_builds/hostpython3/desktop/hostpython3/setup.py  build
build	Forge APK (Verbose)	2026-02-24T01:19:44.7725523Z [1m[90m[DEBUG][39m[0m:   	running build
build	Forge APK (Verbose)	2026-02-24T01:19:44.7726241Z [1m[90m[DEBUG][39m[0m:   	running build_ext
build	Forge APK (Verbose)	2026-02-24T01:19:44.8432099Z [1m[90m[DEBUG][39m[0m:   	building '_contextvars' extension
build	Forge APK (Verbose)	2026-02-24T01:19:44.8433293Z [1m[90m[DEBUG][39m[0m:   	building 'array' extension
build	Forge APK (Verbose)	2026-02-24T01:19:44.8442968Z [1m[90m[DEBUG][39m[0m:   	creating build/temp.linux-x86_64-3.11/home
build	Forge APK (Verbose)	2026-02-24T01:19:44.8443798Z [1m[90m[DEBUG][39m[0m:   	building 'cmath' extension
build	Forge APK (Verbose)	2026-02-24T01:19:44.8452617Z [1m[90m[DEBUG][39m[0m:   	building 'math' extension
build	Forge APK (Verbose)	2026-02-24T01:19:44.8454578Z [1m[90m[DEBUG][39m[0m:   	creating build/temp.linux-x86_64-3.11/home/runner
build	Forge APK (Verbose)	2026-02-24T01:19:44.8456086Z [1m[90m[DEBUG][39m[0m:   	creating build/temp.linux-x86_64-3.11/home/runner/work
build	Forge APK (Verbose)	2026-02-24T01:19:44.8457803Z [1m[90m[DEBUG][39m[0m:   	creating build/temp.linux-x86_64-3.11/home/runner/work
build	Forge APK (Verbose)	2026-02-24T01:19:44.8459460Z [1m[90m[DEBUG][39m[0m:   	creating build/temp.linux-x86_64-3.11/home/runner/work
build	Forge APK (Verbose)	2026-02-24T01:19:44.8461586Z [1m[90m[DEBUG][39m[0m:   	creating build/temp.linux-x86_64-3.11/home/runner/work/APEXYX_ORI_AI
build	Forge APK (Verbose)	2026-02-24T01:19:44.8462736Z [1m[90m[DEBUG][39m[0m:   	creating build/temp.linux-x86_64-3.11/home/runner/work/APEXYX_ORI_AI/APEXYX_ORI_AI
build	Forge APK (Verbose)	2026-02-24T01:19:44.8466540Z [1m[90m[DEBUG][39m[0m:   	creating build/temp.linux-x86_64-3.11/home/runner/work/APEXYX_ORI_AI/APEXYX_ORI_AI
build	Forge APK (Verbose)	2026-02-24T01:19:44.8468686Z [1m[90m[DEBUG][39m[0m:   	creating build/temp.linux-x86_64-3.11/home/runner/work/APEXYX_ORI_AI/APEXYX_ORI_AI/.buildozer
build	Forge APK (Verbose)	2026-02-24T01:19:44.8470394Z [1m[90m[DEBUG][39m[0m:   	creating build/temp.linux-x86_64-3.11/home/runner/work/APEXYX_ORI_AI/APEXYX_ORI_AI/.buildozer
build	Forge APK (Verbose)	2026-02-24T01:19:44.8472026Z [1m[90m[DEBUG][39m[0m:   	creating build/temp.linux-x86_64-3.11/home/runner/work/APEXYX_ORI_AI/APEXYX_ORI_AI/.buildozer
build	Forge APK (Verbose)	2026-02-24T01:19:44.8473159Z [1m[90m[DEBUG][39m[0m:   	creating build/temp.linux-x86_64-3.11/home/runner/work/APEXYX_ORI_AI/APEXYX_ORI_AI
build	Forge APK (Verbose)	2026-02-24T01:19:44.8475131Z [1m[90m[DEBUG][39m[0m:   	creating build/temp.linux-x86_64-3.11/home/runner/work/APEXYX_ORI_AI/APEXYX_ORI_AI/.buildozer/android
build	Forge APK (Verbose)	2026-02-24T01:19:44.8476823Z [1m[90m[DEBUG][39m[0m:   	creating build/temp.linux-x86_64-3.11/home/runner/work/APEXYX_ORI_AI/APEXYX_ORI_AI/.buildozer/android
build	Forge APK (Verbose)	2026-02-24T01:19:44.8478386Z [1m[90m[DEBUG][39m[0m:   	creating build/temp.linux-x86_64-3.11/home/runner/work/APEXYX_ORI_AI/APEXYX_ORI_AI/.buildozer/android
build	Forge APK (Verbose)	2026-02-24T01:19:44.8479293Z [1m[90m[DEBUG][39m[0m:   	creating build/temp.linux-x86_64-3.11/home/runner/work/APEXYX_ORI_AI/APEXYX_ORI_AI/.buildozer/android
build	Forge APK (Verbose)	2026-02-24T01:19:44.8481130Z [1m[90m[DEBUG][39m[0m:   	creating build/temp.linux-x86_64-3.11/home/runner/work/APEXYX_ORI_AI/APEXYX_ORI_AI/.buildozer/android/platform
build	Forge APK (Verbose)	2026-02-24T01:19:44.8483301Z [1m[90m[DEBUG][39m[0m:   	creating build/temp.linux-x86_64-3.11/home/runner/work/APEXYX_ORI_AI/APEXYX_ORI_AI/.buildozer/android/platform/build-arm64-v8a
build	Forge APK (Verbose)	2026-02-24T01:19:44.8485207Z [1m[90m[DEBUG][39m[0m:   	creating build/temp.linux-x86_64-3.11/home/runner/work/APEXYX_ORI_AI/APEXYX_ORI_AI/.buildozer/android/platform
build	Forge APK (Verbose)	2026-02-24T01:19:44.8486861Z [1m[90m[DEBUG][39m[0m:   	creating build/temp.linux-x86_64-3.11/home/runner/work/APEXYX_ORI_AI/APEXYX_ORI_AI/.buildozer/android/platform
build	Forge APK (Verbose)	2026-02-24T01:19:44.8488737Z [1m[90m[DEBUG][39m[0m:   	creating build/temp.linux-x86_64-3.11/home/runner/work/APEXYX_ORI_AI/APEXYX_ORI_AI/.buildozer/android/platform/build-arm64-v8a
build	Forge APK (Verbose)	2026-02-24T01:19:44.8490478Z [1m[90m[DEBUG][39m[0m:   	creating build/temp.linux-x86_64-3.11/home/runner/work/APEXYX_ORI_AI/APEXYX_ORI_AI/.buildozer/android/platform/build-arm64-v8a
build	Forge APK (Verbose)	2026-02-24T01:19:44.8492697Z [1m[90m[DEBUG][39m[0m:   	creating build/temp.linux-x86_64-3.11/home/runner/work/APEXYX_ORI_AI/APEXYX_ORI_AI/.buildozer/android/platform/build-arm64-v8a
build	Forge APK (Verbose)	2026-02-24T01:19:44.8494525Z [1m[90m[DEBUG][39m[0m:   	creating build/temp.linux-x86_64-3.11/home/runner/work/APEXYX_ORI_AI/APEXYX_ORI_AI/.buildozer/android/platform/build-arm64-v8a/build
build	Forge APK (Verbose)	2026-02-24T01:19:44.8496588Z [1m[90m[DEBUG][39m[0m:   	creating build/temp.linux-x86_64-3.11/home/runner/work/APEXYX_ORI_AI/APEXYX_ORI_AI/.buildozer/android/platform/build-arm64-v8a/build
build	Forge APK (Verbose)	2026-02-24T01:19:44.8497859Z [1m[90m[DEBUG][39m[0m:   	creating build/temp.linux-x86_64-3.11/home/runner/work/APEXYX_ORI_AI/APEXYX_ORI_AI/.buildozer/android/platform/build-arm64-v8a/build
build	Forge APK (Verbose)	2026-02-24T01:19:44.8499216Z [1m[90m[DEBUG][39m[0m:   	creating build/temp.linux-x86_64-3.11/home/runner/work/APEXYX_ORI_AI/APEXYX_ORI_AI/.buildozer/android/platform/build-arm64-v8a/build/other_builds
build	Forge APK (Verbose)	2026-02-24T01:19:44.8501445Z [1m[90m[DEBUG][39m[0m:   	creating build/temp.linux-x86_64-3.11/home/runner/work/APEXYX_ORI_AI/APEXYX_ORI_AI/.buildozer/android/platform/build-arm64-v8a/build/other_builds
build	Forge APK (Verbose)	2026-02-24T01:19:44.8503475Z [1m[90m[DEBUG][39m[0m:   	creating build/temp.linux-x86_64-3.11/home/runner/work/APEXYX_ORI_AI/APEXYX_ORI_AI/.buildozer/android/platform/build-arm64-v8a/build
build	Forge APK (Verbose)	2026-02-24T01:19:44.8505507Z [1m[90m[DEBUG][39m[0m:   	creating build/temp.linux-x86_64-3.11/home/runner/work/APEXYX_ORI_AI/APEXYX_ORI_AI/.buildozer/android/platform/build-arm64-v8a/build/other_builds
build	Forge APK (Verbose)	2026-02-24T01:19:44.8507673Z [1m[90m[DEBUG][39m[0m:   	creating build/temp.linux-x86_64-3.11/home/runner/work/APEXYX_ORI_AI/APEXYX_ORI_AI/.buildozer/android/platform/build-arm64-v8a/build/other_builds/hostpython3
build	Forge APK (Verbose)	2026-02-24T01:19:44.8510000Z [1m[90m[DEBUG][39m[0m:   	creating build/temp.linux-x86_64-3.11/home/runner/work/APEXYX_ORI_AI/APEXYX_ORI_AI/.buildozer/android/platform/build-arm64-v8a/build/other_builds/hostpython3
build	Forge APK (Verbose)	2026-02-24T01:19:44.8512518Z [1m[90m[DEBUG][39m[0m:   	creating build/temp.linux-x86_64-3.11/home/runner/work/APEXYX_ORI_AI/APEXYX_ORI_AI/.buildozer/android/platform/build-arm64-v8a/build/other_builds/hostpython3
build	Forge APK (Verbose)	2026-02-24T01:19:44.8514854Z [1m[90m[DEBUG][39m[0m:   	creating build/temp.linux-x86_64-3.11/home/runner/work/APEXYX_ORI_AI/APEXYX_ORI_AI/.buildozer/android/platform/build-arm64-v8a/build/other_builds/hostpython3/desktop
build	Forge APK (Verbose)	2026-02-24T01:19:44.8517670Z [1m[90m[DEBUG][39m[0m:   	creating build/temp.linux-x86_64-3.11/home/runner/work/APEXYX_ORI_AI/APEXYX_ORI_AI/.buildozer/android/platform/build-arm64-v8a/build/other_builds/hostpython3/desktop
build	Forge APK (Verbose)	2026-02-24T01:19:44.8520010Z [1m[90m[DEBUG][39m[0m:   	creating build/temp.linux-x86_64-3.11/home/runner/work/APEXYX_ORI_AI/APEXYX_ORI_AI/.buildozer/android/platform/build-arm64-v8a/build/other_builds/hostpython3
build	Forge APK (Verbose)	2026-02-24T01:19:44.8522702Z [1m[90m[DEBUG][39m[0m:   	creating build/temp.linux-x86_64-3.11/home/runner/work/APEXYX_ORI_AI/APEXYX_ORI_AI/.buildozer/android/platform/build-arm64-v8a/build/other_builds/hostpython3/desktop/hostpython3
build	Forge APK (Verbose)	2026-02-24T01:19:44.8525298Z [1m[90m[DEBUG][39m[0m:   	creating build/temp.linux-x86_64-3.11/home/runner/work/APEXYX_ORI_AI/APEXYX_ORI_AI/.buildozer/android/platform/build-arm64-v8a/build/other_builds/hostpython3/desktop/hostpython3
build	Forge APK (Verbose)	2026-02-24T01:19:44.8527994Z [1m[90m[DEBUG][39m[0m:   	creating build/temp.linux-x86_64-3.11/home/runner/work/APEXYX_ORI_AI/APEXYX_ORI_AI/.buildozer/android/platform/build-arm64-v8a/build/other_builds/hostpython3/desktop
build	Forge APK (Verbose)	2026-02-24T01:19:44.8530808Z [1m[90m[DEBUG][39m[0m:   	creating build/temp.linux-x86_64-3.11/home/runner/work/APEXYX_ORI_AI/APEXYX_ORI_AI/.buildozer/android/platform/build-arm64-v8a/build/other_builds/hostpython3/desktop/hostpython3
build	Forge APK (Verbose)	2026-02-24T01:19:44.8533521Z [1m[90m[DEBUG][39m[0m:   	creating build/temp.linux-x86_64-3.11/home/runner/work/APEXYX_ORI_AI/APEXYX_ORI_AI/.buildozer/android/platform/build-arm64-v8a/build/other_builds/hostpython3/desktop/hostpython3/Modules
build	Forge APK (Verbose)	2026-02-24T01:19:44.8536163Z [1m[90m[DEBUG][39m[0m:   	creating build/temp.linux-x86_64-3.11/home/runner/work/APEXYX_ORI_AI/APEXYX_ORI_AI/.buildozer/android/platform/build-arm64-v8a/build/other_builds/hostpython3/desktop/hostpython3
build	Forge APK (Verbose)	2026-02-24T01:19:44.8538804Z [1m[90m[DEBUG][39m[0m:   	creating build/temp.linux-x86_64-3.11/home/runner/work/APEXYX_ORI_AI/APEXYX_ORI_AI/.buildozer/android/platform/build-arm64-v8a/build/other_builds/hostpython3/desktop/hostpython3/Modules
build	Forge APK (Verbose)	2026-02-24T01:19:44.8572185Z [1m[90m[DEBUG][39m[0m:   	gcc -fPIC -Wsign-compare -DNDEBUG -g -fwrapv -O3 -Wall -std=c11 -Wextra -Wno-unused-parameter -Wno-missing-field-initializers -Werror=implicit-function-declaration -fvisibility=hidden -I/home/runner/work/APEXYX_ORI_AI/APEXYX_ORI_AI/.buildozer/android/platform/build-arm64-v8a/build/other_builds/hostpython3/desktop/hostpython3/Include/internal -I. -IObjects -IPython -I/usr/include/x86_64-linux-gnu -I/usr/local/include -I/home/runner/work/APEXYX_ORI_AI/APEXYX_ORI_AI/.buildozer/android/platform/build-arm64-v8a/build/other_builds/hostpython3/desktop/hostpython3/Include -I/home/runner/work/APEXYX_ORI_AI/APEXYX_ORI_AI/.buildozer/android/platform/build-arm64-v8a/build/other_builds/hostpython3/desktop/hostpython3/native-build -c /home/runner/work/APEXYX_ORI_AI/APEXYX_ORI_AI/.buildozer/android/platform/build-arm64-v8a/build/other_builds/hostpython3/desktop/hostpython3/Modules/arraymodule.c -o build/temp.linux-x86_64-3.11/home/runner/work/APEXYX_ORI_AI/APEXYX_ORI_AI/.buildozer/android/platform/build-arm64-v8a/build/other_builds/hostpython3/desktop/hostpython3/Modules/arraymodule.o
build	Forge APK (Verbose)	2026-02-24T01:19:44.8581755Z [1m[90m[DEBUG][39m[0m:   	creating build/temp.linux-x86_64-3.11/home/runner/work/APEXYX_ORI_AI/APEXYX_ORI_AI/.buildozer/android/platform/build-arm64-v8a/build/other_builds/hostpython3/desktop/hostpython3/Modules
build	Forge APK (Verbose)	2026-02-24T01:19:44.8591871Z [1m[90m[DEBUG][39m[0m:   	gcc -fPIC -Wsign-compare -DNDEBUG -g -fwrapv -O3 -Wall -std=c11 -Wextra -Wno-unused-parameter -Wno-missing-field-initializers -Werror=implicit-function-declaration -fvisibility=hidden -I/home/runner/work/APEXYX_ORI_AI/APEXYX_ORI_AI/.buildozer/android/platform/build-arm64-v8a/build/other_builds/hostpython3/desktop/hostpython3/Include/internal -I. -IObjects -IPython -I/usr/include/x86_64-linux-gnu -I/usr/local/include -I/home/runner/work/APEXYX_ORI_AI/APEXYX_ORI_AI/.buildozer/android/platform/build-arm64-v8a/build/other_builds/hostpython3/desktop/hostpython3/Include -I/home/runner/work/APEXYX_ORI_AI/APEXYX_ORI_AI/.buildozer/android/platform/build-arm64-v8a/build/other_builds/hostpython3/desktop/hostpython3/native-build -c /home/runner/work/APEXYX_ORI_AI/APEXYX_ORI_AI/.buildozer/android/platform/build-arm64-v8a/build/other_builds/hostpython3/desktop/hostpython3/Modules/_contextvarsmodule.c -o build/temp.linux-x86_64-3.11/home/runner/work/APEXYX_ORI_AI/APEXYX_ORI_AI/.buildozer/android/platform/build-arm64-v8a/build/other_builds/hostpython3/desktop/hostpython3/Modules/_contextvarsmodule.o
build	Forge APK (Verbose)	2026-02-24T01:19:44.8608276Z [1m[90m[DEBUG][39m[0m:   	gcc -fPIC -Wsign-compare -DNDEBUG -g -fwrapv -O3 -Wall -std=c11 -Wextra -Wno-unused-parameter -Wno-missing-field-initializers -Werror=implicit-function-declaration -fvisibility=hidden -I/home/runner/work/APEXYX_ORI_AI/APEXYX_ORI_AI/.buildozer/android/platform/build-arm64-v8a/build/other_builds/hostpython3/desktop/hostpython3/Include/internal -I. -IObjects -IPython -I/usr/include/x86_64-linux-gnu -I/usr/local/include -I/home/runner/work/APEXYX_ORI_AI/APEXYX_ORI_AI/.buildozer/android/platform/build-arm64-v8a/build/other_builds/hostpython3/desktop/hostpython3/Include -I/home/runner/work/APEXYX_ORI_AI/APEXYX_ORI_AI/.buildozer/android/platform/build-arm64-v8a/build/other_builds/hostpython3/desktop/hostpython3/native-build -c /home/runner/work/APEXYX_ORI_AI/APEXYX_ORI_AI/.buildozer/android/platform/build-arm64-v8a/build/other_builds/hostpython3/desktop/hostpython3/Modules/mathmodule.c -o build/temp.linux-x86_64-3.11/home/runner/work/APEXYX_ORI_AI/APEXYX_ORI_AI/.buildozer/android/platform/build-arm64-v8a/build/other_builds/hostpython3/desktop/hostpython3/Modules/mathmodule.o
build	Forge APK (Verbose)	2026-02-24T01:19:44.8624845Z [1m[90m[DEBUG][39m[0m:   	gcc -fPIC -Wsign-compare -DNDEBUG -g -fwrapv -O3 -Wall -std=c11 -Wextra -Wno-unused-parameter -Wno-missing-field-initializers -Werror=implicit-function-declaration -fvisibility=hidden -I/home/runner/work/APEXYX_ORI_AI/APEXYX_ORI_AI/.buildozer/android/platform/build-arm64-v8a/build/other_builds/hostpython3/desktop/hostpython3/Include/internal -I. -IObjects -IPython -I/usr/include/x86_64-linux-gnu -I/usr/local/include -I/home/runner/work/APEXYX_ORI_AI/APEXYX_ORI_AI/.buildozer/android/platform/build-arm64-v8a/build/other_builds/hostpython3/desktop/hostpython3/Include -I/home/runner/work/APEXYX_ORI_AI/APEXYX_ORI_AI/.buildozer/android/platform/build-arm64-v8a/build/other_builds/hostpython3/desktop/hostpython3/native-build -c /home/runner/work/APEXYX_ORI_AI/APEXYX_ORI_AI/.buildozer/android/platform/build-arm64-v8a/build/other_builds/hostpython3/desktop/hostpython3/Modules/cmathmodule.c -o build/temp.linux-x86_64-3.11/home/runner/work/APEXYX_ORI_AI/APEXYX_ORI_AI/.buildozer/android/platform/build-arm64-v8a/build/other_builds/hostpython3/desktop/hostpython3/Modules/cmathmodule.o
build	Forge APK (Verbose)	2026-02-24T01:19:44.9723447Z [1m[90m[DEBUG][39m[0m:   	gcc -shared build/temp.linux-x86_64-3.11/home/runner/work/APEXYX_ORI_AI/APEXYX_ORI_AI/.buildozer/android/platform/build-arm64-v8a/build/other_builds/hostpython3/desktop/hostpython3/Modules/_contextvarsmodule.o -L/usr/lib/x86_64-linux-gnu -L/usr/local/lib -o build/lib.linux-x86_64-3.11/_contextvars.cpython-311-x86_64-linux-gnu.so
build	Forge APK (Verbose)	2026-02-24T01:19:44.9929805Z [1m[90m[DEBUG][39m[0m:   	building '_datetime' extension
build	Forge APK (Verbose)	2026-02-24T01:19:44.9947853Z [1m[90m[DEBUG][39m[0m:   	gcc -fPIC -Wsign-compare -DNDEBUG -g -fwrapv -O3 -Wall -std=c11 -Wextra -Wno-unused-parameter -Wno-missing-field-initializers -Werror=implicit-function-declaration -fvisibility=hidden -I/home/runner/work/APEXYX_ORI_AI/APEXYX_ORI_AI/.buildozer/android/platform/build-arm64-v8a/build/other_builds/hostpython3/desktop/hostpython3/Include/internal -I. -IObjects -IPython -I/usr/include/x86_64-linux-gnu -I/usr/local/include -I/home/runner/work/APEXYX_ORI_AI/APEXYX_ORI_AI/.buildozer/android/platform/build-arm64-v8a/build/other_builds/hostpython3/desktop/hostpython3/Include -I/home/runner/work/APEXYX_ORI_AI/APEXYX_ORI_AI/.buildozer/android/platform/build-arm64-v8a/build/other_builds/hostpython3/desktop/hostpython3/native-build -c /home/runner/work/APEXYX_ORI_AI/APEXYX_ORI_AI/.buildozer/android/platform/build-arm64-v8a/build/other_builds/hostpython3/desktop/hostpython3/Modules/_datetimemodule.c -o build/temp.linux-x86_64-3.11/home/runner/work/APEXYX_ORI_AI/APEXYX_ORI_AI/.buildozer/android/platform/build-arm64-v8a/build/other_builds/hostpython3/desktop/hostpython3/Modules/_datetimemodule.o
build	Forge APK (Verbose)	2026-02-24T01:19:46.1157692Z [1m[90m[DEBUG][39m[0m:   	gcc -shared build/temp.linux-x86_64-3.11/home/runner/work/APEXYX_ORI_AI/APEXYX_ORI_AI/.buildozer/android/platform/build-arm64-v8a/build/other_builds/hostpython3/desktop/hostpython3/Modules/arraymodule.o -L/usr/lib/x86_64-linux-gnu -L/usr/local/lib -o build/lib.linux-x86_64-3.11/array.cpython-311-x86_64-linux-gnu.so
build	Forge APK (Verbose)	2026-02-24T01:19:46.1432378Z [1m[90m[DEBUG][39m[0m:   	building '_zoneinfo' extension
build	Forge APK (Verbose)	2026-02-24T01:19:46.1457005Z [1m[90m[DEBUG][39m[0m:   	gcc -fPIC -Wsign-compare -DNDEBUG -g -fwrapv -O3 -Wall -std=c11 -Wextra -Wno-unused-parameter -Wno-missing-field-initializers -Werror=implicit-function-declaration -fvisibility=hidden -I/home/runner/work/APEXYX_ORI_AI/APEXYX_ORI_AI/.buildozer/android/platform/build-arm64-v8a/build/other_builds/hostpython3/desktop/hostpython3/Include/internal -I. -IObjects -IPython -I/usr/include/x86_64-linux-gnu -I/usr/local/include -I/home/runner/work/APEXYX_ORI_AI/APEXYX_ORI_AI/.buildozer/android/platform/build-arm64-v8a/build/other_builds/hostpython3/desktop/hostpython3/Include -I/home/runner/work/APEXYX_ORI_AI/APEXYX_ORI_AI/.buildozer/android/platform/build-arm64-v8a/build/other_builds/hostpython3/desktop/hostpython3/native-build -c /home/runner/work/APEXYX_ORI_AI/APEXYX_ORI_AI/.buildozer/android/platform/build-arm64-v8a/build/other_builds/hostpython3/desktop/hostpython3/Modules/_zoneinfo.c -o build/temp.linux-x86_64-3.11/home/runner/work/APEXYX_ORI_AI/APEXYX_ORI_AI/.buildozer/android/platform/build-arm64-v8a/build/other_builds/hostpython3/desktop/hostpython3/Modules/_zoneinfo.o
build	Forge APK (Verbose)	2026-02-24T01:19:46.2702076Z [1m[90m[DEBUG][39m[0m:   	gcc -shared build/temp.linux-x86_64-3.11/home/runner/work/APEXYX_ORI_AI/APEXYX_ORI_AI/.buildozer/android/platform/build-arm64-v8a/build/other_builds/hostpython3/desktop/hostpython3/Modules/mathmodule.o -L/usr/lib/x86_64-linux-gnu -L/usr/local/lib -lm -o build/lib.linux-x86_64-3.11/math.cpython-311-x86_64-linux-gnu.so
build	Forge APK (Verbose)	2026-02-24T01:19:46.3069981Z [1m[90m[DEBUG][39m[0m:   	building '_random' extension
build	Forge APK (Verbose)	2026-02-24T01:19:46.3084813Z [1m[90m[DEBUG][39m[0m:   	gcc -fPIC -Wsign-compare -DNDEBUG -g -fwrapv -O3 -Wall -std=c11 -Wextra -Wno-unused-parameter -Wno-missing-field-initializers -Werror=implicit-function-declaration -fvisibility=hidden -I/home/runner/work/APEXYX_ORI_AI/APEXYX_ORI_AI/.buildozer/android/platform/build-arm64-v8a/build/other_builds/hostpython3/desktop/hostpython3/Include/internal -I. -IObjects -IPython -I/usr/include/x86_64-linux-gnu -I/usr/local/include -I/home/runner/work/APEXYX_ORI_AI/APEXYX_ORI_AI/.buildozer/android/platform/build-arm64-v8a/build/other_builds/hostpython3/desktop/hostpython3/Include -I/home/runner/work/APEXYX_ORI_AI/APEXYX_ORI_AI/.buildozer/android/platform/build-arm64-v8a/build/other_builds/hostpython3/desktop/hostpython3/native-build -c /home/runner/work/APEXYX_ORI_AI/APEXYX_ORI_AI/.buildozer/android/platform/build-arm64-v8a/build/other_builds/hostpython3/desktop/hostpython3/Modules/_randommodule.c -o build/temp.linux-x86_64-3.11/home/runner/work/APEXYX_ORI_AI/APEXYX_ORI_AI/.buildozer/android/platform/build-arm64-v8a/build/other_builds/hostpython3/desktop/hostpython3/Modules/_randommodule.o
build	Forge APK (Verbose)	2026-02-24T01:19:46.5805338Z [1m[90m[DEBUG][39m[0m:   	gcc -shared build/temp.linux-x86_64-3.11/home/runner/work/APEXYX_ORI_AI/APEXYX_ORI_AI/.buildozer/android/platform/build-arm64-v8a/build/other_builds/hostpython3/desktop/hostpython3/Modules/cmathmodule.o -L/usr/lib/x86_64-linux-gnu -L/usr/local/lib -lm -o build/lib.linux-x86_64-3.11/cmath.cpython-311-x86_64-linux-gnu.so
build	Forge APK (Verbose)	2026-02-24T01:19:46.6143361Z [1m[90m[DEBUG][39m[0m:   	building '_bisect' extension
build	Forge APK (Verbose)	2026-02-24T01:19:46.6162031Z [1m[90m[DEBUG][39m[0m:   	gcc -fPIC -Wsign-compare -DNDEBUG -g -fwrapv -O3 -Wall -std=c11 -Wextra -Wno-unused-parameter -Wno-missing-field-initializers -Werror=implicit-function-declaration -fvisibility=hidden -I/home/runner/work/APEXYX_ORI_AI/APEXYX_ORI_AI/.buildozer/android/platform/build-arm64-v8a/build/other_builds/hostpython3/desktop/hostpython3/Include/internal -I. -IObjects -IPython -I/usr/include/x86_64-linux-gnu -I/usr/local/include -I/home/runner/work/APEXYX_ORI_AI/APEXYX_ORI_AI/.buildozer/android/platform/build-arm64-v8a/build/other_builds/hostpython3/desktop/hostpython3/Include -I/home/runner/work/APEXYX_ORI_AI/APEXYX_ORI_AI/.buildozer/android/platform/build-arm64-v8a/build/other_builds/hostpython3/desktop/hostpython3/native-build -c /home/runner/work/APEXYX_ORI_AI/APEXYX_ORI_AI/.buildozer/android/platform/build-arm64-v8a/build/other_builds/hostpython3/desktop/hostpython3/Modules/_bisectmodule.c -o build/temp.linux-x86_64-3.11/home/runner/work/APEXYX_ORI_AI/APEXYX_ORI_AI/.buildozer/android/platform/build-arm64-v8a/build/other_builds/hostpython3/desktop/hostpython3/Modules/_bisectmodule.o
build	Forge APK (Verbose)	2026-02-24T01:19:46.6252299Z [1m[90m[DEBUG][39m[0m:   	gcc -shared build/temp.linux-x86_64-3.11/home/runner/work/APEXYX_ORI_AI/APEXYX_ORI_AI/.buildozer/android/platform/build-arm64-v8a/build/other_builds/hostpython3/desktop/hostpython3/Modules/_randommodule.o -L/usr/lib/x86_64-linux-gnu -L/usr/local/lib -o build/lib.linux-x86_64-3.11/_random.cpython-311-x86_64-linux-gnu.so
build	Forge APK (Verbose)	2026-02-24T01:19:46.6511741Z [1m[90m[DEBUG][39m[0m:   	building '_heapq' extension
build	Forge APK (Verbose)	2026-02-24T01:19:46.6531175Z [1m[90m[DEBUG][39m[0m:   	gcc -fPIC -Wsign-compare -DNDEBUG -g -fwrapv -O3 -Wall -std=c11 -Wextra -Wno-unused-parameter -Wno-missing-field-initializers -Werror=implicit-function-declaration -fvisibility=hidden -I/home/runner/work/APEXYX_ORI_AI/APEXYX_ORI_AI/.buildozer/android/platform/build-arm64-v8a/build/other_builds/hostpython3/desktop/hostpython3/Include/internal -I. -IObjects -IPython -I/usr/include/x86_64-linux-gnu -I/usr/local/include -I/home/runner/work/APEXYX_ORI_AI/APEXYX_ORI_AI/.buildozer/android/platform/build-arm64-v8a/build/other_builds/hostpython3/desktop/hostpython3/Include -I/home/runner/work/APEXYX_ORI_AI/APEXYX_ORI_AI/.buildozer/android/platform/build-arm64-v8a/build/other_builds/hostpython3/desktop/hostpython3/native-build -c /home/runner/work/APEXYX_ORI_AI/APEXYX_ORI_AI/.buildozer/android/platform/build-arm64-v8a/build/other_builds/hostpython3/desktop/hostpython3/Modules/_heapqmodule.c -o build/temp.linux-x86_64-3.11/home/runner/work/APEXYX_ORI_AI/APEXYX_ORI_AI/.buildozer/android/platform/build-arm64-v8a/build/other_builds/hostpython3/desktop/hostpython3/Modules/_heapqmodule.o
build	Forge APK (Verbose)	2026-02-24T01:19:46.9437821Z [1m[90m[DEBUG][39m[0m:   	gcc -shared build/temp.linux-x86_64-3.11/home/runner/work/APEXYX_ORI_AI/APEXYX_ORI_AI/.buildozer/android/platform/build-arm64-v8a/build/other_builds/hostpython3/desktop/hostpython3/Modules/_bisectmodule.o -L/usr/lib/x86_64-linux-gnu -L/usr/local/lib -o build/lib.linux-x86_64-3.11/_bisect.cpython-311-x86_64-linux-gnu.so
build	Forge APK (Verbose)	2026-02-24T01:19:46.9609298Z [1m[90m[DEBUG][39m[0m:   	gcc -shared build/temp.linux-x86_64-3.11/home/runner/work/APEXYX_ORI_AI/APEXYX_ORI_AI/.buildozer/android/platform/build-arm64-v8a/build/other_builds/hostpython3/desktop/hostpython3/Modules/_heapqmodule.o -L/usr/lib/x86_64-linux-gnu -L/usr/local/lib -o build/lib.linux-x86_64-3.11/_heapq.cpython-311-x86_64-linux-gnu.so
build	Forge APK (Verbose)	2026-02-24T01:19:46.9707657Z [1m[90m[DEBUG][39m[0m:   	building '_pickle' extension
build	Forge APK (Verbose)	2026-02-24T01:19:46.9761424Z [1m[90m[DEBUG][39m[0m:   	gcc -fPIC -Wsign-compare -DNDEBUG -g -fwrapv -O3 -Wall -std=c11 -Wextra -Wno-unused-parameter -Wno-missing-field-initializers -Werror=implicit-function-declaration -fvisibility=hidden -I/home/runner/work/APEXYX_ORI_AI/APEXYX_ORI_AI/.buildozer/android/platform/build-arm64-v8a/build/other_builds/hostpython3/desktop/hostpython3/Include/internal -I. -IObjects -IPython -I/usr/include/x86_64-linux-gnu -I/usr/local/include -I/home/runner/work/APEXYX_ORI_AI/APEXYX_ORI_AI/.buildozer/android/platform/build-arm64-v8a/build/other_builds/hostpython3/desktop/hostpython3/Include -I/home/runner/work/APEXYX_ORI_AI/APEXYX_ORI_AI/.buildozer/android/platform/build-arm64-v8a/build/other_builds/hostpython3/desktop/hostpython3/native-build -c /home/runner/work/APEXYX_ORI_AI/APEXYX_ORI_AI/.buildozer/android/platform/build-arm64-v8a/build/other_builds/hostpython3/desktop/hostpython3/Modules/_pickle.c -o build/temp.linux-x86_64-3.11/home/runner/work/APEXYX_ORI_AI/APEXYX_ORI_AI/.buildozer/android/platform/build-arm64-v8a/build/other_builds/hostpython3/desktop/hostpython3/Modules/_pickle.o
build	Forge APK (Verbose)	2026-02-24T01:19:46.9832927Z [1m[90m[DEBUG][39m[0m:   	building '_json' extension
build	Forge APK (Verbose)	2026-02-24T01:19:46.9843827Z [1m[90m[DEBUG][39m[0m:   	gcc -fPIC -Wsign-compare -DNDEBUG -g -fwrapv -O3 -Wall -std=c11 -Wextra -Wno-unused-parameter -Wno-missing-field-initializers -Werror=implicit-function-declaration -fvisibility=hidden -I/home/runner/work/APEXYX_ORI_AI/APEXYX_ORI_AI/.buildozer/android/platform/build-arm64-v8a/build/other_builds/hostpython3/desktop/hostpython3/Include/internal -I. -IObjects -IPython -I/usr/include/x86_64-linux-gnu -I/usr/local/include -I/home/runner/work/APEXYX_ORI_AI/APEXYX_ORI_AI/.buildozer/android/platform/build-arm64-v8a/build/other_builds/hostpython3/desktop/hostpython3/Include -I/home/runner/work/APEXYX_ORI_AI/APEXYX_ORI_AI/.buildozer/android/platform/build-arm64-v8a/build/other_builds/hostpython3/desktop/hostpython3/native-build -c /home/runner/work/APEXYX_ORI_AI/APEXYX_ORI_AI/.buildozer/android/platform/build-arm64-v8a/build/other_builds/hostpython3/desktop/hostpython3/Modules/_json.c -o build/temp.linux-x86_64-3.11/home/runner/work/APEXYX_ORI_AI/APEXYX_ORI_AI/.buildozer/android/platform/build-arm64-v8a/build/other_builds/hostpython3/desktop/hostpython3/Modules/_json.o
build	Forge APK (Verbose)	2026-02-24T01:19:47.0682803Z [1m[90m[DEBUG][39m[0m:   	gcc -shared build/temp.linux-x86_64-3.11/home/runner/work/APEXYX_ORI_AI/APEXYX_ORI_AI/.buildozer/android/platform/build-arm64-v8a/build/other_builds/hostpython3/desktop/hostpython3/Modules/_zoneinfo.o -L/usr/lib/x86_64-linux-gnu -L/usr/local/lib -o build/lib.linux-x86_64-3.11/_zoneinfo.cpython-311-x86_64-linux-gnu.so
build	Forge APK (Verbose)	2026-02-24T01:19:47.0958252Z [1m[90m[DEBUG][39m[0m:   	building '_lsprof' extension
build	Forge APK (Verbose)	2026-02-24T01:19:47.0984162Z [1m[90m[DEBUG][39m[0m:   	gcc -fPIC -Wsign-compare -DNDEBUG -g -fwrapv -O3 -Wall -std=c11 -Wextra -Wno-unused-parameter -Wno-missing-field-initializers -Werror=implicit-function-declaration -fvisibility=hidden -I/home/runner/work/APEXYX_ORI_AI/APEXYX_ORI_AI/.buildozer/android/platform/build-arm64-v8a/build/other_builds/hostpython3/desktop/hostpython3/Include/internal -I. -IObjects -IPython -I/usr/include/x86_64-linux-gnu -I/usr/local/include -I/home/runner/work/APEXYX_ORI_AI/APEXYX_ORI_AI/.buildozer/android/platform/build-arm64-v8a/build/other_builds/hostpython3/desktop/hostpython3/Include -I/home/runner/work/APEXYX_ORI_AI/APEXYX_ORI_AI/.buildozer/android/platform/build-arm64-v8a/build/other_builds/hostpython3/desktop/hostpython3/native-build -c /home/runner/work/APEXYX_ORI_AI/APEXYX_ORI_AI/.buildozer/android/platform/build-arm64-v8a/build/other_builds/hostpython3/desktop/hostpython3/Modules/_lsprof.c -o build/temp.linux-x86_64-3.11/home/runner/work/APEXYX_ORI_AI/APEXYX_ORI_AI/.buildozer/android/platform/build-arm64-v8a/build/other_builds/hostpython3/desktop/hostpython3/Modules/_lsprof.o
build	Forge APK (Verbose)	2026-02-24T01:19:47.4761059Z [1m[90m[DEBUG][39m[0m:   	gcc -fPIC -Wsign-compare -DNDEBUG -g -fwrapv -O3 -Wall -std=c11 -Wextra -Wno-unused-parameter -Wno-missing-field-initializers -Werror=implicit-function-declaration -fvisibility=hidden -I/home/runner/work/APEXYX_ORI_AI/APEXYX_ORI_AI/.buildozer/android/platform/build-arm64-v8a/build/other_builds/hostpython3/desktop/hostpython3/Include/internal -I. -IObjects -IPython -I/usr/include/x86_64-linux-gnu -I/usr/local/include -I/home/runner/work/APEXYX_ORI_AI/APEXYX_ORI_AI/.buildozer/android/platform/build-arm64-v8a/build/other_builds/hostpython3/desktop/hostpython3/Include -I/home/runner/work/APEXYX_ORI_AI/APEXYX_ORI_AI/.buildozer/android/platform/build-arm64-v8a/build/other_builds/hostpython3/desktop/hostpython3/native-build -c /home/runner/work/APEXYX_ORI_AI/APEXYX_ORI_AI/.buildozer/android/platform/build-arm64-v8a/build/other_builds/hostpython3/desktop/hostpython3/Modules/rotatingtree.c -o build/temp.linux-x86_64-3.11/home/runner/work/APEXYX_ORI_AI/APEXYX_ORI_AI/.buildozer/android/platform/build-arm64-v8a/build/other_builds/hostpython3/desktop/hostpython3/Modules/rotatingtree.o
build	Forge APK (Verbose)	2026-02-24T01:19:47.5508740Z [1m[90m[DEBUG][39m[0m:   	gcc -shared build/temp.linux-x86_64-3.11/home/runner/work/APEXYX_ORI_AI/APEXYX_ORI_AI/.buildozer/android/platform/build-arm64-v8a/build/other_builds/hostpython3/desktop/hostpython3/Modules/_lsprof.o build/temp.linux-x86_64-3.11/home/runner/work/APEXYX_ORI_AI/APEXYX_ORI_AI/.buildozer/android/platform/build-arm64-v8a/build/other_builds/hostpython3/desktop/hostpython3/Modules/rotatingtree.o -L/usr/lib/x86_64-linux-gnu -L/usr/local/lib -o build/lib.linux-x86_64-3.11/_lsprof.cpython-311-x86_64-linux-gnu.so
build	Forge APK (Verbose)	2026-02-24T01:19:47.5805127Z [1m[90m[DEBUG][39m[0m:   	building 'unicodedata' extension
build	Forge APK (Verbose)	2026-02-24T01:19:47.5823263Z [1m[90m[DEBUG][39m[0m:   	gcc -fPIC -Wsign-compare -DNDEBUG -g -fwrapv -O3 -Wall -std=c11 -Wextra -Wno-unused-parameter -Wno-missing-field-initializers -Werror=implicit-function-declaration -fvisibility=hidden -I/home/runner/work/APEXYX_ORI_AI/APEXYX_ORI_AI/.buildozer/android/platform/build-arm64-v8a/build/other_builds/hostpython3/desktop/hostpython3/Include/internal -I. -IObjects -IPython -I/usr/include/x86_64-linux-gnu -I/usr/local/include -I/home/runner/work/APEXYX_ORI_AI/APEXYX_ORI_AI/.buildozer/android/platform/build-arm64-v8a/build/other_builds/hostpython3/desktop/hostpython3/Include -I/home/runner/work/APEXYX_ORI_AI/APEXYX_ORI_AI/.buildozer/android/platform/build-arm64-v8a/build/other_builds/hostpython3/desktop/hostpython3/native-build -c /home/runner/work/APEXYX_ORI_AI/APEXYX_ORI_AI/.buildozer/android/platform/build-arm64-v8a/build/other_builds/hostpython3/desktop/hostpython3/Modules/unicodedata.c -o build/temp.linux-x86_64-3.11/home/runner/work/APEXYX_ORI_AI/APEXYX_ORI_AI/.buildozer/android/platform/build-arm64-v8a/build/other_builds/hostpython3/desktop/hostpython3/Modules/unicodedata.o
build	Forge APK (Verbose)	2026-02-24T01:19:47.7114576Z [1m[90m[DEBUG][39m[0m:   	gcc -shared build/temp.linux-x86_64-3.11/home/runner/work/APEXYX_ORI_AI/APEXYX_ORI_AI/.buildozer/android/platform/build-arm64-v8a/build/other_builds/hostpython3/desktop/hostpython3/Modules/_datetimemodule.o -L/usr/lib/x86_64-linux-gnu -L/usr/local/lib -lm -o build/lib.linux-x86_64-3.11/_datetime.cpython-311-x86_64-linux-gnu.so
build	Forge APK (Verbose)	2026-02-24T01:19:47.7489584Z [1m[90m[DEBUG][39m[0m:   	building '_opcode' extension
build	Forge APK (Verbose)	2026-02-24T01:19:47.7500709Z [1m[90m[DEBUG][39m[0m:   	gcc -fPIC -Wsign-compare -DNDEBUG -g -fwrapv -O3 -Wall -std=c11 -Wextra -Wno-unused-parameter -Wno-missing-field-initializers -Werror=implicit-function-declaration -fvisibility=hidden -I/home/runner/work/APEXYX_ORI_AI/APEXYX_ORI_AI/.buildozer/android/platform/build-arm64-v8a/build/other_builds/hostpython3/desktop/hostpython3/Include/internal -I. -IObjects -IPython -I/usr/include/x86_64-linux-gnu -I/usr/local/include -I/home/runner/work/APEXYX_ORI_AI/APEXYX_ORI_AI/.buildozer/android/platform/build-arm64-v8a/build/other_builds/hostpython3/desktop/hostpython3/Include -I/home/runner/work/APEXYX_ORI_AI/APEXYX_ORI_AI/.buildozer/android/platform/build-arm64-v8a/build/other_builds/hostpython3/desktop/hostpython3/native-build -c /home/runner/work/APEXYX_ORI_AI/APEXYX_ORI_AI/.buildozer/android/platform/build-arm64-v8a/build/other_builds/hostpython3/desktop/hostpython3/Modules/_opcode.c -o build/temp.linux-x86_64-3.11/home/runner/work/APEXYX_ORI_AI/APEXYX_ORI_AI/.buildozer/android/platform/build-arm64-v8a/build/other_builds/hostpython3/desktop/hostpython3/Modules/_opcode.o
build	Forge APK (Verbose)	2026-02-24T01:19:47.9043063Z [1m[90m[DEBUG][39m[0m:   	gcc -shared build/temp.linux-x86_64-3.11/home/runner/work/APEXYX_ORI_AI/APEXYX_ORI_AI/.buildozer/android/platform/build-arm64-v8a/build/other_builds/hostpython3/desktop/hostpython3/Modules/_opcode.o -L/usr/lib/x86_64-linux-gnu -L/usr/local/lib -o build/lib.linux-x86_64-3.11/_opcode.cpython-311-x86_64-linux-gnu.so
build	Forge APK (Verbose)	2026-02-24T01:19:47.9301375Z [1m[90m[DEBUG][39m[0m:   	building '_asyncio' extension
build	Forge APK (Verbose)	2026-02-24T01:19:47.9309671Z [1m[90m[DEBUG][39m[0m:   	gcc -fPIC -Wsign-compare -DNDEBUG -g -fwrapv -O3 -Wall -std=c11 -Wextra -Wno-unused-parameter -Wno-missing-field-initializers -Werror=implicit-function-declaration -fvisibility=hidden -I/home/runner/work/APEXYX_ORI_AI/APEXYX_ORI_AI/.buildozer/android/platform/build-arm64-v8a/build/other_builds/hostpython3/desktop/hostpython3/Include/internal -I. -IObjects -IPython -I/usr/include/x86_64-linux-gnu -I/usr/local/include -I/home/runner/work/APEXYX_ORI_AI/APEXYX_ORI_AI/.buildozer/android/platform/build-arm64-v8a/build/other_builds/hostpython3/desktop/hostpython3/Include -I/home/runner/work/APEXYX_ORI_AI/APEXYX_ORI_AI/.buildozer/android/platform/build-arm64-v8a/build/other_builds/hostpython3/desktop/hostpython3/native-build -c /home/runner/work/APEXYX_ORI_AI/APEXYX_ORI_AI/.buildozer/android/platform/build-arm64-v8a/build/other_builds/hostpython3/desktop/hostpython3/Modules/_asynciomodule.c -o build/temp.linux-x86_64-3.11/home/runner/work/APEXYX_ORI_AI/APEXYX_ORI_AI/.buildozer/android/platform/build-arm64-v8a/build/other_builds/hostpython3/desktop/hostpython3/Modules/_asynciomodule.o
build	Forge APK (Verbose)	2026-02-24T01:19:48.3084321Z [1m[90m[DEBUG][39m[0m:   	gcc -shared build/temp.linux-x86_64-3.11/home/runner/work/APEXYX_ORI_AI/APEXYX_ORI_AI/.buildozer/android/platform/build-arm64-v8a/build/other_builds/hostpython3/desktop/hostpython3/Modules/_json.o -L/usr/lib/x86_64-linux-gnu -L/usr/local/lib -o build/lib.linux-x86_64-3.11/_json.cpython-311-x86_64-linux-gnu.so
build	Forge APK (Verbose)	2026-02-24T01:19:48.3368681Z [1m[90m[DEBUG][39m[0m:   	building '_queue' extension
build	Forge APK (Verbose)	2026-02-24T01:19:48.3380294Z [1m[90m[DEBUG][39m[0m:   	gcc -fPIC -Wsign-compare -DNDEBUG -g -fwrapv -O3 -Wall -std=c11 -Wextra -Wno-unused-parameter -Wno-missing-field-initializers -Werror=implicit-function-declaration -fvisibility=hidden -I/home/runner/work/APEXYX_ORI_AI/APEXYX_ORI_AI/.buildozer/android/platform/build-arm64-v8a/build/other_builds/hostpython3/desktop/hostpython3/Include/internal -I. -IObjects -IPython -I/usr/include/x86_64-linux-gnu -I/usr/local/include -I/home/runner/work/APEXYX_ORI_AI/APEXYX_ORI_AI/.buildozer/android/platform/build-arm64-v8a/build/other_builds/hostpython3/desktop/hostpython3/Include -I/home/runner/work/APEXYX_ORI_AI/APEXYX_ORI_AI/.buildozer/android/platform/build-arm64-v8a/build/other_builds/hostpython3/desktop/hostpython3/native-build -c /home/runner/work/APEXYX_ORI_AI/APEXYX_ORI_AI/.buildozer/android/platform/build-arm64-v8a/build/other_builds/hostpython3/desktop/hostpython3/Modules/_queuemodule.c -o build/temp.linux-x86_64-3.11/home/runner/work/APEXYX_ORI_AI/APEXYX_ORI_AI/.buildozer/android/platform/build-arm64-v8a/build/other_builds/hostpython3/desktop/hostpython3/Modules/_queuemodule.o
build	Forge APK (Verbose)	2026-02-24T01:19:48.5763984Z [1m[90m[DEBUG][39m[0m:   	gcc -shared build/temp.linux-x86_64-3.11/home/runner/work/APEXYX_ORI_AI/APEXYX_ORI_AI/.buildozer/android/platform/build-arm64-v8a/build/other_builds/hostpython3/desktop/hostpython3/Modules/_queuemodule.o -L/usr/lib/x86_64-linux-gnu -L/usr/local/lib -o build/lib.linux-x86_64-3.11/_queue.cpython-311-x86_64-linux-gnu.so
build	Forge APK (Verbose)	2026-02-24T01:19:48.6038255Z [1m[90m[DEBUG][39m[0m:   	building '_statistics' extension
build	Forge APK (Verbose)	2026-02-24T01:19:48.6054458Z [1m[90m[DEBUG][39m[0m:   	gcc -fPIC -Wsign-compare -DNDEBUG -g -fwrapv -O3 -Wall -std=c11 -Wextra -Wno-unused-parameter -Wno-missing-field-initializers -Werror=implicit-function-declaration -fvisibility=hidden -I/home/runner/work/APEXYX_ORI_AI/APEXYX_ORI_AI/.buildozer/android/platform/build-arm64-v8a/build/other_builds/hostpython3/desktop/hostpython3/Include/internal -I. -IObjects -IPython -I/usr/include/x86_64-linux-gnu -I/usr/local/include -I/home/runner/work/APEXYX_ORI_AI/APEXYX_ORI_AI/.buildozer/android/platform/build-arm64-v8a/build/other_builds/hostpython3/desktop/hostpython3/Include -I/home/runner/work/APEXYX_ORI_AI/APEXYX_ORI_AI/.buildozer/android/platform/build-arm64-v8a/build/other_builds/hostpython3/desktop/hostpython3/native-build -c /home/runner/work/APEXYX_ORI_AI/APEXYX_ORI_AI/.buildozer/android/platform/build-arm64-v8a/build/other_builds/hostpython3/desktop/hostpython3/Modules/_statisticsmodule.c -o build/temp.linux-x86_64-3.11/home/runner/work/APEXYX_ORI_AI/APEXYX_ORI_AI/.buildozer/android/platform/build-arm64-v8a/build/other_builds/hostpython3/desktop/hostpython3/Modules/_statisticsmodule.o
build	Forge APK (Verbose)	2026-02-24T01:19:48.7668537Z [1m[90m[DEBUG][39m[0m:   	gcc -shared build/temp.linux-x86_64-3.11/home/runner/work/APEXYX_ORI_AI/APEXYX_ORI_AI/.buildozer/android/platform/build-arm64-v8a/build/other_builds/hostpython3/desktop/hostpython3/Modules/_statisticsmodule.o -L/usr/lib/x86_64-linux-gnu -L/usr/local/lib -lm -o build/lib.linux-x86_64-3.11/_statistics.cpython-311-x86_64-linux-gnu.so
build	Forge APK (Verbose)	2026-02-24T01:19:48.7933148Z [1m[90m[DEBUG][39m[0m:   	building '_struct' extension
build	Forge APK (Verbose)	2026-02-24T01:19:48.7948195Z [1m[90m[DEBUG][39m[0m:   	gcc -fPIC -Wsign-compare -DNDEBUG -g -fwrapv -O3 -Wall -std=c11 -Wextra -Wno-unused-parameter -Wno-missing-field-initializers -Werror=implicit-function-declaration -fvisibility=hidden -I/home/runner/work/APEXYX_ORI_AI/APEXYX_ORI_AI/.buildozer/android/platform/build-arm64-v8a/build/other_builds/hostpython3/desktop/hostpython3/Include/internal -I. -IObjects -IPython -I/usr/include/x86_64-linux-gnu -I/usr/local/include -I/home/runner/work/APEXYX_ORI_AI/APEXYX_ORI_AI/.buildozer/android/platform/build-arm64-v8a/build/other_builds/hostpython3/desktop/hostpython3/Include -I/home/runner/work/APEXYX_ORI_AI/APEXYX_ORI_AI/.buildozer/android/platform/build-arm64-v8a/build/other_builds/hostpython3/desktop/hostpython3/native-build -c /home/runner/work/APEXYX_ORI_AI/APEXYX_ORI_AI/.buildozer/android/platform/build-arm64-v8a/build/other_builds/hostpython3/desktop/hostpython3/Modules/_struct.c -o build/temp.linux-x86_64-3.11/home/runner/work/APEXYX_ORI_AI/APEXYX_ORI_AI/.buildozer/android/platform/build-arm64-v8a/build/other_builds/hostpython3/desktop/hostpython3/Modules/_struct.o
build	Forge APK (Verbose)	2026-02-24T01:19:49.1564001Z [1m[90m[DEBUG][39m[0m:   	gcc -shared build/temp.linux-x86_64-3.11/home/runner/work/APEXYX_ORI_AI/APEXYX_ORI_AI/.buildozer/android/platform/build-arm64-v8a/build/other_builds/hostpython3/desktop/hostpython3/Modules/_asynciomodule.o -L/usr/lib/x86_64-linux-gnu -L/usr/local/lib -o build/lib.linux-x86_64-3.11/_asyncio.cpython-311-x86_64-linux-gnu.so
build	Forge APK (Verbose)	2026-02-24T01:19:49.1853102Z [1m[90m[DEBUG][39m[0m:   	building '_typing' extension
build	Forge APK (Verbose)	2026-02-24T01:19:49.1861799Z [1m[90m[DEBUG][39m[0m:   	gcc -fPIC -Wsign-compare -DNDEBUG -g -fwrapv -O3 -Wall -std=c11 -Wextra -Wno-unused-parameter -Wno-missing-field-initializers -Werror=implicit-function-declaration -fvisibility=hidden -I/home/runner/work/APEXYX_ORI_AI/APEXYX_ORI_AI/.buildozer/android/platform/build-arm64-v8a/build/other_builds/hostpython3/desktop/hostpython3/Include/internal -I. -IObjects -IPython -I/usr/include/x86_64-linux-gnu -I/usr/local/include -I/home/runner/work/APEXYX_ORI_AI/APEXYX_ORI_AI/.buildozer/android/platform/build-arm64-v8a/build/other_builds/hostpython3/desktop/hostpython3/Include -I/home/runner/work/APEXYX_ORI_AI/APEXYX_ORI_AI/.buildozer/android/platform/build-arm64-v8a/build/other_builds/hostpython3/desktop/hostpython3/native-build -c /home/runner/work/APEXYX_ORI_AI/APEXYX_ORI_AI/.buildozer/android/platform/build-arm64-v8a/build/other_builds/hostpython3/desktop/hostpython3/Modules/_typingmodule.c -o build/temp.linux-x86_64-3.11/home/runner/work/APEXYX_ORI_AI/APEXYX_ORI_AI/.buildozer/android/platform/build-arm64-v8a/build/other_builds/hostpython3/desktop/hostpython3/Modules/_typingmodule.o
build	Forge APK (Verbose)	2026-02-24T01:19:49.3027167Z [1m[90m[DEBUG][39m[0m:   	gcc -shared build/temp.linux-x86_64-3.11/home/runner/work/APEXYX_ORI_AI/APEXYX_ORI_AI/.buildozer/android/platform/build-arm64-v8a/build/other_builds/hostpython3/desktop/hostpython3/Modules/_typingmodule.o -L/usr/lib/x86_64-linux-gnu -L/usr/local/lib -o build/lib.linux-x86_64-3.11/_typing.cpython-311-x86_64-linux-gnu.so
build	Forge APK (Verbose)	2026-02-24T01:19:49.3228908Z [1m[90m[DEBUG][39m[0m:   	building 'fcntl' extension
build	Forge APK (Verbose)	2026-02-24T01:19:49.3253052Z [1m[90m[DEBUG][39m[0m:   	gcc -fPIC -Wsign-compare -DNDEBUG -g -fwrapv -O3 -Wall -std=c11 -Wextra -Wno-unused-parameter -Wno-missing-field-initializers -Werror=implicit-function-declaration -fvisibility=hidden -I/home/runner/work/APEXYX_ORI_AI/APEXYX_ORI_AI/.buildozer/android/platform/build-arm64-v8a/build/other_builds/hostpython3/desktop/hostpython3/Include/internal -I. -IObjects -IPython -I/usr/include/x86_64-linux-gnu -I/usr/local/include -I/home/runner/work/APEXYX_ORI_AI/APEXYX_ORI_AI/.buildozer/android/platform/build-arm64-v8a/build/other_builds/hostpython3/desktop/hostpython3/Include -I/home/runner/work/APEXYX_ORI_AI/APEXYX_ORI_AI/.buildozer/android/platform/build-arm64-v8a/build/other_builds/hostpython3/desktop/hostpython3/native-build -c /home/runner/work/APEXYX_ORI_AI/APEXYX_ORI_AI/.buildozer/android/platform/build-arm64-v8a/build/other_builds/hostpython3/desktop/hostpython3/Modules/fcntlmodule.c -o build/temp.linux-x86_64-3.11/home/runner/work/APEXYX_ORI_AI/APEXYX_ORI_AI/.buildozer/android/platform/build-arm64-v8a/build/other_builds/hostpython3/desktop/hostpython3/Modules/fcntlmodule.o
build	Forge APK (Verbose)	2026-02-24T01:19:49.5178558Z [1m[90m[DEBUG][39m[0m:   	gcc -shared build/temp.linux-x86_64-3.11/home/runner/work/APEXYX_ORI_AI/APEXYX_ORI_AI/.buildozer/android/platform/build-arm64-v8a/build/other_builds/hostpython3/desktop/hostpython3/Modules/unicodedata.o -L/usr/lib/x86_64-linux-gnu -L/usr/local/lib -o build/lib.linux-x86_64-3.11/unicodedata.cpython-311-x86_64-linux-gnu.so
build	Forge APK (Verbose)	2026-02-24T01:19:49.5496068Z [1m[90m[DEBUG][39m[0m:   	building 'grp' extension
build	Forge APK (Verbose)	2026-02-24T01:19:49.5522365Z [1m[90m[DEBUG][39m[0m:   	gcc -fPIC -Wsign-compare -DNDEBUG -g -fwrapv -O3 -Wall -std=c11 -Wextra -Wno-unused-parameter -Wno-missing-field-initializers -Werror=implicit-function-declaration -fvisibility=hidden -I/home/runner/work/APEXYX_ORI_AI/APEXYX_ORI_AI/.buildozer/android/platform/build-arm64-v8a/build/other_builds/hostpython3/desktop/hostpython3/Include/internal -I. -IObjects -IPython -I/usr/include/x86_64-linux-gnu -I/usr/local/include -I/home/runner/work/APEXYX_ORI_AI/APEXYX_ORI_AI/.buildozer/android/platform/build-arm64-v8a/build/other_builds/hostpython3/desktop/hostpython3/Include -I/home/runner/work/APEXYX_ORI_AI/APEXYX_ORI_AI/.buildozer/android/platform/build-arm64-v8a/build/other_builds/hostpython3/desktop/hostpython3/native-build -c /home/runner/work/APEXYX_ORI_AI/APEXYX_ORI_AI/.buildozer/android/platform/build-arm64-v8a/build/other_builds/hostpython3/desktop/hostpython3/Modules/grpmodule.c -o build/temp.linux-x86_64-3.11/home/runner/work/APEXYX_ORI_AI/APEXYX_ORI_AI/.buildozer/android/platform/build-arm64-v8a/build/other_builds/hostpython3/desktop/hostpython3/Modules/grpmodule.o
build	Forge APK (Verbose)	2026-02-24T01:19:49.5915173Z [1m[90m[DEBUG][39m[0m:   	gcc -shared build/temp.linux-x86_64-3.11/home/runner/work/APEXYX_ORI_AI/APEXYX_ORI_AI/.buildozer/android/platform/build-arm64-v8a/build/other_builds/hostpython3/desktop/hostpython3/Modules/fcntlmodule.o -L/usr/lib/x86_64-linux-gnu -L/usr/local/lib -o build/lib.linux-x86_64-3.11/fcntl.cpython-311-x86_64-linux-gnu.so
build	Forge APK (Verbose)	2026-02-24T01:19:49.6186784Z [1m[90m[DEBUG][39m[0m:   	building '_socket' extension
build	Forge APK (Verbose)	2026-02-24T01:19:49.6240878Z [1m[90m[DEBUG][39m[0m:   	gcc -fPIC -Wsign-compare -DNDEBUG -g -fwrapv -O3 -Wall -std=c11 -Wextra -Wno-unused-parameter -Wno-missing-field-initializers -Werror=implicit-function-declaration -fvisibility=hidden -I/home/runner/work/APEXYX_ORI_AI/APEXYX_ORI_AI/.buildozer/android/platform/build-arm64-v8a/build/other_builds/hostpython3/desktop/hostpython3/Include/internal -I. -IObjects -IPython -I/usr/include/x86_64-linux-gnu -I/usr/local/include -I/home/runner/work/APEXYX_ORI_AI/APEXYX_ORI_AI/.buildozer/android/platform/build-arm64-v8a/build/other_builds/hostpython3/desktop/hostpython3/Include -I/home/runner/work/APEXYX_ORI_AI/APEXYX_ORI_AI/.buildozer/android/platform/build-arm64-v8a/build/other_builds/hostpython3/desktop/hostpython3/native-build -c /home/runner/work/APEXYX_ORI_AI/APEXYX_ORI_AI/.buildozer/android/platform/build-arm64-v8a/build/other_builds/hostpython3/desktop/hostpython3/Modules/socketmodule.c -o build/temp.linux-x86_64-3.11/home/runner/work/APEXYX_ORI_AI/APEXYX_ORI_AI/.buildozer/android/platform/build-arm64-v8a/build/other_builds/hostpython3/desktop/hostpython3/Modules/socketmodule.o
build	Forge APK (Verbose)	2026-02-24T01:19:49.7231236Z [1m[90m[DEBUG][39m[0m:   	gcc -shared build/temp.linux-x86_64-3.11/home/runner/work/APEXYX_ORI_AI/APEXYX_ORI_AI/.buildozer/android/platform/build-arm64-v8a/build/other_builds/hostpython3/desktop/hostpython3/Modules/_struct.o -L/usr/lib/x86_64-linux-gnu -L/usr/local/lib -o build/lib.linux-x86_64-3.11/_struct.cpython-311-x86_64-linux-gnu.so
build	Forge APK (Verbose)	2026-02-24T01:19:49.7514619Z [1m[90m[DEBUG][39m[0m:   	building 'spwd' extension
build	Forge APK (Verbose)	2026-02-24T01:19:49.7530110Z [1m[90m[DEBUG][39m[0m:   	gcc -fPIC -Wsign-compare -DNDEBUG -g -fwrapv -O3 -Wall -std=c11 -Wextra -Wno-unused-parameter -Wno-missing-field-initializers -Werror=implicit-function-declaration -fvisibility=hidden -I/home/runner/work/APEXYX_ORI_AI/APEXYX_ORI_AI/.buildozer/android/platform/build-arm64-v8a/build/other_builds/hostpython3/desktop/hostpython3/Include/internal -I. -IObjects -IPython -I/usr/include/x86_64-linux-gnu -I/usr/local/include -I/home/runner/work/APEXYX_ORI_AI/APEXYX_ORI_AI/.buildozer/android/platform/build-arm64-v8a/build/other_builds/hostpython3/desktop/hostpython3/Include -I/home/runner/work/APEXYX_ORI_AI/APEXYX_ORI_AI/.buildozer/android/platform/build-arm64-v8a/build/other_builds/hostpython3/desktop/hostpython3/native-build -c /home/runner/work/APEXYX_ORI_AI/APEXYX_ORI_AI/.buildozer/android/platform/build-arm64-v8a/build/other_builds/hostpython3/desktop/hostpython3/Modules/spwdmodule.c -o build/temp.linux-x86_64-3.11/home/runner/work/APEXYX_ORI_AI/APEXYX_ORI_AI/.buildozer/android/platform/build-arm64-v8a/build/other_builds/hostpython3/desktop/hostpython3/Modules/spwdmodule.o
build	Forge APK (Verbose)	2026-02-24T01:19:49.7726172Z [1m[90m[DEBUG][39m[0m:   	gcc -shared build/temp.linux-x86_64-3.11/home/runner/work/APEXYX_ORI_AI/APEXYX_ORI_AI/.buildozer/android/platform/build-arm64-v8a/build/other_builds/hostpython3/desktop/hostpython3/Modules/grpmodule.o -L/usr/lib/x86_64-linux-gnu -L/usr/local/lib -o build/lib.linux-x86_64-3.11/grp.cpython-311-x86_64-linux-gnu.so
build	Forge APK (Verbose)	2026-02-24T01:19:49.7997297Z [1m[90m[DEBUG][39m[0m:   	building 'select' extension
build	Forge APK (Verbose)	2026-02-24T01:19:49.8022828Z [1m[90m[DEBUG][39m[0m:   	gcc -fPIC -Wsign-compare -DNDEBUG -g -fwrapv -O3 -Wall -std=c11 -Wextra -Wno-unused-parameter -Wno-missing-field-initializers -Werror=implicit-function-declaration -fvisibility=hidden -I/home/runner/work/APEXYX_ORI_AI/APEXYX_ORI_AI/.buildozer/android/platform/build-arm64-v8a/build/other_builds/hostpython3/desktop/hostpython3/Include/internal -I. -IObjects -IPython -I/usr/include/x86_64-linux-gnu -I/usr/local/include -I/home/runner/work/APEXYX_ORI_AI/APEXYX_ORI_AI/.buildozer/android/platform/build-arm64-v8a/build/other_builds/hostpython3/desktop/hostpython3/Include -I/home/runner/work/APEXYX_ORI_AI/APEXYX_ORI_AI/.buildozer/android/platform/build-arm64-v8a/build/other_builds/hostpython3/desktop/hostpython3/native-build -c /home/runner/work/APEXYX_ORI_AI/APEXYX_ORI_AI/.buildozer/android/platform/build-arm64-v8a/build/other_builds/hostpython3/desktop/hostpython3/Modules/selectmodule.c -o build/temp.linux-x86_64-3.11/home/runner/work/APEXYX_ORI_AI/APEXYX_ORI_AI/.buildozer/android/platform/build-arm64-v8a/build/other_builds/hostpython3/desktop/hostpython3/Modules/selectmodule.o
build	Forge APK (Verbose)	2026-02-24T01:19:49.9332297Z [1m[90m[DEBUG][39m[0m:   	gcc -shared build/temp.linux-x86_64-3.11/home/runner/work/APEXYX_ORI_AI/APEXYX_ORI_AI/.buildozer/android/platform/build-arm64-v8a/build/other_builds/hostpython3/desktop/hostpython3/Modules/spwdmodule.o -L/usr/lib/x86_64-linux-gnu -L/usr/local/lib -o build/lib.linux-x86_64-3.11/spwd.cpython-311-x86_64-linux-gnu.so
build	Forge APK (Verbose)	2026-02-24T01:19:49.9609489Z [1m[90m[DEBUG][39m[0m:   	building 'mmap' extension
build	Forge APK (Verbose)	2026-02-24T01:19:49.9634721Z [1m[90m[DEBUG][39m[0m:   	gcc -fPIC -Wsign-compare -DNDEBUG -g -fwrapv -O3 -Wall -std=c11 -Wextra -Wno-unused-parameter -Wno-missing-field-initializers -Werror=implicit-function-declaration -fvisibility=hidden -I/home/runner/work/APEXYX_ORI_AI/APEXYX_ORI_AI/.buildozer/android/platform/build-arm64-v8a/build/other_builds/hostpython3/desktop/hostpython3/Include/internal -I. -IObjects -IPython -I/usr/include/x86_64-linux-gnu -I/usr/local/include -I/home/runner/work/APEXYX_ORI_AI/APEXYX_ORI_AI/.buildozer/android/platform/build-arm64-v8a/build/other_builds/hostpython3/desktop/hostpython3/Include -I/home/runner/work/APEXYX_ORI_AI/APEXYX_ORI_AI/.buildozer/android/platform/build-arm64-v8a/build/other_builds/hostpython3/desktop/hostpython3/native-build -c /home/runner/work/APEXYX_ORI_AI/APEXYX_ORI_AI/.buildozer/android/platform/build-arm64-v8a/build/other_builds/hostpython3/desktop/hostpython3/Modules/mmapmodule.c -o build/temp.linux-x86_64-3.11/home/runner/work/APEXYX_ORI_AI/APEXYX_ORI_AI/.buildozer/android/platform/build-arm64-v8a/build/other_builds/hostpython3/desktop/hostpython3/Modules/mmapmodule.o
build	Forge APK (Verbose)	2026-02-24T01:19:50.3065190Z [1m[90m[DEBUG][39m[0m:   	gcc -shared build/temp.linux-x86_64-3.11/home/runner/work/APEXYX_ORI_AI/APEXYX_ORI_AI/.buildozer/android/platform/build-arm64-v8a/build/other_builds/hostpython3/desktop/hostpython3/Modules/_pickle.o -L/usr/lib/x86_64-linux-gnu -L/usr/local/lib -o build/lib.linux-x86_64-3.11/_pickle.cpython-311-x86_64-linux-gnu.so
build	Forge APK (Verbose)	2026-02-24T01:19:50.3192427Z [1m[90m[DEBUG][39m[0m:   	gcc -shared build/temp.linux-x86_64-3.11/home/runner/work/APEXYX_ORI_AI/APEXYX_ORI_AI/.buildozer/android/platform/build-arm64-v8a/build/other_builds/hostpython3/desktop/hostpython3/Modules/selectmodule.o -L/usr/lib/x86_64-linux-gnu -L/usr/local/lib -o build/lib.linux-x86_64-3.11/select.cpython-311-x86_64-linux-gnu.so
build	Forge APK (Verbose)	2026-02-24T01:19:50.3401078Z [1m[90m[DEBUG][39m[0m:   	building 'syslog' extension
build	Forge APK (Verbose)	2026-02-24T01:19:50.3424197Z [1m[90m[DEBUG][39m[0m:   	gcc -fPIC -Wsign-compare -DNDEBUG -g -fwrapv -O3 -Wall -std=c11 -Wextra -Wno-unused-parameter -Wno-missing-field-initializers -Werror=implicit-function-declaration -fvisibility=hidden -I/home/runner/work/APEXYX_ORI_AI/APEXYX_ORI_AI/.buildozer/android/platform/build-arm64-v8a/build/other_builds/hostpython3/desktop/hostpython3/Include/internal -I. -IObjects -IPython -I/usr/include/x86_64-linux-gnu -I/usr/local/include -I/home/runner/work/APEXYX_ORI_AI/APEXYX_ORI_AI/.buildozer/android/platform/build-arm64-v8a/build/other_builds/hostpython3/desktop/hostpython3/Include -I/home/runner/work/APEXYX_ORI_AI/APEXYX_ORI_AI/.buildozer/android/platform/build-arm64-v8a/build/other_builds/hostpython3/desktop/hostpython3/native-build -c /home/runner/work/APEXYX_ORI_AI/APEXYX_ORI_AI/.buildozer/android/platform/build-arm64-v8a/build/other_builds/hostpython3/desktop/hostpython3/Modules/syslogmodule.c -o build/temp.linux-x86_64-3.11/home/runner/work/APEXYX_ORI_AI/APEXYX_ORI_AI/.buildozer/android/platform/build-arm64-v8a/build/other_builds/hostpython3/desktop/hostpython3/Modules/syslogmodule.o
build	Forge APK (Verbose)	2026-02-24T01:19:50.3463348Z [1m[90m[DEBUG][39m[0m:   	building '_xxsubinterpreters' extension
build	Forge APK (Verbose)	2026-02-24T01:19:50.3474442Z [1m[90m[DEBUG][39m[0m:   	gcc -fPIC -Wsign-compare -DNDEBUG -g -fwrapv -O3 -Wall -std=c11 -Wextra -Wno-unused-parameter -Wno-missing-field-initializers -Werror=implicit-function-declaration -fvisibility=hidden -I/home/runner/work/APEXYX_ORI_AI/APEXYX_ORI_AI/.buildozer/android/platform/build-arm64-v8a/build/other_builds/hostpython3/desktop/hostpython3/Include/internal -I. -IObjects -IPython -I/usr/include/x86_64-linux-gnu -I/usr/local/include -I/home/runner/work/APEXYX_ORI_AI/APEXYX_ORI_AI/.buildozer/android/platform/build-arm64-v8a/build/other_builds/hostpython3/desktop/hostpython3/Include -I/home/runner/work/APEXYX_ORI_AI/APEXYX_ORI_AI/.buildozer/android/platform/build-arm64-v8a/build/other_builds/hostpython3/desktop/hostpython3/native-build -c /home/runner/work/APEXYX_ORI_AI/APEXYX_ORI_AI/.buildozer/android/platform/build-arm64-v8a/build/other_builds/hostpython3/desktop/hostpython3/Modules/_xxsubinterpretersmodule.c -o build/temp.linux-x86_64-3.11/home/runner/work/APEXYX_ORI_AI/APEXYX_ORI_AI/.buildozer/android/platform/build-arm64-v8a/build/other_builds/hostpython3/desktop/hostpython3/Modules/_xxsubinterpretersmodule.o
build	Forge APK (Verbose)	2026-02-24T01:19:50.4029624Z [1m[90m[DEBUG][39m[0m:   	gcc -shared build/temp.linux-x86_64-3.11/home/runner/work/APEXYX_ORI_AI/APEXYX_ORI_AI/.buildozer/android/platform/build-arm64-v8a/build/other_builds/hostpython3/desktop/hostpython3/Modules/mmapmodule.o -L/usr/lib/x86_64-linux-gnu -L/usr/local/lib -o build/lib.linux-x86_64-3.11/mmap.cpython-311-x86_64-linux-gnu.so
build	Forge APK (Verbose)	2026-02-24T01:19:50.4312058Z [1m[90m[DEBUG][39m[0m:   	building 'audioop' extension
build	Forge APK (Verbose)	2026-02-24T01:19:50.4331482Z [1m[90m[DEBUG][39m[0m:   	gcc -fPIC -Wsign-compare -DNDEBUG -g -fwrapv -O3 -Wall -std=c11 -Wextra -Wno-unused-parameter -Wno-missing-field-initializers -Werror=implicit-function-declaration -fvisibility=hidden -I/home/runner/work/APEXYX_ORI_AI/APEXYX_ORI_AI/.buildozer/android/platform/build-arm64-v8a/build/other_builds/hostpython3/desktop/hostpython3/Include/internal -I. -IObjects -IPython -I/usr/include/x86_64-linux-gnu -I/usr/local/include -I/home/runner/work/APEXYX_ORI_AI/APEXYX_ORI_AI/.buildozer/android/platform/build-arm64-v8a/build/other_builds/hostpython3/desktop/hostpython3/Include -I/home/runner/work/APEXYX_ORI_AI/APEXYX_ORI_AI/.buildozer/android/platform/build-arm64-v8a/build/other_builds/hostpython3/desktop/hostpython3/native-build -c /home/runner/work/APEXYX_ORI_AI/APEXYX_ORI_AI/.buildozer/android/platform/build-arm64-v8a/build/other_builds/hostpython3/desktop/hostpython3/Modules/audioop.c -o build/temp.linux-x86_64-3.11/home/runner/work/APEXYX_ORI_AI/APEXYX_ORI_AI/.buildozer/android/platform/build-arm64-v8a/build/other_builds/hostpython3/desktop/hostpython3/Modules/audioop.o
build	Forge APK (Verbose)	2026-02-24T01:19:50.5453139Z [1m[90m[DEBUG][39m[0m:   	gcc -shared build/temp.linux-x86_64-3.11/home/runner/work/APEXYX_ORI_AI/APEXYX_ORI_AI/.buildozer/android/platform/build-arm64-v8a/build/other_builds/hostpython3/desktop/hostpython3/Modules/syslogmodule.o -L/usr/lib/x86_64-linux-gnu -L/usr/local/lib -o build/lib.linux-x86_64-3.11/syslog.cpython-311-x86_64-linux-gnu.so
build	Forge APK (Verbose)	2026-02-24T01:19:50.5722801Z [1m[90m[DEBUG][39m[0m:   	building '_csv' extension
build	Forge APK (Verbose)	2026-02-24T01:19:50.5738792Z [1m[90m[DEBUG][39m[0m:   	gcc -fPIC -Wsign-compare -DNDEBUG -g -fwrapv -O3 -Wall -std=c11 -Wextra -Wno-unused-parameter -Wno-missing-field-initializers -Werror=implicit-function-declaration -fvisibility=hidden -I/home/runner/work/APEXYX_ORI_AI/APEXYX_ORI_AI/.buildozer/android/platform/build-arm64-v8a/build/other_builds/hostpython3/desktop/hostpython3/Include/internal -I. -IObjects -IPython -I/usr/include/x86_64-linux-gnu -I/usr/local/include -I/home/runner/work/APEXYX_ORI_AI/APEXYX_ORI_AI/.buildozer/android/platform/build-arm64-v8a/build/other_builds/hostpython3/desktop/hostpython3/Include -I/home/runner/work/APEXYX_ORI_AI/APEXYX_ORI_AI/.buildozer/android/platform/build-arm64-v8a/build/other_builds/hostpython3/desktop/hostpython3/native-build -c /home/runner/work/APEXYX_ORI_AI/APEXYX_ORI_AI/.buildozer/android/platform/build-arm64-v8a/build/other_builds/hostpython3/desktop/hostpython3/Modules/_csv.c -o build/temp.linux-x86_64-3.11/home/runner/work/APEXYX_ORI_AI/APEXYX_ORI_AI/.buildozer/android/platform/build-arm64-v8a/build/other_builds/hostpython3/desktop/hostpython3/Modules/_csv.o
build	Forge APK (Verbose)	2026-02-24T01:19:51.0229469Z [1m[90m[DEBUG][39m[0m:   	gcc -shared build/temp.linux-x86_64-3.11/home/runner/work/APEXYX_ORI_AI/APEXYX_ORI_AI/.buildozer/android/platform/build-arm64-v8a/build/other_builds/hostpython3/desktop/hostpython3/Modules/_xxsubinterpretersmodule.o -L/usr/lib/x86_64-linux-gnu -L/usr/local/lib -o build/lib.linux-x86_64-3.11/_xxsubinterpreters.cpython-311-x86_64-linux-gnu.so
build	Forge APK (Verbose)	2026-02-24T01:19:51.0525900Z [1m[90m[DEBUG][39m[0m:   	building '_posixsubprocess' extension
build	Forge APK (Verbose)	2026-02-24T01:19:51.0542339Z [1m[90m[DEBUG][39m[0m:   	gcc -fPIC -Wsign-compare -DNDEBUG -g -fwrapv -O3 -Wall -std=c11 -Wextra -Wno-unused-parameter -Wno-missing-field-initializers -Werror=implicit-function-declaration -fvisibility=hidden -I/home/runner/work/APEXYX_ORI_AI/APEXYX_ORI_AI/.buildozer/android/platform/build-arm64-v8a/build/other_builds/hostpython3/desktop/hostpython3/Include/internal -I. -IObjects -IPython -I/usr/include/x86_64-linux-gnu -I/usr/local/include -I/home/runner/work/APEXYX_ORI_AI/APEXYX_ORI_AI/.buildozer/android/platform/build-arm64-v8a/build/other_builds/hostpython3/desktop/hostpython3/Include -I/home/runner/work/APEXYX_ORI_AI/APEXYX_ORI_AI/.buildozer/android/platform/build-arm64-v8a/build/other_builds/hostpython3/desktop/hostpython3/native-build -c /home/runner/work/APEXYX_ORI_AI/APEXYX_ORI_AI/.buildozer/android/platform/build-arm64-v8a/build/other_builds/hostpython3/desktop/hostpython3/Modules/_posixsubprocess.c -o build/temp.linux-x86_64-3.11/home/runner/work/APEXYX_ORI_AI/APEXYX_ORI_AI/.buildozer/android/platform/build-arm64-v8a/build/other_builds/hostpython3/desktop/hostpython3/Modules/_posixsubprocess.o
build	Forge APK (Verbose)	2026-02-24T01:19:51.2992336Z [1m[90m[DEBUG][39m[0m:   	gcc -shared build/temp.linux-x86_64-3.11/home/runner/work/APEXYX_ORI_AI/APEXYX_ORI_AI/.buildozer/android/platform/build-arm64-v8a/build/other_builds/hostpython3/desktop/hostpython3/Modules/_csv.o -L/usr/lib/x86_64-linux-gnu -L/usr/local/lib -o build/lib.linux-x86_64-3.11/_csv.cpython-311-x86_64-linux-gnu.so
build	Forge APK (Verbose)	2026-02-24T01:19:51.3069036Z [1m[90m[DEBUG][39m[0m:   	gcc -shared build/temp.linux-x86_64-3.11/home/runner/work/APEXYX_ORI_AI/APEXYX_ORI_AI/.buildozer/android/platform/build-arm64-v8a/build/other_builds/hostpython3/desktop/hostpython3/Modules/socketmodule.o -L/usr/lib/x86_64-linux-gnu -L/usr/local/lib -o build/lib.linux-x86_64-3.11/_socket.cpython-311-x86_64-linux-gnu.so
build	Forge APK (Verbose)	2026-02-24T01:19:51.3242269Z [1m[90m[DEBUG][39m[0m:   	building '_testcapi' extension
build	Forge APK (Verbose)	2026-02-24T01:19:51.3264837Z [1m[90m[DEBUG][39m[0m:   	gcc -fPIC -Wsign-compare -DNDEBUG -g -fwrapv -O3 -Wall -std=c11 -Wextra -Wno-unused-parameter -Wno-missing-field-initializers -Werror=implicit-function-declaration -fvisibility=hidden -I/home/runner/work/APEXYX_ORI_AI/APEXYX_ORI_AI/.buildozer/android/platform/build-arm64-v8a/build/other_builds/hostpython3/desktop/hostpython3/Include/internal -I. -IObjects -IPython -I/usr/include/x86_64-linux-gnu -I/usr/local/include -I/home/runner/work/APEXYX_ORI_AI/APEXYX_ORI_AI/.buildozer/android/platform/build-arm64-v8a/build/other_builds/hostpython3/desktop/hostpython3/Include -I/home/runner/work/APEXYX_ORI_AI/APEXYX_ORI_AI/.buildozer/android/platform/build-arm64-v8a/build/other_builds/hostpython3/desktop/hostpython3/native-build -c /home/runner/work/APEXYX_ORI_AI/APEXYX_ORI_AI/.buildozer/android/platform/build-arm64-v8a/build/other_builds/hostpython3/desktop/hostpython3/Modules/_testcapimodule.c -o build/temp.linux-x86_64-3.11/home/runner/work/APEXYX_ORI_AI/APEXYX_ORI_AI/.buildozer/android/platform/build-arm64-v8a/build/other_builds/hostpython3/desktop/hostpython3/Modules/_testcapimodule.o
build	Forge APK (Verbose)	2026-02-24T01:19:51.3350422Z [1m[90m[DEBUG][39m[0m:   	building '_testclinic' extension
build	Forge APK (Verbose)	2026-02-24T01:19:51.3372336Z [1m[90m[DEBUG][39m[0m:   	gcc -fPIC -Wsign-compare -DNDEBUG -g -fwrapv -O3 -Wall -std=c11 -Wextra -Wno-unused-parameter -Wno-missing-field-initializers -Werror=implicit-function-declaration -fvisibility=hidden -I/home/runner/work/APEXYX_ORI_AI/APEXYX_ORI_AI/.buildozer/android/platform/build-arm64-v8a/build/other_builds/hostpython3/desktop/hostpython3/Include/internal -I. -IObjects -IPython -I/usr/include/x86_64-linux-gnu -I/usr/local/include -I/home/runner/work/APEXYX_ORI_AI/APEXYX_ORI_AI/.buildozer/android/platform/build-arm64-v8a/build/other_builds/hostpython3/desktop/hostpython3/Include -I/home/runner/work/APEXYX_ORI_AI/APEXYX_ORI_AI/.buildozer/android/platform/build-arm64-v8a/build/other_builds/hostpython3/desktop/hostpython3/native-build -c /home/runner/work/APEXYX_ORI_AI/APEXYX_ORI_AI/.buildozer/android/platform/build-arm64-v8a/build/other_builds/hostpython3/desktop/hostpython3/Modules/_testclinic.c -o build/temp.linux-x86_64-3.11/home/runner/work/APEXYX_ORI_AI/APEXYX_ORI_AI/.buildozer/android/platform/build-arm64-v8a/build/other_builds/hostpython3/desktop/hostpython3/Modules/_testclinic.o
build	Forge APK (Verbose)	2026-02-24T01:19:51.4679236Z [1m[90m[DEBUG][39m[0m:   	gcc -shared build/temp.linux-x86_64-3.11/home/runner/work/APEXYX_ORI_AI/APEXYX_ORI_AI/.buildozer/android/platform/build-arm64-v8a/build/other_builds/hostpython3/desktop/hostpython3/Modules/_posixsubprocess.o -L/usr/lib/x86_64-linux-gnu -L/usr/local/lib -o build/lib.linux-x86_64-3.11/_posixsubprocess.cpython-311-x86_64-linux-gnu.so
build	Forge APK (Verbose)	2026-02-24T01:19:51.4943996Z [1m[90m[DEBUG][39m[0m:   	building '_testinternalcapi' extension
build	Forge APK (Verbose)	2026-02-24T01:19:51.4960341Z [1m[90m[DEBUG][39m[0m:   	gcc -fPIC -Wsign-compare -DNDEBUG -g -fwrapv -O3 -Wall -std=c11 -Wextra -Wno-unused-parameter -Wno-missing-field-initializers -Werror=implicit-function-declaration -fvisibility=hidden -I/home/runner/work/APEXYX_ORI_AI/APEXYX_ORI_AI/.buildozer/android/platform/build-arm64-v8a/build/other_builds/hostpython3/desktop/hostpython3/Include/internal -I. -IObjects -IPython -I/usr/include/x86_64-linux-gnu -I/usr/local/include -I/home/runner/work/APEXYX_ORI_AI/APEXYX_ORI_AI/.buildozer/android/platform/build-arm64-v8a/build/other_builds/hostpython3/desktop/hostpython3/Include -I/home/runner/work/APEXYX_ORI_AI/APEXYX_ORI_AI/.buildozer/android/platform/build-arm64-v8a/build/other_builds/hostpython3/desktop/hostpython3/native-build -c /home/runner/work/APEXYX_ORI_AI/APEXYX_ORI_AI/.buildozer/android/platform/build-arm64-v8a/build/other_builds/hostpython3/desktop/hostpython3/Modules/_testinternalcapi.c -o build/temp.linux-x86_64-3.11/home/runner/work/APEXYX_ORI_AI/APEXYX_ORI_AI/.buildozer/android/platform/build-arm64-v8a/build/other_builds/hostpython3/desktop/hostpython3/Modules/_testinternalcapi.o
build	Forge APK (Verbose)	2026-02-24T01:19:51.8576546Z [1m[90m[DEBUG][39m[0m:   	gcc -shared build/temp.linux-x86_64-3.11/home/runner/work/APEXYX_ORI_AI/APEXYX_ORI_AI/.buildozer/android/platform/build-arm64-v8a/build/other_builds/hostpython3/desktop/hostpython3/Modules/_testinternalcapi.o -L/usr/lib/x86_64-linux-gnu -L/usr/local/lib -o build/lib.linux-x86_64-3.11/_testinternalcapi.cpython-311-x86_64-linux-gnu.so
build	Forge APK (Verbose)	2026-02-24T01:19:51.8857678Z [1m[90m[DEBUG][39m[0m:   	building '_testbuffer' extension
build	Forge APK (Verbose)	2026-02-24T01:19:51.8874414Z [1m[90m[DEBUG][39m[0m:   	gcc -fPIC -Wsign-compare -DNDEBUG -g -fwrapv -O3 -Wall -std=c11 -Wextra -Wno-unused-parameter -Wno-missing-field-initializers -Werror=implicit-function-declaration -fvisibility=hidden -I/home/runner/work/APEXYX_ORI_AI/APEXYX_ORI_AI/.buildozer/android/platform/build-arm64-v8a/build/other_builds/hostpython3/desktop/hostpython3/Include/internal -I. -IObjects -IPython -I/usr/include/x86_64-linux-gnu -I/usr/local/include -I/home/runner/work/APEXYX_ORI_AI/APEXYX_ORI_AI/.buildozer/android/platform/build-arm64-v8a/build/other_builds/hostpython3/desktop/hostpython3/Include -I/home/runner/work/APEXYX_ORI_AI/APEXYX_ORI_AI/.buildozer/android/platform/build-arm64-v8a/build/other_builds/hostpython3/desktop/hostpython3/native-build -c /home/runner/work/APEXYX_ORI_AI/APEXYX_ORI_AI/.buildozer/android/platform/build-arm64-v8a/build/other_builds/hostpython3/desktop/hostpython3/Modules/_testbuffer.c -o build/temp.linux-x86_64-3.11/home/runner/work/APEXYX_ORI_AI/APEXYX_ORI_AI/.buildozer/android/platform/build-arm64-v8a/build/other_builds/hostpython3/desktop/hostpython3/Modules/_testbuffer.o
build	Forge APK (Verbose)	2026-02-24T01:19:51.9474210Z [1m[90m[DEBUG][39m[0m:   	gcc -shared build/temp.linux-x86_64-3.11/home/runner/work/APEXYX_ORI_AI/APEXYX_ORI_AI/.buildozer/android/platform/build-arm64-v8a/build/other_builds/hostpython3/desktop/hostpython3/Modules/audioop.o -L/usr/lib/x86_64-linux-gnu -L/usr/local/lib -lm -o build/lib.linux-x86_64-3.11/audioop.cpython-311-x86_64-linux-gnu.so
build	Forge APK (Verbose)	2026-02-24T01:19:51.9828338Z [1m[90m[DEBUG][39m[0m:   	building '_testimportmultiple' extension
build	Forge APK (Verbose)	2026-02-24T01:19:51.9854395Z [1m[90m[DEBUG][39m[0m:   	gcc -fPIC -Wsign-compare -DNDEBUG -g -fwrapv -O3 -Wall -std=c11 -Wextra -Wno-unused-parameter -Wno-missing-field-initializers -Werror=implicit-function-declaration -fvisibility=hidden -I/home/runner/work/APEXYX_ORI_AI/APEXYX_ORI_AI/.buildozer/android/platform/build-arm64-v8a/build/other_builds/hostpython3/desktop/hostpython3/Include/internal -I. -IObjects -IPython -I/usr/include/x86_64-linux-gnu -I/usr/local/include -I/home/runner/work/APEXYX_ORI_AI/APEXYX_ORI_AI/.buildozer/android/platform/build-arm64-v8a/build/other_builds/hostpython3/desktop/hostpython3/Include -I/home/runner/work/APEXYX_ORI_AI/APEXYX_ORI_AI/.buildozer/android/platform/build-arm64-v8a/build/other_builds/hostpython3/desktop/hostpython3/native-build -c /home/runner/work/APEXYX_ORI_AI/APEXYX_ORI_AI/.buildozer/android/platform/build-arm64-v8a/build/other_builds/hostpython3/desktop/hostpython3/Modules/_testimportmultiple.c -o build/temp.linux-x86_64-3.11/home/runner/work/APEXYX_ORI_AI/APEXYX_ORI_AI/.buildozer/android/platform/build-arm64-v8a/build/other_builds/hostpython3/desktop/hostpython3/Modules/_testimportmultiple.o
build	Forge APK (Verbose)	2026-02-24T01:19:52.1141680Z [1m[90m[DEBUG][39m[0m:   	gcc -shared build/temp.linux-x86_64-3.11/home/runner/work/APEXYX_ORI_AI/APEXYX_ORI_AI/.buildozer/android/platform/build-arm64-v8a/build/other_builds/hostpython3/desktop/hostpython3/Modules/_testimportmultiple.o -L/usr/lib/x86_64-linux-gnu -L/usr/local/lib -o build/lib.linux-x86_64-3.11/_testimportmultiple.cpython-311-x86_64-linux-gnu.so
build	Forge APK (Verbose)	2026-02-24T01:19:52.1336187Z [1m[90m[DEBUG][39m[0m:   	building '_testmultiphase' extension
build	Forge APK (Verbose)	2026-02-24T01:19:52.1358672Z [1m[90m[DEBUG][39m[0m:   	gcc -fPIC -Wsign-compare -DNDEBUG -g -fwrapv -O3 -Wall -std=c11 -Wextra -Wno-unused-parameter -Wno-missing-field-initializers -Werror=implicit-function-declaration -fvisibility=hidden -I/home/runner/work/APEXYX_ORI_AI/APEXYX_ORI_AI/.buildozer/android/platform/build-arm64-v8a/build/other_builds/hostpython3/desktop/hostpython3/Include/internal -I. -IObjects -IPython -I/usr/include/x86_64-linux-gnu -I/usr/local/include -I/home/runner/work/APEXYX_ORI_AI/APEXYX_ORI_AI/.buildozer/android/platform/build-arm64-v8a/build/other_builds/hostpython3/desktop/hostpython3/Include -I/home/runner/work/APEXYX_ORI_AI/APEXYX_ORI_AI/.buildozer/android/platform/build-arm64-v8a/build/other_builds/hostpython3/desktop/hostpython3/native-build -c /home/runner/work/APEXYX_ORI_AI/APEXYX_ORI_AI/.buildozer/android/platform/build-arm64-v8a/build/other_builds/hostpython3/desktop/hostpython3/Modules/_testmultiphase.c -o build/temp.linux-x86_64-3.11/home/runner/work/APEXYX_ORI_AI/APEXYX_ORI_AI/.buildozer/android/platform/build-arm64-v8a/build/other_builds/hostpython3/desktop/hostpython3/Modules/_testmultiphase.o
build	Forge APK (Verbose)	2026-02-24T01:19:52.4065246Z [1m[90m[DEBUG][39m[0m:   	gcc -shared build/temp.linux-x86_64-3.11/home/runner/work/APEXYX_ORI_AI/APEXYX_ORI_AI/.buildozer/android/platform/build-arm64-v8a/build/other_builds/hostpython3/desktop/hostpython3/Modules/_testmultiphase.o -L/usr/lib/x86_64-linux-gnu -L/usr/local/lib -o build/lib.linux-x86_64-3.11/_testmultiphase.cpython-311-x86_64-linux-gnu.so
build	Forge APK (Verbose)	2026-02-24T01:19:52.4339990Z [1m[90m[DEBUG][39m[0m:   	building '_xxtestfuzz' extension
build	Forge APK (Verbose)	2026-02-24T01:19:52.4350417Z [1m[90m[DEBUG][39m[0m:   	creating build/temp.linux-x86_64-3.11/home/runner/work/APEXYX_ORI_AI/APEXYX_ORI_AI/.buildozer/android/platform/build-arm64-v8a/build/other_builds/hostpython3/desktop/hostpython3/Modules/_xxtestfuzz
build	Forge APK (Verbose)	2026-02-24T01:19:52.4371635Z [1m[90m[DEBUG][39m[0m:   	gcc -fPIC -Wsign-compare -DNDEBUG -g -fwrapv -O3 -Wall -std=c11 -Wextra -Wno-unused-parameter -Wno-missing-field-initializers -Werror=implicit-function-declaration -fvisibility=hidden -I/home/runner/work/APEXYX_ORI_AI/APEXYX_ORI_AI/.buildozer/android/platform/build-arm64-v8a/build/other_builds/hostpython3/desktop/hostpython3/Include/internal -I. -IObjects -IPython -I/usr/include/x86_64-linux-gnu -I/usr/local/include -I/home/runner/work/APEXYX_ORI_AI/APEXYX_ORI_AI/.buildozer/android/platform/build-arm64-v8a/build/other_builds/hostpython3/desktop/hostpython3/Include -I/home/runner/work/APEXYX_ORI_AI/APEXYX_ORI_AI/.buildozer/android/platform/build-arm64-v8a/build/other_builds/hostpython3/desktop/hostpython3/native-build -c /home/runner/work/APEXYX_ORI_AI/APEXYX_ORI_AI/.buildozer/android/platform/build-arm64-v8a/build/other_builds/hostpython3/desktop/hostpython3/Modules/_xxtestfuzz/_xxtestfuzz.c -o build/temp.linux-x86_64-3.11/home/runner/work/APEXYX_ORI_AI/APEXYX_ORI_AI/.buildozer/android/platform/build-arm64-v8a/build/other_builds/hostpython3/desktop/hostpython3/Modules/_xxtestfuzz/_xxtestfuzz.o
build	Forge APK (Verbose)	2026-02-24T01:19:52.5731076Z [1m[90m[DEBUG][39m[0m:   	gcc -fPIC -Wsign-compare -DNDEBUG -g -fwrapv -O3 -Wall -std=c11 -Wextra -Wno-unused-parameter -Wno-missing-field-initializers -Werror=implicit-function-declaration -fvisibility=hidden -I/home/runner/work/APEXYX_ORI_AI/APEXYX_ORI_AI/.buildozer/android/platform/build-arm64-v8a/build/other_builds/hostpython3/desktop/hostpython3/Include/internal -I. -IObjects -IPython -I/usr/include/x86_64-linux-gnu -I/usr/local/include -I/home/runner/work/APEXYX_ORI_AI/APEXYX_ORI_AI/.buildozer/android/platform/build-arm64-v8a/build/other_builds/hostpython3/desktop/hostpython3/Include -I/home/runner/work/APEXYX_ORI_AI/APEXYX_ORI_AI/.buildozer/android/platform/build-arm64-v8a/build/other_builds/hostpython3/desktop/hostpython3/native-build -c /home/runner/work/APEXYX_ORI_AI/APEXYX_ORI_AI/.buildozer/android/platform/build-arm64-v8a/build/other_builds/hostpython3/desktop/hostpython3/Modules/_xxtestfuzz/fuzzer.c -o build/temp.linux-x86_64-3.11/home/runner/work/APEXYX_ORI_AI/APEXYX_ORI_AI/.buildozer/android/platform/build-arm64-v8a/build/other_builds/hostpython3/desktop/hostpython3/Modules/_xxtestfuzz/fuzzer.o
build	Forge APK (Verbose)	2026-02-24T01:19:52.5750752Z [1m[90m[DEBUG][39m[0m:   	gcc -shared build/temp.linux-x86_64-3.11/home/runner/work/APEXYX_ORI_AI/APEXYX_ORI_AI/.buildozer/android/platform/build-arm64-v8a/build/other_builds/hostpython3/desktop/hostpython3/Modules/_testclinic.o -L/usr/lib/x86_64-linux-gnu -L/usr/local/lib -o build/lib.linux-x86_64-3.11/_testclinic.cpython-311-x86_64-linux-gnu.so
build	Forge APK (Verbose)	2026-02-24T01:19:52.6027408Z [1m[90m[DEBUG][39m[0m:   	building '_curses' extension
build	Forge APK (Verbose)	2026-02-24T01:19:52.6053617Z [1m[90m[DEBUG][39m[0m:   	gcc -fPIC -Wsign-compare -DNDEBUG -g -fwrapv -O3 -Wall -std=c11 -Wextra -Wno-unused-parameter -Wno-missing-field-initializers -Werror=implicit-function-declaration -fvisibility=hidden -I/home/runner/work/APEXYX_ORI_AI/APEXYX_ORI_AI/.buildozer/android/platform/build-arm64-v8a/build/other_builds/hostpython3/desktop/hostpython3/Include/internal -DHAVE_NCURSESW=1 -I/usr/include/ncursesw -I. -IObjects -IPython -I/usr/include/x86_64-linux-gnu -I/usr/local/include -I/home/runner/work/APEXYX_ORI_AI/APEXYX_ORI_AI/.buildozer/android/platform/build-arm64-v8a/build/other_builds/hostpython3/desktop/hostpython3/Include -I/home/runner/work/APEXYX_ORI_AI/APEXYX_ORI_AI/.buildozer/android/platform/build-arm64-v8a/build/other_builds/hostpython3/desktop/hostpython3/native-build -c /home/runner/work/APEXYX_ORI_AI/APEXYX_ORI_AI/.buildozer/android/platform/build-arm64-v8a/build/other_builds/hostpython3/desktop/hostpython3/Modules/_cursesmodule.c -o build/temp.linux-x86_64-3.11/home/runner/work/APEXYX_ORI_AI/APEXYX_ORI_AI/.buildozer/android/platform/build-arm64-v8a/build/other_builds/hostpython3/desktop/hostpython3/Modules/_cursesmodule.o
build	Forge APK (Verbose)	2026-02-24T01:19:52.8277247Z [1m[90m[DEBUG][39m[0m:   	gcc -shared build/temp.linux-x86_64-3.11/home/runner/work/APEXYX_ORI_AI/APEXYX_ORI_AI/.buildozer/android/platform/build-arm64-v8a/build/other_builds/hostpython3/desktop/hostpython3/Modules/_xxtestfuzz/_xxtestfuzz.o build/temp.linux-x86_64-3.11/home/runner/work/APEXYX_ORI_AI/APEXYX_ORI_AI/.buildozer/android/platform/build-arm64-v8a/build/other_builds/hostpython3/desktop/hostpython3/Modules/_xxtestfuzz/fuzzer.o -L/usr/lib/x86_64-linux-gnu -L/usr/local/lib -o build/lib.linux-x86_64-3.11/_xxtestfuzz.cpython-311-x86_64-linux-gnu.so
build	Forge APK (Verbose)	2026-02-24T01:19:52.8545933Z [1m[90m[DEBUG][39m[0m:   	building '_curses_panel' extension
build	Forge APK (Verbose)	2026-02-24T01:19:52.8571056Z [1m[90m[DEBUG][39m[0m:   	gcc -fPIC -Wsign-compare -DNDEBUG -g -fwrapv -O3 -Wall -std=c11 -Wextra -Wno-unused-parameter -Wno-missing-field-initializers -Werror=implicit-function-declaration -fvisibility=hidden -I/home/runner/work/APEXYX_ORI_AI/APEXYX_ORI_AI/.buildozer/android/platform/build-arm64-v8a/build/other_builds/hostpython3/desktop/hostpython3/Include/internal -DHAVE_NCURSESW=1 -I/usr/include/ncursesw -I. -IObjects -IPython -I/usr/include/x86_64-linux-gnu -I/usr/local/include -I/home/runner/work/APEXYX_ORI_AI/APEXYX_ORI_AI/.buildozer/android/platform/build-arm64-v8a/build/other_builds/hostpython3/desktop/hostpython3/Include -I/home/runner/work/APEXYX_ORI_AI/APEXYX_ORI_AI/.buildozer/android/platform/build-arm64-v8a/build/other_builds/hostpython3/desktop/hostpython3/native-build -c /home/runner/work/APEXYX_ORI_AI/APEXYX_ORI_AI/.buildozer/android/platform/build-arm64-v8a/build/other_builds/hostpython3/desktop/hostpython3/Modules/_curses_panel.c -o build/temp.linux-x86_64-3.11/home/runner/work/APEXYX_ORI_AI/APEXYX_ORI_AI/.buildozer/android/platform/build-arm64-v8a/build/other_builds/hostpython3/desktop/hostpython3/Modules/_curses_panel.o
build	Forge APK (Verbose)	2026-02-24T01:19:52.9045039Z [1m[90m[DEBUG][39m[0m:   	gcc -shared build/temp.linux-x86_64-3.11/home/runner/work/APEXYX_ORI_AI/APEXYX_ORI_AI/.buildozer/android/platform/build-arm64-v8a/build/other_builds/hostpython3/desktop/hostpython3/Modules/_testbuffer.o -L/usr/lib/x86_64-linux-gnu -L/usr/local/lib -o build/lib.linux-x86_64-3.11/_testbuffer.cpython-311-x86_64-linux-gnu.so
build	Forge APK (Verbose)	2026-02-24T01:19:52.9327831Z [1m[90m[DEBUG][39m[0m:   	building '_crypt' extension
build	Forge APK (Verbose)	2026-02-24T01:19:52.9382497Z [1m[90m[DEBUG][39m[0m:   	gcc -fPIC -Wsign-compare -DNDEBUG -g -fwrapv -O3 -Wall -std=c11 -Wextra -Wno-unused-parameter -Wno-missing-field-initializers -Werror=implicit-function-declaration -fvisibility=hidden -I/home/runner/work/APEXYX_ORI_AI/APEXYX_ORI_AI/.buildozer/android/platform/build-arm64-v8a/build/other_builds/hostpython3/desktop/hostpython3/Include/internal -I. -IObjects -IPython -I/usr/include/x86_64-linux-gnu -I/usr/local/include -I/home/runner/work/APEXYX_ORI_AI/APEXYX_ORI_AI/.buildozer/android/platform/build-arm64-v8a/build/other_builds/hostpython3/desktop/hostpython3/Include -I/home/runner/work/APEXYX_ORI_AI/APEXYX_ORI_AI/.buildozer/android/platform/build-arm64-v8a/build/other_builds/hostpython3/desktop/hostpython3/native-build -c /home/runner/work/APEXYX_ORI_AI/APEXYX_ORI_AI/.buildozer/android/platform/build-arm64-v8a/build/other_builds/hostpython3/desktop/hostpython3/Modules/_cryptmodule.c -o build/temp.linux-x86_64-3.11/home/runner/work/APEXYX_ORI_AI/APEXYX_ORI_AI/.buildozer/android/platform/build-arm64-v8a/build/other_builds/hostpython3/desktop/hostpython3/Modules/_cryptmodule.o
build	Forge APK (Verbose)	2026-02-24T01:19:53.0817488Z [1m[90m[DEBUG][39m[0m:   	gcc -shared build/temp.linux-x86_64-3.11/home/runner/work/APEXYX_ORI_AI/APEXYX_ORI_AI/.buildozer/android/platform/build-arm64-v8a/build/other_builds/hostpython3/desktop/hostpython3/Modules/_cryptmodule.o -L/usr/lib/x86_64-linux-gnu -L/usr/local/lib -lcrypt -o build/lib.linux-x86_64-3.11/_crypt.cpython-311-x86_64-linux-gnu.so
build	Forge APK (Verbose)	2026-02-24T01:19:53.1068309Z [1m[90m[DEBUG][39m[0m:   	building '_ssl' extension
build	Forge APK (Verbose)	2026-02-24T01:19:53.1081704Z [1m[90m[DEBUG][39m[0m:   	gcc -fPIC -Wsign-compare -DNDEBUG -g -fwrapv -O3 -Wall -std=c11 -Wextra -Wno-unused-parameter -Wno-missing-field-initializers -Werror=implicit-function-declaration -fvisibility=hidden -I/home/runner/work/APEXYX_ORI_AI/APEXYX_ORI_AI/.buildozer/android/platform/build-arm64-v8a/build/other_builds/hostpython3/desktop/hostpython3/Include/internal -I. -IObjects -IPython -I/usr/include/x86_64-linux-gnu -I/usr/local/include -I/home/runner/work/APEXYX_ORI_AI/APEXYX_ORI_AI/.buildozer/android/platform/build-arm64-v8a/build/other_builds/hostpython3/desktop/hostpython3/Include -I/home/runner/work/APEXYX_ORI_AI/APEXYX_ORI_AI/.buildozer/android/platform/build-arm64-v8a/build/other_builds/hostpython3/desktop/hostpython3/native-build -c /home/runner/work/APEXYX_ORI_AI/APEXYX_ORI_AI/.buildozer/android/platform/build-arm64-v8a/build/other_builds/hostpython3/desktop/hostpython3/Modules/_ssl.c -o build/temp.linux-x86_64-3.11/home/runner/work/APEXYX_ORI_AI/APEXYX_ORI_AI/.buildozer/android/platform/build-arm64-v8a/build/other_builds/hostpython3/desktop/hostpython3/Modules/_ssl.o
build	Forge APK (Verbose)	2026-02-24T01:19:53.1577784Z [1m[90m[DEBUG][39m[0m:   	gcc -shared build/temp.linux-x86_64-3.11/home/runner/work/APEXYX_ORI_AI/APEXYX_ORI_AI/.buildozer/android/platform/build-arm64-v8a/build/other_builds/hostpython3/desktop/hostpython3/Modules/_curses_panel.o -L/usr/lib/x86_64-linux-gnu -L/usr/local/lib -lpanelw -lncursesw -o build/lib.linux-x86_64-3.11/_curses_panel.cpython-311-x86_64-linux-gnu.so
build	Forge APK (Verbose)	2026-02-24T01:19:53.1875352Z [1m[90m[DEBUG][39m[0m:   	building '_hashlib' extension
build	Forge APK (Verbose)	2026-02-24T01:19:53.1902107Z [1m[90m[DEBUG][39m[0m:   	gcc -fPIC -Wsign-compare -DNDEBUG -g -fwrapv -O3 -Wall -std=c11 -Wextra -Wno-unused-parameter -Wno-missing-field-initializers -Werror=implicit-function-declaration -fvisibility=hidden -I/home/runner/work/APEXYX_ORI_AI/APEXYX_ORI_AI/.buildozer/android/platform/build-arm64-v8a/build/other_builds/hostpython3/desktop/hostpython3/Include/internal -I. -IObjects -IPython -I/usr/include/x86_64-linux-gnu -I/usr/local/include -I/home/runner/work/APEXYX_ORI_AI/APEXYX_ORI_AI/.buildozer/android/platform/build-arm64-v8a/build/other_builds/hostpython3/desktop/hostpython3/Include -I/home/runner/work/APEXYX_ORI_AI/APEXYX_ORI_AI/.buildozer/android/platform/build-arm64-v8a/build/other_builds/hostpython3/desktop/hostpython3/native-build -c /home/runner/work/APEXYX_ORI_AI/APEXYX_ORI_AI/.buildozer/android/platform/build-arm64-v8a/build/other_builds/hostpython3/desktop/hostpython3/Modules/_hashopenssl.c -o build/temp.linux-x86_64-3.11/home/runner/work/APEXYX_ORI_AI/APEXYX_ORI_AI/.buildozer/android/platform/build-arm64-v8a/build/other_builds/hostpython3/desktop/hostpython3/Modules/_hashopenssl.o
build	Forge APK (Verbose)	2026-02-24T01:19:53.7902106Z [1m[90m[DEBUG][39m[0m:   	gcc -shared build/temp.linux-x86_64-3.11/home/runner/work/APEXYX_ORI_AI/APEXYX_ORI_AI/.buildozer/android/platform/build-arm64-v8a/build/other_builds/hostpython3/desktop/hostpython3/Modules/_testcapimodule.o -L/usr/lib/x86_64-linux-gnu -L/usr/local/lib -o build/lib.linux-x86_64-3.11/_testcapi.cpython-311-x86_64-linux-gnu.so
build	Forge APK (Verbose)	2026-02-24T01:19:53.8235801Z [1m[90m[DEBUG][39m[0m:   	building '_md5' extension
build	Forge APK (Verbose)	2026-02-24T01:19:53.8252320Z [1m[90m[DEBUG][39m[0m:   	gcc -fPIC -Wsign-compare -DNDEBUG -g -fwrapv -O3 -Wall -std=c11 -Wextra -Wno-unused-parameter -Wno-missing-field-initializers -Werror=implicit-function-declaration -fvisibility=hidden -I/home/runner/work/APEXYX_ORI_AI/APEXYX_ORI_AI/.buildozer/android/platform/build-arm64-v8a/build/other_builds/hostpython3/desktop/hostpython3/Include/internal -I. -IObjects -IPython -I/usr/include/x86_64-linux-gnu -I/usr/local/include -I/home/runner/work/APEXYX_ORI_AI/APEXYX_ORI_AI/.buildozer/android/platform/build-arm64-v8a/build/other_builds/hostpython3/desktop/hostpython3/Include -I/home/runner/work/APEXYX_ORI_AI/APEXYX_ORI_AI/.buildozer/android/platform/build-arm64-v8a/build/other_builds/hostpython3/desktop/hostpython3/native-build -c /home/runner/work/APEXYX_ORI_AI/APEXYX_ORI_AI/.buildozer/android/platform/build-arm64-v8a/build/other_builds/hostpython3/desktop/hostpython3/Modules/md5module.c -o build/temp.linux-x86_64-3.11/home/runner/work/APEXYX_ORI_AI/APEXYX_ORI_AI/.buildozer/android/platform/build-arm64-v8a/build/other_builds/hostpython3/desktop/hostpython3/Modules/md5module.o
build	Forge APK (Verbose)	2026-02-24T01:19:54.0457594Z [1m[90m[DEBUG][39m[0m:   	gcc -shared build/temp.linux-x86_64-3.11/home/runner/work/APEXYX_ORI_AI/APEXYX_ORI_AI/.buildozer/android/platform/build-arm64-v8a/build/other_builds/hostpython3/desktop/hostpython3/Modules/_hashopenssl.o -L/usr/lib/x86_64-linux-gnu -L/usr/local/lib -lcrypto -o build/lib.linux-x86_64-3.11/_hashlib.cpython-311-x86_64-linux-gnu.so
build	Forge APK (Verbose)	2026-02-24T01:19:54.1055909Z [1m[90m[DEBUG][39m[0m:   	building '_sha1' extension
build	Forge APK (Verbose)	2026-02-24T01:19:54.1064951Z [1m[90m[DEBUG][39m[0m:   	gcc -fPIC -Wsign-compare -DNDEBUG -g -fwrapv -O3 -Wall -std=c11 -Wextra -Wno-unused-parameter -Wno-missing-field-initializers -Werror=implicit-function-declaration -fvisibility=hidden -I/home/runner/work/APEXYX_ORI_AI/APEXYX_ORI_AI/.buildozer/android/platform/build-arm64-v8a/build/other_builds/hostpython3/desktop/hostpython3/Include/internal -I. -IObjects -IPython -I/usr/include/x86_64-linux-gnu -I/usr/local/include -I/home/runner/work/APEXYX_ORI_AI/APEXYX_ORI_AI/.buildozer/android/platform/build-arm64-v8a/build/other_builds/hostpython3/desktop/hostpython3/Include -I/home/runner/work/APEXYX_ORI_AI/APEXYX_ORI_AI/.buildozer/android/platform/build-arm64-v8a/build/other_builds/hostpython3/desktop/hostpython3/native-build -c /home/runner/work/APEXYX_ORI_AI/APEXYX_ORI_AI/.buildozer/android/platform/build-arm64-v8a/build/other_builds/hostpython3/desktop/hostpython3/Modules/sha1module.c -o build/temp.linux-x86_64-3.11/home/runner/work/APEXYX_ORI_AI/APEXYX_ORI_AI/.buildozer/android/platform/build-arm64-v8a/build/other_builds/hostpython3/desktop/hostpython3/Modules/sha1module.o
build	Forge APK (Verbose)	2026-02-24T01:19:54.1864418Z [1m[90m[DEBUG][39m[0m:   	gcc -shared build/temp.linux-x86_64-3.11/home/runner/work/APEXYX_ORI_AI/APEXYX_ORI_AI/.buildozer/android/platform/build-arm64-v8a/build/other_builds/hostpython3/desktop/hostpython3/Modules/md5module.o -L/usr/lib/x86_64-linux-gnu -L/usr/local/lib -o build/lib.linux-x86_64-3.11/_md5.cpython-311-x86_64-linux-gnu.so
build	Forge APK (Verbose)	2026-02-24T01:19:54.2121656Z [1m[90m[DEBUG][39m[0m:   	building '_sha256' extension
build	Forge APK (Verbose)	2026-02-24T01:19:54.2144180Z [1m[90m[DEBUG][39m[0m:   	gcc -fPIC -Wsign-compare -DNDEBUG -g -fwrapv -O3 -Wall -std=c11 -Wextra -Wno-unused-parameter -Wno-missing-field-initializers -Werror=implicit-function-declaration -fvisibility=hidden -I/home/runner/work/APEXYX_ORI_AI/APEXYX_ORI_AI/.buildozer/android/platform/build-arm64-v8a/build/other_builds/hostpython3/desktop/hostpython3/Include/internal -I. -IObjects -IPython -I/usr/include/x86_64-linux-gnu -I/usr/local/include -I/home/runner/work/APEXYX_ORI_AI/APEXYX_ORI_AI/.buildozer/android/platform/build-arm64-v8a/build/other_builds/hostpython3/desktop/hostpython3/Include -I/home/runner/work/APEXYX_ORI_AI/APEXYX_ORI_AI/.buildozer/android/platform/build-arm64-v8a/build/other_builds/hostpython3/desktop/hostpython3/native-build -c /home/runner/work/APEXYX_ORI_AI/APEXYX_ORI_AI/.buildozer/android/platform/build-arm64-v8a/build/other_builds/hostpython3/desktop/hostpython3/Modules/sha256module.c -o build/temp.linux-x86_64-3.11/home/runner/work/APEXYX_ORI_AI/APEXYX_ORI_AI/.buildozer/android/platform/build-arm64-v8a/build/other_builds/hostpython3/desktop/hostpython3/Modules/sha256module.o
build	Forge APK (Verbose)	2026-02-24T01:19:54.5192592Z [1m[90m[DEBUG][39m[0m:   	gcc -shared build/temp.linux-x86_64-3.11/home/runner/work/APEXYX_ORI_AI/APEXYX_ORI_AI/.buildozer/android/platform/build-arm64-v8a/build/other_builds/hostpython3/desktop/hostpython3/Modules/sha1module.o -L/usr/lib/x86_64-linux-gnu -L/usr/local/lib -o build/lib.linux-x86_64-3.11/_sha1.cpython-311-x86_64-linux-gnu.so
build	Forge APK (Verbose)	2026-02-24T01:19:54.5480432Z [1m[90m[DEBUG][39m[0m:   	building '_sha512' extension
build	Forge APK (Verbose)	2026-02-24T01:19:54.5502958Z [1m[90m[DEBUG][39m[0m:   	gcc -fPIC -Wsign-compare -DNDEBUG -g -fwrapv -O3 -Wall -std=c11 -Wextra -Wno-unused-parameter -Wno-missing-field-initializers -Werror=implicit-function-declaration -fvisibility=hidden -I/home/runner/work/APEXYX_ORI_AI/APEXYX_ORI_AI/.buildozer/android/platform/build-arm64-v8a/build/other_builds/hostpython3/desktop/hostpython3/Include/internal -I. -IObjects -IPython -I/usr/include/x86_64-linux-gnu -I/usr/local/include -I/home/runner/work/APEXYX_ORI_AI/APEXYX_ORI_AI/.buildozer/android/platform/build-arm64-v8a/build/other_builds/hostpython3/desktop/hostpython3/Include -I/home/runner/work/APEXYX_ORI_AI/APEXYX_ORI_AI/.buildozer/android/platform/build-arm64-v8a/build/other_builds/hostpython3/desktop/hostpython3/native-build -c /home/runner/work/APEXYX_ORI_AI/APEXYX_ORI_AI/.buildozer/android/platform/build-arm64-v8a/build/other_builds/hostpython3/desktop/hostpython3/Modules/sha512module.c -o build/temp.linux-x86_64-3.11/home/runner/work/APEXYX_ORI_AI/APEXYX_ORI_AI/.buildozer/android/platform/build-arm64-v8a/build/other_builds/hostpython3/desktop/hostpython3/Modules/sha512module.o
build	Forge APK (Verbose)	2026-02-24T01:19:54.6155699Z [1m[90m[DEBUG][39m[0m:   	gcc -shared build/temp.linux-x86_64-3.11/home/runner/work/APEXYX_ORI_AI/APEXYX_ORI_AI/.buildozer/android/platform/build-arm64-v8a/build/other_builds/hostpython3/desktop/hostpython3/Modules/_cursesmodule.o -L/usr/lib/x86_64-linux-gnu -L/usr/local/lib -lncursesw -o build/lib.linux-x86_64-3.11/_curses.cpython-311-x86_64-linux-gnu.so
build	Forge APK (Verbose)	2026-02-24T01:19:54.6499866Z [1m[90m[DEBUG][39m[0m:   	building '_sha3' extension
build	Forge APK (Verbose)	2026-02-24T01:19:54.6510327Z [1m[90m[DEBUG][39m[0m:   	creating build/temp.linux-x86_64-3.11/home/runner/work/APEXYX_ORI_AI/APEXYX_ORI_AI/.buildozer/android/platform/build-arm64-v8a/build/other_builds/hostpython3/desktop/hostpython3/Modules/_sha3
build	Forge APK (Verbose)	2026-02-24T01:19:54.6532190Z [1m[90m[DEBUG][39m[0m:   	gcc -fPIC -Wsign-compare -DNDEBUG -g -fwrapv -O3 -Wall -std=c11 -Wextra -Wno-unused-parameter -Wno-missing-field-initializers -Werror=implicit-function-declaration -fvisibility=hidden -I/home/runner/work/APEXYX_ORI_AI/APEXYX_ORI_AI/.buildozer/android/platform/build-arm64-v8a/build/other_builds/hostpython3/desktop/hostpython3/Include/internal -I. -IObjects -IPython -I/usr/include/x86_64-linux-gnu -I/usr/local/include -I/home/runner/work/APEXYX_ORI_AI/APEXYX_ORI_AI/.buildozer/android/platform/build-arm64-v8a/build/other_builds/hostpython3/desktop/hostpython3/Include -I/home/runner/work/APEXYX_ORI_AI/APEXYX_ORI_AI/.buildozer/android/platform/build-arm64-v8a/build/other_builds/hostpython3/desktop/hostpython3/native-build -c /home/runner/work/APEXYX_ORI_AI/APEXYX_ORI_AI/.buildozer/android/platform/build-arm64-v8a/build/other_builds/hostpython3/desktop/hostpython3/Modules/_sha3/sha3module.c -o build/temp.linux-x86_64-3.11/home/runner/work/APEXYX_ORI_AI/APEXYX_ORI_AI/.buildozer/android/platform/build-arm64-v8a/build/other_builds/hostpython3/desktop/hostpython3/Modules/_sha3/sha3module.o
build	Forge APK (Verbose)	2026-02-24T01:19:54.8462454Z [1m[90m[DEBUG][39m[0m:   	gcc -shared build/temp.linux-x86_64-3.11/home/runner/work/APEXYX_ORI_AI/APEXYX_ORI_AI/.buildozer/android/platform/build-arm64-v8a/build/other_builds/hostpython3/desktop/hostpython3/Modules/sha256module.o -L/usr/lib/x86_64-linux-gnu -L/usr/local/lib -o build/lib.linux-x86_64-3.11/_sha256.cpython-311-x86_64-linux-gnu.so
build	Forge APK (Verbose)	2026-02-24T01:19:54.8734399Z [1m[90m[DEBUG][39m[0m:   	building '_blake2' extension
build	Forge APK (Verbose)	2026-02-24T01:19:54.8753451Z [1m[90m[DEBUG][39m[0m:   	creating build/temp.linux-x86_64-3.11/home/runner/work/APEXYX_ORI_AI/APEXYX_ORI_AI/.buildozer/android/platform/build-arm64-v8a/build/other_builds/hostpython3/desktop/hostpython3/Modules/_blake2
build	Forge APK (Verbose)	2026-02-24T01:19:54.8764012Z [1m[90m[DEBUG][39m[0m:   	gcc -fPIC -Wsign-compare -DNDEBUG -g -fwrapv -O3 -Wall -std=c11 -Wextra -Wno-unused-parameter -Wno-missing-field-initializers -Werror=implicit-function-declaration -fvisibility=hidden -I/home/runner/work/APEXYX_ORI_AI/APEXYX_ORI_AI/.buildozer/android/platform/build-arm64-v8a/build/other_builds/hostpython3/desktop/hostpython3/Include/internal -I. -IObjects -IPython -I/usr/include/x86_64-linux-gnu -I/usr/local/include -I/home/runner/work/APEXYX_ORI_AI/APEXYX_ORI_AI/.buildozer/android/platform/build-arm64-v8a/build/other_builds/hostpython3/desktop/hostpython3/Include -I/home/runner/work/APEXYX_ORI_AI/APEXYX_ORI_AI/.buildozer/android/platform/build-arm64-v8a/build/other_builds/hostpython3/desktop/hostpython3/native-build -c /home/runner/work/APEXYX_ORI_AI/APEXYX_ORI_AI/.buildozer/android/platform/build-arm64-v8a/build/other_builds/hostpython3/desktop/hostpython3/Modules/_blake2/blake2b_impl.c -o build/temp.linux-x86_64-3.11/home/runner/work/APEXYX_ORI_AI/APEXYX_ORI_AI/.buildozer/android/platform/build-arm64-v8a/build/other_builds/hostpython3/desktop/hostpython3/Modules/_blake2/blake2b_impl.o
build	Forge APK (Verbose)	2026-02-24T01:19:55.0796458Z [1m[90m[DEBUG][39m[0m:   	gcc -shared build/temp.linux-x86_64-3.11/home/runner/work/APEXYX_ORI_AI/APEXYX_ORI_AI/.buildozer/android/platform/build-arm64-v8a/build/other_builds/hostpython3/desktop/hostpython3/Modules/_sha3/sha3module.o -L/usr/lib/x86_64-linux-gnu -L/usr/local/lib -o build/lib.linux-x86_64-3.11/_sha3.cpython-311-x86_64-linux-gnu.so
build	Forge APK (Verbose)	2026-02-24T01:19:55.1057217Z [1m[90m[DEBUG][39m[0m:   	building '_sqlite3' extension
build	Forge APK (Verbose)	2026-02-24T01:19:55.1067599Z [1m[90m[DEBUG][39m[0m:   	creating build/temp.linux-x86_64-3.11/home/runner/work/APEXYX_ORI_AI/APEXYX_ORI_AI/.buildozer/android/platform/build-arm64-v8a/build/other_builds/hostpython3/desktop/hostpython3/Modules/_sqlite
build	Forge APK (Verbose)	2026-02-24T01:19:55.1082475Z [1m[90m[DEBUG][39m[0m:   	gcc -fPIC -Wsign-compare -DNDEBUG -g -fwrapv -O3 -Wall -std=c11 -Wextra -Wno-unused-parameter -Wno-missing-field-initializers -Werror=implicit-function-declaration -fvisibility=hidden -I/home/runner/work/APEXYX_ORI_AI/APEXYX_ORI_AI/.buildozer/android/platform/build-arm64-v8a/build/other_builds/hostpython3/desktop/hostpython3/Include/internal -I/home/runner/work/APEXYX_ORI_AI/APEXYX_ORI_AI/.buildozer/android/platform/build-arm64-v8a/build/other_builds/hostpython3/desktop/hostpython3/Modules/_sqlite -I. -IObjects -IPython -I/usr/include/x86_64-linux-gnu -I/usr/local/include -I/home/runner/work/APEXYX_ORI_AI/APEXYX_ORI_AI/.buildozer/android/platform/build-arm64-v8a/build/other_builds/hostpython3/desktop/hostpython3/Include -I/home/runner/work/APEXYX_ORI_AI/APEXYX_ORI_AI/.buildozer/android/platform/build-arm64-v8a/build/other_builds/hostpython3/desktop/hostpython3/native-build -c /home/runner/work/APEXYX_ORI_AI/APEXYX_ORI_AI/.buildozer/android/platform/build-arm64-v8a/build/other_builds/hostpython3/desktop/hostpython3/Modules/_sqlite/blob.c -o build/temp.linux-x86_64-3.11/home/runner/work/APEXYX_ORI_AI/APEXYX_ORI_AI/.buildozer/android/platform/build-arm64-v8a/build/other_builds/hostpython3/desktop/hostpython3/Modules/_sqlite/blob.o
build	Forge APK (Verbose)	2026-02-24T01:19:55.2802997Z [1m[90m[DEBUG][39m[0m:   	gcc -shared build/temp.linux-x86_64-3.11/home/runner/work/APEXYX_ORI_AI/APEXYX_ORI_AI/.buildozer/android/platform/build-arm64-v8a/build/other_builds/hostpython3/desktop/hostpython3/Modules/sha512module.o -L/usr/lib/x86_64-linux-gnu -L/usr/local/lib -o build/lib.linux-x86_64-3.11/_sha512.cpython-311-x86_64-linux-gnu.so
build	Forge APK (Verbose)	2026-02-24T01:19:55.2842500Z [1m[90m[DEBUG][39m[0m:   	gcc -shared build/temp.linux-x86_64-3.11/home/runner/work/APEXYX_ORI_AI/APEXYX_ORI_AI/.buildozer/android/platform/build-arm64-v8a/build/other_builds/hostpython3/desktop/hostpython3/Modules/_ssl.o -L/usr/lib/x86_64-linux-gnu -L/usr/local/lib -lssl -lcrypto -o build/lib.linux-x86_64-3.11/_ssl.cpython-311-x86_64-linux-gnu.so
build	Forge APK (Verbose)	2026-02-24T01:19:55.3052320Z [1m[90m[DEBUG][39m[0m:   	building 'termios' extension
build	Forge APK (Verbose)	2026-02-24T01:19:55.3073634Z [1m[90m[DEBUG][39m[0m:   	gcc -fPIC -Wsign-compare -DNDEBUG -g -fwrapv -O3 -Wall -std=c11 -Wextra -Wno-unused-parameter -Wno-missing-field-initializers -Werror=implicit-function-declaration -fvisibility=hidden -I/home/runner/work/APEXYX_ORI_AI/APEXYX_ORI_AI/.buildozer/android/platform/build-arm64-v8a/build/other_builds/hostpython3/desktop/hostpython3/Include/internal -I. -IObjects -IPython -I/usr/include/x86_64-linux-gnu -I/usr/local/include -I/home/runner/work/APEXYX_ORI_AI/APEXYX_ORI_AI/.buildozer/android/platform/build-arm64-v8a/build/other_builds/hostpython3/desktop/hostpython3/Include -I/home/runner/work/APEXYX_ORI_AI/APEXYX_ORI_AI/.buildozer/android/platform/build-arm64-v8a/build/other_builds/hostpython3/desktop/hostpython3/native-build -c /home/runner/work/APEXYX_ORI_AI/APEXYX_ORI_AI/.buildozer/android/platform/build-arm64-v8a/build/other_builds/hostpython3/desktop/hostpython3/Modules/termios.c -o build/temp.linux-x86_64-3.11/home/runner/work/APEXYX_ORI_AI/APEXYX_ORI_AI/.buildozer/android/platform/build-arm64-v8a/build/other_builds/hostpython3/desktop/hostpython3/Modules/termios.o
build	Forge APK (Verbose)	2026-02-24T01:19:55.3492399Z [1m[90m[DEBUG][39m[0m:   	building 'resource' extension
build	Forge APK (Verbose)	2026-02-24T01:19:55.3510046Z [1m[90m[DEBUG][39m[0m:   	gcc -fPIC -Wsign-compare -DNDEBUG -g -fwrapv -O3 -Wall -std=c11 -Wextra -Wno-unused-parameter -Wno-missing-field-initializers -Werror=implicit-function-declaration -fvisibility=hidden -I/home/runner/work/APEXYX_ORI_AI/APEXYX_ORI_AI/.buildozer/android/platform/build-arm64-v8a/build/other_builds/hostpython3/desktop/hostpython3/Include/internal -I. -IObjects -IPython -I/usr/include/x86_64-linux-gnu -I/usr/local/include -I/home/runner/work/APEXYX_ORI_AI/APEXYX_ORI_AI/.buildozer/android/platform/build-arm64-v8a/build/other_builds/hostpython3/desktop/hostpython3/Include -I/home/runner/work/APEXYX_ORI_AI/APEXYX_ORI_AI/.buildozer/android/platform/build-arm64-v8a/build/other_builds/hostpython3/desktop/hostpython3/native-build -c /home/runner/work/APEXYX_ORI_AI/APEXYX_ORI_AI/.buildozer/android/platform/build-arm64-v8a/build/other_builds/hostpython3/desktop/hostpython3/Modules/resource.c -o build/temp.linux-x86_64-3.11/home/runner/work/APEXYX_ORI_AI/APEXYX_ORI_AI/.buildozer/android/platform/build-arm64-v8a/build/other_builds/hostpython3/desktop/hostpython3/Modules/resource.o
build	Forge APK (Verbose)	2026-02-24T01:19:55.4439069Z [1m[90m[DEBUG][39m[0m:   	gcc -fPIC -Wsign-compare -DNDEBUG -g -fwrapv -O3 -Wall -std=c11 -Wextra -Wno-unused-parameter -Wno-missing-field-initializers -Werror=implicit-function-declaration -fvisibility=hidden -I/home/runner/work/APEXYX_ORI_AI/APEXYX_ORI_AI/.buildozer/android/platform/build-arm64-v8a/build/other_builds/hostpython3/desktop/hostpython3/Include/internal -I/home/runner/work/APEXYX_ORI_AI/APEXYX_ORI_AI/.buildozer/android/platform/build-arm64-v8a/build/other_builds/hostpython3/desktop/hostpython3/Modules/_sqlite -I. -IObjects -IPython -I/usr/include/x86_64-linux-gnu -I/usr/local/include -I/home/runner/work/APEXYX_ORI_AI/APEXYX_ORI_AI/.buildozer/android/platform/build-arm64-v8a/build/other_builds/hostpython3/desktop/hostpython3/Include -I/home/runner/work/APEXYX_ORI_AI/APEXYX_ORI_AI/.buildozer/android/platform/build-arm64-v8a/build/other_builds/hostpython3/desktop/hostpython3/native-build -c /home/runner/work/APEXYX_ORI_AI/APEXYX_ORI_AI/.buildozer/android/platform/build-arm64-v8a/build/other_builds/hostpython3/desktop/hostpython3/Modules/_sqlite/connection.c -o build/temp.linux-x86_64-3.11/home/runner/work/APEXYX_ORI_AI/APEXYX_ORI_AI/.buildozer/android/platform/build-arm64-v8a/build/other_builds/hostpython3/desktop/hostpython3/Modules/_sqlite/connection.o
build	Forge APK (Verbose)	2026-02-24T01:19:55.5717117Z [1m[90m[DEBUG][39m[0m:   	gcc -shared build/temp.linux-x86_64-3.11/home/runner/work/APEXYX_ORI_AI/APEXYX_ORI_AI/.buildozer/android/platform/build-arm64-v8a/build/other_builds/hostpython3/desktop/hostpython3/Modules/termios.o -L/usr/lib/x86_64-linux-gnu -L/usr/local/lib -o build/lib.linux-x86_64-3.11/termios.cpython-311-x86_64-linux-gnu.so
build	Forge APK (Verbose)	2026-02-24T01:19:55.5751590Z [1m[90m[DEBUG][39m[0m:   	gcc -shared build/temp.linux-x86_64-3.11/home/runner/work/APEXYX_ORI_AI/APEXYX_ORI_AI/.buildozer/android/platform/build-arm64-v8a/build/other_builds/hostpython3/desktop/hostpython3/Modules/resource.o -L/usr/lib/x86_64-linux-gnu -L/usr/local/lib -o build/lib.linux-x86_64-3.11/resource.cpython-311-x86_64-linux-gnu.so
build	Forge APK (Verbose)	2026-02-24T01:19:55.5985642Z [1m[90m[DEBUG][39m[0m:   	building 'ossaudiodev' extension
build	Forge APK (Verbose)	2026-02-24T01:19:55.6014950Z [1m[90m[DEBUG][39m[0m:   	gcc -fPIC -Wsign-compare -DNDEBUG -g -fwrapv -O3 -Wall -std=c11 -Wextra -Wno-unused-parameter -Wno-missing-field-initializers -Werror=implicit-function-declaration -fvisibility=hidden -I/home/runner/work/APEXYX_ORI_AI/APEXYX_ORI_AI/.buildozer/android/platform/build-arm64-v8a/build/other_builds/hostpython3/desktop/hostpython3/Include/internal -I. -IObjects -IPython -I/usr/include/x86_64-linux-gnu -I/usr/local/include -I/home/runner/work/APEXYX_ORI_AI/APEXYX_ORI_AI/.buildozer/android/platform/build-arm64-v8a/build/other_builds/hostpython3/desktop/hostpython3/Include -I/home/runner/work/APEXYX_ORI_AI/APEXYX_ORI_AI/.buildozer/android/platform/build-arm64-v8a/build/other_builds/hostpython3/desktop/hostpython3/native-build -c /home/runner/work/APEXYX_ORI_AI/APEXYX_ORI_AI/.buildozer/android/platform/build-arm64-v8a/build/other_builds/hostpython3/desktop/hostpython3/Modules/ossaudiodev.c -o build/temp.linux-x86_64-3.11/home/runner/work/APEXYX_ORI_AI/APEXYX_ORI_AI/.buildozer/android/platform/build-arm64-v8a/build/other_builds/hostpython3/desktop/hostpython3/Modules/ossaudiodev.o
build	Forge APK (Verbose)	2026-02-24T01:19:55.6091767Z [1m[90m[DEBUG][39m[0m:   	building 'zlib' extension
build	Forge APK (Verbose)	2026-02-24T01:19:55.6101383Z [1m[90m[DEBUG][39m[0m:   	gcc -fPIC -Wsign-compare -DNDEBUG -g -fwrapv -O3 -Wall -std=c11 -Wextra -Wno-unused-parameter -Wno-missing-field-initializers -Werror=implicit-function-declaration -fvisibility=hidden -I/home/runner/work/APEXYX_ORI_AI/APEXYX_ORI_AI/.buildozer/android/platform/build-arm64-v8a/build/other_builds/hostpython3/desktop/hostpython3/Include/internal -I. -IObjects -IPython -I/usr/include/x86_64-linux-gnu -I/usr/local/include -I/home/runner/work/APEXYX_ORI_AI/APEXYX_ORI_AI/.buildozer/android/platform/build-arm64-v8a/build/other_builds/hostpython3/desktop/hostpython3/Include -I/home/runner/work/APEXYX_ORI_AI/APEXYX_ORI_AI/.buildozer/android/platform/build-arm64-v8a/build/other_builds/hostpython3/desktop/hostpython3/native-build -c /home/runner/work/APEXYX_ORI_AI/APEXYX_ORI_AI/.buildozer/android/platform/build-arm64-v8a/build/other_builds/hostpython3/desktop/hostpython3/Modules/zlibmodule.c -o build/temp.linux-x86_64-3.11/home/runner/work/APEXYX_ORI_AI/APEXYX_ORI_AI/.buildozer/android/platform/build-arm64-v8a/build/other_builds/hostpython3/desktop/hostpython3/Modules/zlibmodule.o
build	Forge APK (Verbose)	2026-02-24T01:19:55.6290101Z [1m[90m[DEBUG][39m[0m:   	gcc -fPIC -Wsign-compare -DNDEBUG -g -fwrapv -O3 -Wall -std=c11 -Wextra -Wno-unused-parameter -Wno-missing-field-initializers -Werror=implicit-function-declaration -fvisibility=hidden -I/home/runner/work/APEXYX_ORI_AI/APEXYX_ORI_AI/.buildozer/android/platform/build-arm64-v8a/build/other_builds/hostpython3/desktop/hostpython3/Include/internal -I. -IObjects -IPython -I/usr/include/x86_64-linux-gnu -I/usr/local/include -I/home/runner/work/APEXYX_ORI_AI/APEXYX_ORI_AI/.buildozer/android/platform/build-arm64-v8a/build/other_builds/hostpython3/desktop/hostpython3/Include -I/home/runner/work/APEXYX_ORI_AI/APEXYX_ORI_AI/.buildozer/android/platform/build-arm64-v8a/build/other_builds/hostpython3/desktop/hostpython3/native-build -c /home/runner/work/APEXYX_ORI_AI/APEXYX_ORI_AI/.buildozer/android/platform/build-arm64-v8a/build/other_builds/hostpython3/desktop/hostpython3/Modules/_blake2/blake2module.c -o build/temp.linux-x86_64-3.11/home/runner/work/APEXYX_ORI_AI/APEXYX_ORI_AI/.buildozer/android/platform/build-arm64-v8a/build/other_builds/hostpython3/desktop/hostpython3/Modules/_blake2/blake2module.o
build	Forge APK (Verbose)	2026-02-24T01:19:55.8048796Z [1m[90m[DEBUG][39m[0m:   	gcc -fPIC -Wsign-compare -DNDEBUG -g -fwrapv -O3 -Wall -std=c11 -Wextra -Wno-unused-parameter -Wno-missing-field-initializers -Werror=implicit-function-declaration -fvisibility=hidden -I/home/runner/work/APEXYX_ORI_AI/APEXYX_ORI_AI/.buildozer/android/platform/build-arm64-v8a/build/other_builds/hostpython3/desktop/hostpython3/Include/internal -I. -IObjects -IPython -I/usr/include/x86_64-linux-gnu -I/usr/local/include -I/home/runner/work/APEXYX_ORI_AI/APEXYX_ORI_AI/.buildozer/android/platform/build-arm64-v8a/build/other_builds/hostpython3/desktop/hostpython3/Include -I/home/runner/work/APEXYX_ORI_AI/APEXYX_ORI_AI/.buildozer/android/platform/build-arm64-v8a/build/other_builds/hostpython3/desktop/hostpython3/native-build -c /home/runner/work/APEXYX_ORI_AI/APEXYX_ORI_AI/.buildozer/android/platform/build-arm64-v8a/build/other_builds/hostpython3/desktop/hostpython3/Modules/_blake2/blake2s_impl.c -o build/temp.linux-x86_64-3.11/home/runner/work/APEXYX_ORI_AI/APEXYX_ORI_AI/.buildozer/android/platform/build-arm64-v8a/build/other_builds/hostpython3/desktop/hostpython3/Modules/_blake2/blake2s_impl.o
build	Forge APK (Verbose)	2026-02-24T01:19:56.0816248Z [1m[90m[DEBUG][39m[0m:   	gcc -shared build/temp.linux-x86_64-3.11/home/runner/work/APEXYX_ORI_AI/APEXYX_ORI_AI/.buildozer/android/platform/build-arm64-v8a/build/other_builds/hostpython3/desktop/hostpython3/Modules/ossaudiodev.o -L/usr/lib/x86_64-linux-gnu -L/usr/local/lib -o build/lib.linux-x86_64-3.11/ossaudiodev.cpython-311-x86_64-linux-gnu.so
build	Forge APK (Verbose)	2026-02-24T01:19:56.1111934Z [1m[90m[DEBUG][39m[0m:   	building 'binascii' extension
build	Forge APK (Verbose)	2026-02-24T01:19:56.1129527Z [1m[90m[DEBUG][39m[0m:   	gcc -fPIC -Wsign-compare -DNDEBUG -g -fwrapv -O3 -Wall -std=c11 -Wextra -Wno-unused-parameter -Wno-missing-field-initializers -Werror=implicit-function-declaration -fvisibility=hidden -I/home/runner/work/APEXYX_ORI_AI/APEXYX_ORI_AI/.buildozer/android/platform/build-arm64-v8a/build/other_builds/hostpython3/desktop/hostpython3/Include/internal -DUSE_ZLIB_CRC32 -I. -IObjects -IPython -I/usr/include/x86_64-linux-gnu -I/usr/local/include -I/home/runner/work/APEXYX_ORI_AI/APEXYX_ORI_AI/.buildozer/android/platform/build-arm64-v8a/build/other_builds/hostpython3/desktop/hostpython3/Include -I/home/runner/work/APEXYX_ORI_AI/APEXYX_ORI_AI/.buildozer/android/platform/build-arm64-v8a/build/other_builds/hostpython3/desktop/hostpython3/native-build -c /home/runner/work/APEXYX_ORI_AI/APEXYX_ORI_AI/.buildozer/android/platform/build-arm64-v8a/build/other_builds/hostpython3/desktop/hostpython3/Modules/binascii.c -o build/temp.linux-x86_64-3.11/home/runner/work/APEXYX_ORI_AI/APEXYX_ORI_AI/.buildozer/android/platform/build-arm64-v8a/build/other_builds/hostpython3/desktop/hostpython3/Modules/binascii.o
build	Forge APK (Verbose)	2026-02-24T01:19:56.4542139Z [1m[90m[DEBUG][39m[0m:   	gcc -shared build/temp.linux-x86_64-3.11/home/runner/work/APEXYX_ORI_AI/APEXYX_ORI_AI/.buildozer/android/platform/build-arm64-v8a/build/other_builds/hostpython3/desktop/hostpython3/Modules/_blake2/blake2b_impl.o build/temp.linux-x86_64-3.11/home/runner/work/APEXYX_ORI_AI/APEXYX_ORI_AI/.buildozer/android/platform/build-arm64-v8a/build/other_builds/hostpython3/desktop/hostpython3/Modules/_blake2/blake2module.o build/temp.linux-x86_64-3.11/home/runner/work/APEXYX_ORI_AI/APEXYX_ORI_AI/.buildozer/android/platform/build-arm64-v8a/build/other_builds/hostpython3/desktop/hostpython3/Modules/_blake2/blake2s_impl.o -L/usr/lib/x86_64-linux-gnu -L/usr/local/lib -o build/lib.linux-x86_64-3.11/_blake2.cpython-311-x86_64-linux-gnu.so
build	Forge APK (Verbose)	2026-02-24T01:19:56.4829725Z [1m[90m[DEBUG][39m[0m:   	building 'pyexpat' extension
build	Forge APK (Verbose)	2026-02-24T01:19:56.4852859Z [1m[90m[DEBUG][39m[0m:   	gcc -fPIC -Wsign-compare -DNDEBUG -g -fwrapv -O3 -Wall -std=c11 -Wextra -Wno-unused-parameter -Wno-missing-field-initializers -Werror=implicit-function-declaration -fvisibility=hidden -I/home/runner/work/APEXYX_ORI_AI/APEXYX_ORI_AI/.buildozer/android/platform/build-arm64-v8a/build/other_builds/hostpython3/desktop/hostpython3/Include/internal -I/home/runner/work/APEXYX_ORI_AI/APEXYX_ORI_AI/.buildozer/android/platform/build-arm64-v8a/build/other_builds/hostpython3/desktop/hostpython3/Modules/expat -I. -IObjects -IPython -I/usr/include/x86_64-linux-gnu -I/usr/local/include -I/home/runner/work/APEXYX_ORI_AI/APEXYX_ORI_AI/.buildozer/android/platform/build-arm64-v8a/build/other_builds/hostpython3/desktop/hostpython3/Include -I/home/runner/work/APEXYX_ORI_AI/APEXYX_ORI_AI/.buildozer/android/platform/build-arm64-v8a/build/other_builds/hostpython3/desktop/hostpython3/native-build -c /home/runner/work/APEXYX_ORI_AI/APEXYX_ORI_AI/.buildozer/android/platform/build-arm64-v8a/build/other_builds/hostpython3/desktop/hostpython3/Modules/pyexpat.c -o build/temp.linux-x86_64-3.11/home/runner/work/APEXYX_ORI_AI/APEXYX_ORI_AI/.buildozer/android/platform/build-arm64-v8a/build/other_builds/hostpython3/desktop/hostpython3/Modules/pyexpat.o
build	Forge APK (Verbose)	2026-02-24T01:19:56.4998376Z [1m[90m[DEBUG][39m[0m:   	gcc -fPIC -Wsign-compare -DNDEBUG -g -fwrapv -O3 -Wall -std=c11 -Wextra -Wno-unused-parameter -Wno-missing-field-initializers -Werror=implicit-function-declaration -fvisibility=hidden -I/home/runner/work/APEXYX_ORI_AI/APEXYX_ORI_AI/.buildozer/android/platform/build-arm64-v8a/build/other_builds/hostpython3/desktop/hostpython3/Include/internal -I/home/runner/work/APEXYX_ORI_AI/APEXYX_ORI_AI/.buildozer/android/platform/build-arm64-v8a/build/other_builds/hostpython3/desktop/hostpython3/Modules/_sqlite -I. -IObjects -IPython -I/usr/include/x86_64-linux-gnu -I/usr/local/include -I/home/runner/work/APEXYX_ORI_AI/APEXYX_ORI_AI/.buildozer/android/platform/build-arm64-v8a/build/other_builds/hostpython3/desktop/hostpython3/Include -I/home/runner/work/APEXYX_ORI_AI/APEXYX_ORI_AI/.buildozer/android/platform/build-arm64-v8a/build/other_builds/hostpython3/desktop/hostpython3/native-build -c /home/runner/work/APEXYX_ORI_AI/APEXYX_ORI_AI/.buildozer/android/platform/build-arm64-v8a/build/other_builds/hostpython3/desktop/hostpython3/Modules/_sqlite/cursor.c -o build/temp.linux-x86_64-3.11/home/runner/work/APEXYX_ORI_AI/APEXYX_ORI_AI/.buildozer/android/platform/build-arm64-v8a/build/other_builds/hostpython3/desktop/hostpython3/Modules/_sqlite/cursor.o
build	Forge APK (Verbose)	2026-02-24T01:19:56.5225995Z [1m[90m[DEBUG][39m[0m:   	gcc -shared build/temp.linux-x86_64-3.11/home/runner/work/APEXYX_ORI_AI/APEXYX_ORI_AI/.buildozer/android/platform/build-arm64-v8a/build/other_builds/hostpython3/desktop/hostpython3/Modules/zlibmodule.o -L/usr/lib/x86_64-linux-gnu -L/usr/local/lib -lz -o build/lib.linux-x86_64-3.11/zlib.cpython-311-x86_64-linux-gnu.so
build	Forge APK (Verbose)	2026-02-24T01:19:56.5495901Z [1m[90m[DEBUG][39m[0m:   	building '_elementtree' extension
build	Forge APK (Verbose)	2026-02-24T01:19:56.5514145Z [1m[90m[DEBUG][39m[0m:   	gcc -fPIC -Wsign-compare -DNDEBUG -g -fwrapv -O3 -Wall -std=c11 -Wextra -Wno-unused-parameter -Wno-missing-field-initializers -Werror=implicit-function-declaration -fvisibility=hidden -I/home/runner/work/APEXYX_ORI_AI/APEXYX_ORI_AI/.buildozer/android/platform/build-arm64-v8a/build/other_builds/hostpython3/desktop/hostpython3/Include/internal -I/home/runner/work/APEXYX_ORI_AI/APEXYX_ORI_AI/.buildozer/android/platform/build-arm64-v8a/build/other_builds/hostpython3/desktop/hostpython3/Modules/expat -I. -IObjects -IPython -I/usr/include/x86_64-linux-gnu -I/usr/local/include -I/home/runner/work/APEXYX_ORI_AI/APEXYX_ORI_AI/.buildozer/android/platform/build-arm64-v8a/build/other_builds/hostpython3/desktop/hostpython3/Include -I/home/runner/work/APEXYX_ORI_AI/APEXYX_ORI_AI/.buildozer/android/platform/build-arm64-v8a/build/other_builds/hostpython3/desktop/hostpython3/native-build -c /home/runner/work/APEXYX_ORI_AI/APEXYX_ORI_AI/.buildozer/android/platform/build-arm64-v8a/build/other_builds/hostpython3/desktop/hostpython3/Modules/_elementtree.c -o build/temp.linux-x86_64-3.11/home/runner/work/APEXYX_ORI_AI/APEXYX_ORI_AI/.buildozer/android/platform/build-arm64-v8a/build/other_builds/hostpython3/desktop/hostpython3/Modules/_elementtree.o
build	Forge APK (Verbose)	2026-02-24T01:19:56.7168764Z [1m[90m[DEBUG][39m[0m:   	gcc -shared build/temp.linux-x86_64-3.11/home/runner/work/APEXYX_ORI_AI/APEXYX_ORI_AI/.buildozer/android/platform/build-arm64-v8a/build/other_builds/hostpython3/desktop/hostpython3/Modules/binascii.o -L/usr/lib/x86_64-linux-gnu -L/usr/local/lib -lz -o build/lib.linux-x86_64-3.11/binascii.cpython-311-x86_64-linux-gnu.so
build	Forge APK (Verbose)	2026-02-24T01:19:56.7455986Z [1m[90m[DEBUG][39m[0m:   	building '_multibytecodec' extension
build	Forge APK (Verbose)	2026-02-24T01:19:56.7466086Z [1m[90m[DEBUG][39m[0m:   	creating build/temp.linux-x86_64-3.11/home/runner/work/APEXYX_ORI_AI/APEXYX_ORI_AI/.buildozer/android/platform/build-arm64-v8a/build/other_builds/hostpython3/desktop/hostpython3/Modules/cjkcodecs
build	Forge APK (Verbose)	2026-02-24T01:19:56.7483651Z [1m[90m[DEBUG][39m[0m:   	gcc -fPIC -Wsign-compare -DNDEBUG -g -fwrapv -O3 -Wall -std=c11 -Wextra -Wno-unused-parameter -Wno-missing-field-initializers -Werror=implicit-function-declaration -fvisibility=hidden -I/home/runner/work/APEXYX_ORI_AI/APEXYX_ORI_AI/.buildozer/android/platform/build-arm64-v8a/build/other_builds/hostpython3/desktop/hostpython3/Include/internal -I. -IObjects -IPython -I/usr/include/x86_64-linux-gnu -I/usr/local/include -I/home/runner/work/APEXYX_ORI_AI/APEXYX_ORI_AI/.buildozer/android/platform/build-arm64-v8a/build/other_builds/hostpython3/desktop/hostpython3/Include -I/home/runner/work/APEXYX_ORI_AI/APEXYX_ORI_AI/.buildozer/android/platform/build-arm64-v8a/build/other_builds/hostpython3/desktop/hostpython3/native-build -c /home/runner/work/APEXYX_ORI_AI/APEXYX_ORI_AI/.buildozer/android/platform/build-arm64-v8a/build/other_builds/hostpython3/desktop/hostpython3/Modules/cjkcodecs/multibytecodec.c -o build/temp.linux-x86_64-3.11/home/runner/work/APEXYX_ORI_AI/APEXYX_ORI_AI/.buildozer/android/platform/build-arm64-v8a/build/other_builds/hostpython3/desktop/hostpython3/Modules/cjkcodecs/multibytecodec.o
build	Forge APK (Verbose)	2026-02-24T01:19:57.1389618Z [1m[90m[DEBUG][39m[0m:   	gcc -fPIC -Wsign-compare -DNDEBUG -g -fwrapv -O3 -Wall -std=c11 -Wextra -Wno-unused-parameter -Wno-missing-field-initializers -Werror=implicit-function-declaration -fvisibility=hidden -I/home/runner/work/APEXYX_ORI_AI/APEXYX_ORI_AI/.buildozer/android/platform/build-arm64-v8a/build/other_builds/hostpython3/desktop/hostpython3/Include/internal -I/home/runner/work/APEXYX_ORI_AI/APEXYX_ORI_AI/.buildozer/android/platform/build-arm64-v8a/build/other_builds/hostpython3/desktop/hostpython3/Modules/_sqlite -I. -IObjects -IPython -I/usr/include/x86_64-linux-gnu -I/usr/local/include -I/home/runner/work/APEXYX_ORI_AI/APEXYX_ORI_AI/.buildozer/android/platform/build-arm64-v8a/build/other_builds/hostpython3/desktop/hostpython3/Include -I/home/runner/work/APEXYX_ORI_AI/APEXYX_ORI_AI/.buildozer/android/platform/build-arm64-v8a/build/other_builds/hostpython3/desktop/hostpython3/native-build -c /home/runner/work/APEXYX_ORI_AI/APEXYX_ORI_AI/.buildozer/android/platform/build-arm64-v8a/build/other_builds/hostpython3/desktop/hostpython3/Modules/_sqlite/microprotocols.c -o build/temp.linux-x86_64-3.11/home/runner/work/APEXYX_ORI_AI/APEXYX_ORI_AI/.buildozer/android/platform/build-arm64-v8a/build/other_builds/hostpython3/desktop/hostpython3/Modules/_sqlite/microprotocols.o
build	Forge APK (Verbose)	2026-02-24T01:19:57.3042440Z [1m[90m[DEBUG][39m[0m:   	gcc -fPIC -Wsign-compare -DNDEBUG -g -fwrapv -O3 -Wall -std=c11 -Wextra -Wno-unused-parameter -Wno-missing-field-initializers -Werror=implicit-function-declaration -fvisibility=hidden -I/home/runner/work/APEXYX_ORI_AI/APEXYX_ORI_AI/.buildozer/android/platform/build-arm64-v8a/build/other_builds/hostpython3/desktop/hostpython3/Include/internal -I/home/runner/work/APEXYX_ORI_AI/APEXYX_ORI_AI/.buildozer/android/platform/build-arm64-v8a/build/other_builds/hostpython3/desktop/hostpython3/Modules/_sqlite -I. -IObjects -IPython -I/usr/include/x86_64-linux-gnu -I/usr/local/include -I/home/runner/work/APEXYX_ORI_AI/APEXYX_ORI_AI/.buildozer/android/platform/build-arm64-v8a/build/other_builds/hostpython3/desktop/hostpython3/Include -I/home/runner/work/APEXYX_ORI_AI/APEXYX_ORI_AI/.buildozer/android/platform/build-arm64-v8a/build/other_builds/hostpython3/desktop/hostpython3/native-build -c /home/runner/work/APEXYX_ORI_AI/APEXYX_ORI_AI/.buildozer/android/platform/build-arm64-v8a/build/other_builds/hostpython3/desktop/hostpython3/Modules/_sqlite/module.c -o build/temp.linux-x86_64-3.11/home/runner/work/APEXYX_ORI_AI/APEXYX_ORI_AI/.buildozer/android/platform/build-arm64-v8a/build/other_builds/hostpython3/desktop/hostpython3/Modules/_sqlite/module.o
build	Forge APK (Verbose)	2026-02-24T01:19:57.6074626Z [1m[90m[DEBUG][39m[0m:   	gcc -shared build/temp.linux-x86_64-3.11/home/runner/work/APEXYX_ORI_AI/APEXYX_ORI_AI/.buildozer/android/platform/build-arm64-v8a/build/other_builds/hostpython3/desktop/hostpython3/Modules/cjkcodecs/multibytecodec.o -L/usr/lib/x86_64-linux-gnu -L/usr/local/lib -o build/lib.linux-x86_64-3.11/_multibytecodec.cpython-311-x86_64-linux-gnu.so
build	Forge APK (Verbose)	2026-02-24T01:19:57.6358983Z [1m[90m[DEBUG][39m[0m:   	building '_codecs_kr' extension
build	Forge APK (Verbose)	2026-02-24T01:19:57.6383239Z [1m[90m[DEBUG][39m[0m:   	gcc -fPIC -Wsign-compare -DNDEBUG -g -fwrapv -O3 -Wall -std=c11 -Wextra -Wno-unused-parameter -Wno-missing-field-initializers -Werror=implicit-function-declaration -fvisibility=hidden -I/home/runner/work/APEXYX_ORI_AI/APEXYX_ORI_AI/.buildozer/android/platform/build-arm64-v8a/build/other_builds/hostpython3/desktop/hostpython3/Include/internal -I. -IObjects -IPython -I/usr/include/x86_64-linux-gnu -I/usr/local/include -I/home/runner/work/APEXYX_ORI_AI/APEXYX_ORI_AI/.buildozer/android/platform/build-arm64-v8a/build/other_builds/hostpython3/desktop/hostpython3/Include -I/home/runner/work/APEXYX_ORI_AI/APEXYX_ORI_AI/.buildozer/android/platform/build-arm64-v8a/build/other_builds/hostpython3/desktop/hostpython3/native-build -c /home/runner/work/APEXYX_ORI_AI/APEXYX_ORI_AI/.buildozer/android/platform/build-arm64-v8a/build/other_builds/hostpython3/desktop/hostpython3/Modules/cjkcodecs/_codecs_kr.c -o build/temp.linux-x86_64-3.11/home/runner/work/APEXYX_ORI_AI/APEXYX_ORI_AI/.buildozer/android/platform/build-arm64-v8a/build/other_builds/hostpython3/desktop/hostpython3/Modules/cjkcodecs/_codecs_kr.o
build	Forge APK (Verbose)	2026-02-24T01:19:57.6533907Z [1m[90m[DEBUG][39m[0m:   	gcc -fPIC -Wsign-compare -DNDEBUG -g -fwrapv -O3 -Wall -std=c11 -Wextra -Wno-unused-parameter -Wno-missing-field-initializers -Werror=implicit-function-declaration -fvisibility=hidden -I/home/runner/work/APEXYX_ORI_AI/APEXYX_ORI_AI/.buildozer/android/platform/build-arm64-v8a/build/other_builds/hostpython3/desktop/hostpython3/Include/internal -I/home/runner/work/APEXYX_ORI_AI/APEXYX_ORI_AI/.buildozer/android/platform/build-arm64-v8a/build/other_builds/hostpython3/desktop/hostpython3/Modules/_sqlite -I. -IObjects -IPython -I/usr/include/x86_64-linux-gnu -I/usr/local/include -I/home/runner/work/APEXYX_ORI_AI/APEXYX_ORI_AI/.buildozer/android/platform/build-arm64-v8a/build/other_builds/hostpython3/desktop/hostpython3/Include -I/home/runner/work/APEXYX_ORI_AI/APEXYX_ORI_AI/.buildozer/android/platform/build-arm64-v8a/build/other_builds/hostpython3/desktop/hostpython3/native-build -c /home/runner/work/APEXYX_ORI_AI/APEXYX_ORI_AI/.buildozer/android/platform/build-arm64-v8a/build/other_builds/hostpython3/desktop/hostpython3/Modules/_sqlite/prepare_protocol.c -o build/temp.linux-x86_64-3.11/home/runner/work/APEXYX_ORI_AI/APEXYX_ORI_AI/.buildozer/android/platform/build-arm64-v8a/build/other_builds/hostpython3/desktop/hostpython3/Modules/_sqlite/prepare_protocol.o
build	Forge APK (Verbose)	2026-02-24T01:19:57.7122944Z [1m[90m[DEBUG][39m[0m:   	gcc -shared build/temp.linux-x86_64-3.11/home/runner/work/APEXYX_ORI_AI/APEXYX_ORI_AI/.buildozer/android/platform/build-arm64-v8a/build/other_builds/hostpython3/desktop/hostpython3/Modules/pyexpat.o Modules/expat/libexpat.a -L/usr/lib/x86_64-linux-gnu -L/usr/local/lib -lm -o build/lib.linux-x86_64-3.11/pyexpat.cpython-311-x86_64-linux-gnu.so
build	Forge APK (Verbose)	2026-02-24T01:19:57.7503115Z [1m[90m[DEBUG][39m[0m:   	building '_codecs_jp' extension
build	Forge APK (Verbose)	2026-02-24T01:19:57.7519568Z [1m[90m[DEBUG][39m[0m:   	gcc -fPIC -Wsign-compare -DNDEBUG -g -fwrapv -O3 -Wall -std=c11 -Wextra -Wno-unused-parameter -Wno-missing-field-initializers -Werror=implicit-function-declaration -fvisibility=hidden -I/home/runner/work/APEXYX_ORI_AI/APEXYX_ORI_AI/.buildozer/android/platform/build-arm64-v8a/build/other_builds/hostpython3/desktop/hostpython3/Include/internal -I. -IObjects -IPython -I/usr/include/x86_64-linux-gnu -I/usr/local/include -I/home/runner/work/APEXYX_ORI_AI/APEXYX_ORI_AI/.buildozer/android/platform/build-arm64-v8a/build/other_builds/hostpython3/desktop/hostpython3/Include -I/home/runner/work/APEXYX_ORI_AI/APEXYX_ORI_AI/.buildozer/android/platform/build-arm64-v8a/build/other_builds/hostpython3/desktop/hostpython3/native-build -c /home/runner/work/APEXYX_ORI_AI/APEXYX_ORI_AI/.buildozer/android/platform/build-arm64-v8a/build/other_builds/hostpython3/desktop/hostpython3/Modules/cjkcodecs/_codecs_jp.c -o build/temp.linux-x86_64-3.11/home/runner/work/APEXYX_ORI_AI/APEXYX_ORI_AI/.buildozer/android/platform/build-arm64-v8a/build/other_builds/hostpython3/desktop/hostpython3/Modules/cjkcodecs/_codecs_jp.o
build	Forge APK (Verbose)	2026-02-24T01:19:57.7815252Z [1m[90m[DEBUG][39m[0m:   	gcc -fPIC -Wsign-compare -DNDEBUG -g -fwrapv -O3 -Wall -std=c11 -Wextra -Wno-unused-parameter -Wno-missing-field-initializers -Werror=implicit-function-declaration -fvisibility=hidden -I/home/runner/work/APEXYX_ORI_AI/APEXYX_ORI_AI/.buildozer/android/platform/build-arm64-v8a/build/other_builds/hostpython3/desktop/hostpython3/Include/internal -I/home/runner/work/APEXYX_ORI_AI/APEXYX_ORI_AI/.buildozer/android/platform/build-arm64-v8a/build/other_builds/hostpython3/desktop/hostpython3/Modules/_sqlite -I. -IObjects -IPython -I/usr/include/x86_64-linux-gnu -I/usr/local/include -I/home/runner/work/APEXYX_ORI_AI/APEXYX_ORI_AI/.buildozer/android/platform/build-arm64-v8a/build/other_builds/hostpython3/desktop/hostpython3/Include -I/home/runner/work/APEXYX_ORI_AI/APEXYX_ORI_AI/.buildozer/android/platform/build-arm64-v8a/build/other_builds/hostpython3/desktop/hostpython3/native-build -c /home/runner/work/APEXYX_ORI_AI/APEXYX_ORI_AI/.buildozer/android/platform/build-arm64-v8a/build/other_builds/hostpython3/desktop/hostpython3/Modules/_sqlite/row.c -o build/temp.linux-x86_64-3.11/home/runner/work/APEXYX_ORI_AI/APEXYX_ORI_AI/.buildozer/android/platform/build-arm64-v8a/build/other_builds/hostpython3/desktop/hostpython3/Modules/_sqlite/row.o
build	Forge APK (Verbose)	2026-02-24T01:19:58.0102785Z [1m[90m[DEBUG][39m[0m:   	gcc -fPIC -Wsign-compare -DNDEBUG -g -fwrapv -O3 -Wall -std=c11 -Wextra -Wno-unused-parameter -Wno-missing-field-initializers -Werror=implicit-function-declaration -fvisibility=hidden -I/home/runner/work/APEXYX_ORI_AI/APEXYX_ORI_AI/.buildozer/android/platform/build-arm64-v8a/build/other_builds/hostpython3/desktop/hostpython3/Include/internal -I/home/runner/work/APEXYX_ORI_AI/APEXYX_ORI_AI/.buildozer/android/platform/build-arm64-v8a/build/other_builds/hostpython3/desktop/hostpython3/Modules/_sqlite -I. -IObjects -IPython -I/usr/include/x86_64-linux-gnu -I/usr/local/include -I/home/runner/work/APEXYX_ORI_AI/APEXYX_ORI_AI/.buildozer/android/platform/build-arm64-v8a/build/other_builds/hostpython3/desktop/hostpython3/Include -I/home/runner/work/APEXYX_ORI_AI/APEXYX_ORI_AI/.buildozer/android/platform/build-arm64-v8a/build/other_builds/hostpython3/desktop/hostpython3/native-build -c /home/runner/work/APEXYX_ORI_AI/APEXYX_ORI_AI/.buildozer/android/platform/build-arm64-v8a/build/other_builds/hostpython3/desktop/hostpython3/Modules/_sqlite/statement.c -o build/temp.linux-x86_64-3.11/home/runner/work/APEXYX_ORI_AI/APEXYX_ORI_AI/.buildozer/android/platform/build-arm64-v8a/build/other_builds/hostpython3/desktop/hostpython3/Modules/_sqlite/statement.o
build	Forge APK (Verbose)	2026-02-24T01:19:58.1254690Z [1m[90m[DEBUG][39m[0m:   	gcc -shared build/temp.linux-x86_64-3.11/home/runner/work/APEXYX_ORI_AI/APEXYX_ORI_AI/.buildozer/android/platform/build-arm64-v8a/build/other_builds/hostpython3/desktop/hostpython3/Modules/cjkcodecs/_codecs_kr.o -L/usr/lib/x86_64-linux-gnu -L/usr/local/lib -o build/lib.linux-x86_64-3.11/_codecs_kr.cpython-311-x86_64-linux-gnu.so
build	Forge APK (Verbose)	2026-02-24T01:19:58.1518801Z [1m[90m[DEBUG][39m[0m:   	building '_codecs_cn' extension
build	Forge APK (Verbose)	2026-02-24T01:19:58.1542736Z [1m[90m[DEBUG][39m[0m:   	gcc -fPIC -Wsign-compare -DNDEBUG -g -fwrapv -O3 -Wall -std=c11 -Wextra -Wno-unused-parameter -Wno-missing-field-initializers -Werror=implicit-function-declaration -fvisibility=hidden -I/home/runner/work/APEXYX_ORI_AI/APEXYX_ORI_AI/.buildozer/android/platform/build-arm64-v8a/build/other_builds/hostpython3/desktop/hostpython3/Include/internal -I. -IObjects -IPython -I/usr/include/x86_64-linux-gnu -I/usr/local/include -I/home/runner/work/APEXYX_ORI_AI/APEXYX_ORI_AI/.buildozer/android/platform/build-arm64-v8a/build/other_builds/hostpython3/desktop/hostpython3/Include -I/home/runner/work/APEXYX_ORI_AI/APEXYX_ORI_AI/.buildozer/android/platform/build-arm64-v8a/build/other_builds/hostpython3/desktop/hostpython3/native-build -c /home/runner/work/APEXYX_ORI_AI/APEXYX_ORI_AI/.buildozer/android/platform/build-arm64-v8a/build/other_builds/hostpython3/desktop/hostpython3/Modules/cjkcodecs/_codecs_cn.c -o build/temp.linux-x86_64-3.11/home/runner/work/APEXYX_ORI_AI/APEXYX_ORI_AI/.buildozer/android/platform/build-arm64-v8a/build/other_builds/hostpython3/desktop/hostpython3/Modules/cjkcodecs/_codecs_cn.o
build	Forge APK (Verbose)	2026-02-24T01:19:58.1966742Z [1m[90m[DEBUG][39m[0m:   	gcc -fPIC -Wsign-compare -DNDEBUG -g -fwrapv -O3 -Wall -std=c11 -Wextra -Wno-unused-parameter -Wno-missing-field-initializers -Werror=implicit-function-declaration -fvisibility=hidden -I/home/runner/work/APEXYX_ORI_AI/APEXYX_ORI_AI/.buildozer/android/platform/build-arm64-v8a/build/other_builds/hostpython3/desktop/hostpython3/Include/internal -I/home/runner/work/APEXYX_ORI_AI/APEXYX_ORI_AI/.buildozer/android/platform/build-arm64-v8a/build/other_builds/hostpython3/desktop/hostpython3/Modules/_sqlite -I. -IObjects -IPython -I/usr/include/x86_64-linux-gnu -I/usr/local/include -I/home/runner/work/APEXYX_ORI_AI/APEXYX_ORI_AI/.buildozer/android/platform/build-arm64-v8a/build/other_builds/hostpython3/desktop/hostpython3/Include -I/home/runner/work/APEXYX_ORI_AI/APEXYX_ORI_AI/.buildozer/android/platform/build-arm64-v8a/build/other_builds/hostpython3/desktop/hostpython3/native-build -c /home/runner/work/APEXYX_ORI_AI/APEXYX_ORI_AI/.buildozer/android/platform/build-arm64-v8a/build/other_builds/hostpython3/desktop/hostpython3/Modules/_sqlite/util.c -o build/temp.linux-x86_64-3.11/home/runner/work/APEXYX_ORI_AI/APEXYX_ORI_AI/.buildozer/android/platform/build-arm64-v8a/build/other_builds/hostpython3/desktop/hostpython3/Modules/_sqlite/util.o
build	Forge APK (Verbose)	2026-02-24T01:19:58.3612409Z [1m[90m[DEBUG][39m[0m:   	gcc -shared build/temp.linux-x86_64-3.11/home/runner/work/APEXYX_ORI_AI/APEXYX_ORI_AI/.buildozer/android/platform/build-arm64-v8a/build/other_builds/hostpython3/desktop/hostpython3/Modules/_sqlite/blob.o build/temp.linux-x86_64-3.11/home/runner/work/APEXYX_ORI_AI/APEXYX_ORI_AI/.buildozer/android/platform/build-arm64-v8a/build/other_builds/hostpython3/desktop/hostpython3/Modules/_sqlite/connection.o build/temp.linux-x86_64-3.11/home/runner/work/APEXYX_ORI_AI/APEXYX_ORI_AI/.buildozer/android/platform/build-arm64-v8a/build/other_builds/hostpython3/desktop/hostpython3/Modules/_sqlite/cursor.o build/temp.linux-x86_64-3.11/home/runner/work/APEXYX_ORI_AI/APEXYX_ORI_AI/.buildozer/android/platform/build-arm64-v8a/build/other_builds/hostpython3/desktop/hostpython3/Modules/_sqlite/microprotocols.o build/temp.linux-x86_64-3.11/home/runner/work/APEXYX_ORI_AI/APEXYX_ORI_AI/.buildozer/android/platform/build-arm64-v8a/build/other_builds/hostpython3/desktop/hostpython3/Modules/_sqlite/module.o build/temp.linux-x86_64-3.11/home/runner/work/APEXYX_ORI_AI/APEXYX_ORI_AI/.buildozer/android/platform/build-arm64-v8a/build/other_builds/hostpython3/desktop/hostpython3/Modules/_sqlite/prepare_protocol.o build/temp.linux-x86_64-3.11/home/runner/work/APEXYX_ORI_AI/APEXYX_ORI_AI/.buildozer/android/platform/build-arm64-v8a/build/other_builds/hostpython3/desktop/hostpython3/Modules/_sqlite/row.o build/temp.linux-x86_64-3.11/home/runner/work/APEXYX_ORI_AI/APEXYX_ORI_AI/.buildozer/android/platform/build-arm64-v8a/build/other_builds/hostpython3/desktop/hostpython3/Modules/_sqlite/statement.o build/temp.linux-x86_64-3.11/home/runner/work/APEXYX_ORI_AI/APEXYX_ORI_AI/.buildozer/android/platform/build-arm64-v8a/build/other_builds/hostpython3/desktop/hostpython3/Modules/_sqlite/util.o -L/usr/lib/x86_64-linux-gnu -L/usr/local/lib -lsqlite3 -o build/lib.linux-x86_64-3.11/_sqlite3.cpython-311-x86_64-linux-gnu.so
build	Forge APK (Verbose)	2026-02-24T01:19:58.3738370Z [1m[90m[DEBUG][39m[0m:   	gcc -shared build/temp.linux-x86_64-3.11/home/runner/work/APEXYX_ORI_AI/APEXYX_ORI_AI/.buildozer/android/platform/build-arm64-v8a/build/other_builds/hostpython3/desktop/hostpython3/Modules/_elementtree.o -L/usr/lib/x86_64-linux-gnu -L/usr/local/lib -o build/lib.linux-x86_64-3.11/_elementtree.cpython-311-x86_64-linux-gnu.so
build	Forge APK (Verbose)	2026-02-24T01:19:58.4086706Z [1m[90m[DEBUG][39m[0m:   	building '_codecs_tw' extension
build	Forge APK (Verbose)	2026-02-24T01:19:58.4102527Z [1m[90m[DEBUG][39m[0m:   	gcc -fPIC -Wsign-compare -DNDEBUG -g -fwrapv -O3 -Wall -std=c11 -Wextra -Wno-unused-parameter -Wno-missing-field-initializers -Werror=implicit-function-declaration -fvisibility=hidden -I/home/runner/work/APEXYX_ORI_AI/APEXYX_ORI_AI/.buildozer/android/platform/build-arm64-v8a/build/other_builds/hostpython3/desktop/hostpython3/Include/internal -I. -IObjects -IPython -I/usr/include/x86_64-linux-gnu -I/usr/local/include -I/home/runner/work/APEXYX_ORI_AI/APEXYX_ORI_AI/.buildozer/android/platform/build-arm64-v8a/build/other_builds/hostpython3/desktop/hostpython3/Include -I/home/runner/work/APEXYX_ORI_AI/APEXYX_ORI_AI/.buildozer/android/platform/build-arm64-v8a/build/other_builds/hostpython3/desktop/hostpython3/native-build -c /home/runner/work/APEXYX_ORI_AI/APEXYX_ORI_AI/.buildozer/android/platform/build-arm64-v8a/build/other_builds/hostpython3/desktop/hostpython3/Modules/cjkcodecs/_codecs_tw.c -o build/temp.linux-x86_64-3.11/home/runner/work/APEXYX_ORI_AI/APEXYX_ORI_AI/.buildozer/android/platform/build-arm64-v8a/build/other_builds/hostpython3/desktop/hostpython3/Modules/cjkcodecs/_codecs_tw.o
build	Forge APK (Verbose)	2026-02-24T01:19:58.4156702Z [1m[90m[DEBUG][39m[0m:   	building '_codecs_hk' extension
build	Forge APK (Verbose)	2026-02-24T01:19:58.4171367Z [1m[90m[DEBUG][39m[0m:   	gcc -fPIC -Wsign-compare -DNDEBUG -g -fwrapv -O3 -Wall -std=c11 -Wextra -Wno-unused-parameter -Wno-missing-field-initializers -Werror=implicit-function-declaration -fvisibility=hidden -I/home/runner/work/APEXYX_ORI_AI/APEXYX_ORI_AI/.buildozer/android/platform/build-arm64-v8a/build/other_builds/hostpython3/desktop/hostpython3/Include/internal -I. -IObjects -IPython -I/usr/include/x86_64-linux-gnu -I/usr/local/include -I/home/runner/work/APEXYX_ORI_AI/APEXYX_ORI_AI/.buildozer/android/platform/build-arm64-v8a/build/other_builds/hostpython3/desktop/hostpython3/Include -I/home/runner/work/APEXYX_ORI_AI/APEXYX_ORI_AI/.buildozer/android/platform/build-arm64-v8a/build/other_builds/hostpython3/desktop/hostpython3/native-build -c /home/runner/work/APEXYX_ORI_AI/APEXYX_ORI_AI/.buildozer/android/platform/build-arm64-v8a/build/other_builds/hostpython3/desktop/hostpython3/Modules/cjkcodecs/_codecs_hk.c -o build/temp.linux-x86_64-3.11/home/runner/work/APEXYX_ORI_AI/APEXYX_ORI_AI/.buildozer/android/platform/build-arm64-v8a/build/other_builds/hostpython3/desktop/hostpython3/Modules/cjkcodecs/_codecs_hk.o
build	Forge APK (Verbose)	2026-02-24T01:19:58.6818111Z [1m[90m[DEBUG][39m[0m:   	gcc -shared build/temp.linux-x86_64-3.11/home/runner/work/APEXYX_ORI_AI/APEXYX_ORI_AI/.buildozer/android/platform/build-arm64-v8a/build/other_builds/hostpython3/desktop/hostpython3/Modules/cjkcodecs/_codecs_cn.o -L/usr/lib/x86_64-linux-gnu -L/usr/local/lib -o build/lib.linux-x86_64-3.11/_codecs_cn.cpython-311-x86_64-linux-gnu.so
build	Forge APK (Verbose)	2026-02-24T01:19:58.7078877Z [1m[90m[DEBUG][39m[0m:   	building '_codecs_iso2022' extension
build	Forge APK (Verbose)	2026-02-24T01:19:58.7096517Z [1m[90m[DEBUG][39m[0m:   	gcc -fPIC -Wsign-compare -DNDEBUG -g -fwrapv -O3 -Wall -std=c11 -Wextra -Wno-unused-parameter -Wno-missing-field-initializers -Werror=implicit-function-declaration -fvisibility=hidden -I/home/runner/work/APEXYX_ORI_AI/APEXYX_ORI_AI/.buildozer/android/platform/build-arm64-v8a/build/other_builds/hostpython3/desktop/hostpython3/Include/internal -I. -IObjects -IPython -I/usr/include/x86_64-linux-gnu -I/usr/local/include -I/home/runner/work/APEXYX_ORI_AI/APEXYX_ORI_AI/.buildozer/android/platform/build-arm64-v8a/build/other_builds/hostpython3/desktop/hostpython3/Include -I/home/runner/work/APEXYX_ORI_AI/APEXYX_ORI_AI/.buildozer/android/platform/build-arm64-v8a/build/other_builds/hostpython3/desktop/hostpython3/native-build -c /home/runner/work/APEXYX_ORI_AI/APEXYX_ORI_AI/.buildozer/android/platform/build-arm64-v8a/build/other_builds/hostpython3/desktop/hostpython3/Modules/cjkcodecs/_codecs_iso2022.c -o build/temp.linux-x86_64-3.11/home/runner/work/APEXYX_ORI_AI/APEXYX_ORI_AI/.buildozer/android/platform/build-arm64-v8a/build/other_builds/hostpython3/desktop/hostpython3/Modules/cjkcodecs/_codecs_iso2022.o
build	Forge APK (Verbose)	2026-02-24T01:19:58.7505476Z [1m[90m[DEBUG][39m[0m:   	gcc -shared build/temp.linux-x86_64-3.11/home/runner/work/APEXYX_ORI_AI/APEXYX_ORI_AI/.buildozer/android/platform/build-arm64-v8a/build/other_builds/hostpython3/desktop/hostpython3/Modules/cjkcodecs/_codecs_tw.o -L/usr/lib/x86_64-linux-gnu -L/usr/local/lib -o build/lib.linux-x86_64-3.11/_codecs_tw.cpython-311-x86_64-linux-gnu.so
build	Forge APK (Verbose)	2026-02-24T01:19:58.7786097Z [1m[90m[DEBUG][39m[0m:   	building '_decimal' extension
build	Forge APK (Verbose)	2026-02-24T01:19:58.7796163Z [1m[90m[DEBUG][39m[0m:   	creating build/temp.linux-x86_64-3.11/home/runner/work/APEXYX_ORI_AI/APEXYX_ORI_AI/.buildozer/android/platform/build-arm64-v8a/build/other_builds/hostpython3/desktop/hostpython3/Modules/_decimal
build	Forge APK (Verbose)	2026-02-24T01:19:58.7823357Z [1m[90m[DEBUG][39m[0m:   	gcc -fPIC -Wsign-compare -DNDEBUG -g -fwrapv -O3 -Wall -std=c11 -Wextra -Wno-unused-parameter -Wno-missing-field-initializers -Werror=implicit-function-declaration -fvisibility=hidden -I/home/runner/work/APEXYX_ORI_AI/APEXYX_ORI_AI/.buildozer/android/platform/build-arm64-v8a/build/other_builds/hostpython3/desktop/hostpython3/Include/internal -DCONFIG_64=1 -DANSI=1 -DHAVE_UINT128_T=1 -I/home/runner/work/APEXYX_ORI_AI/APEXYX_ORI_AI/.buildozer/android/platform/build-arm64-v8a/build/other_builds/hostpython3/desktop/hostpython3/Modules/_decimal/libmpdec -I. -IObjects -IPython -I/usr/include/x86_64-linux-gnu -I/usr/local/include -I/home/runner/work/APEXYX_ORI_AI/APEXYX_ORI_AI/.buildozer/android/platform/build-arm64-v8a/build/other_builds/hostpython3/desktop/hostpython3/Include -I/home/runner/work/APEXYX_ORI_AI/APEXYX_ORI_AI/.buildozer/android/platform/build-arm64-v8a/build/other_builds/hostpython3/desktop/hostpython3/native-build -c /home/runner/work/APEXYX_ORI_AI/APEXYX_ORI_AI/.buildozer/android/platform/build-arm64-v8a/build/other_builds/hostpython3/desktop/hostpython3/Modules/_decimal/_decimal.c -o build/temp.linux-x86_64-3.11/home/runner/work/APEXYX_ORI_AI/APEXYX_ORI_AI/.buildozer/android/platform/build-arm64-v8a/build/other_builds/hostpython3/desktop/hostpython3/Modules/_decimal/_decimal.o
build	Forge APK (Verbose)	2026-02-24T01:19:58.7867038Z [1m[90m[DEBUG][39m[0m:   	gcc -shared build/temp.linux-x86_64-3.11/home/runner/work/APEXYX_ORI_AI/APEXYX_ORI_AI/.buildozer/android/platform/build-arm64-v8a/build/other_builds/hostpython3/desktop/hostpython3/Modules/cjkcodecs/_codecs_jp.o -L/usr/lib/x86_64-linux-gnu -L/usr/local/lib -o build/lib.linux-x86_64-3.11/_codecs_jp.cpython-311-x86_64-linux-gnu.so
build	Forge APK (Verbose)	2026-02-24T01:19:58.8154588Z [1m[90m[DEBUG][39m[0m:   	building '_ctypes_test' extension
build	Forge APK (Verbose)	2026-02-24T01:19:58.8164226Z [1m[90m[DEBUG][39m[0m:   	creating build/temp.linux-x86_64-3.11/home/runner/work/APEXYX_ORI_AI/APEXYX_ORI_AI/.buildozer/android/platform/build-arm64-v8a/build/other_builds/hostpython3/desktop/hostpython3/Modules/_ctypes
build	Forge APK (Verbose)	2026-02-24T01:19:58.8187057Z [1m[90m[DEBUG][39m[0m:   	gcc -fPIC -Wsign-compare -DNDEBUG -g -fwrapv -O3 -Wall -std=c11 -Wextra -Wno-unused-parameter -Wno-missing-field-initializers -Werror=implicit-function-declaration -fvisibility=hidden -I/home/runner/work/APEXYX_ORI_AI/APEXYX_ORI_AI/.buildozer/android/platform/build-arm64-v8a/build/other_builds/hostpython3/desktop/hostpython3/Include/internal -I. -IObjects -IPython -I/usr/include/x86_64-linux-gnu -I/usr/local/include -I/home/runner/work/APEXYX_ORI_AI/APEXYX_ORI_AI/.buildozer/android/platform/build-arm64-v8a/build/other_builds/hostpython3/desktop/hostpython3/Include -I/home/runner/work/APEXYX_ORI_AI/APEXYX_ORI_AI/.buildozer/android/platform/build-arm64-v8a/build/other_builds/hostpython3/desktop/hostpython3/native-build -c /home/runner/work/APEXYX_ORI_AI/APEXYX_ORI_AI/.buildozer/android/platform/build-arm64-v8a/build/other_builds/hostpython3/desktop/hostpython3/Modules/_ctypes/_ctypes_test.c -o build/temp.linux-x86_64-3.11/home/runner/work/APEXYX_ORI_AI/APEXYX_ORI_AI/.buildozer/android/platform/build-arm64-v8a/build/other_builds/hostpython3/desktop/hostpython3/Modules/_ctypes/_ctypes_test.o
build	Forge APK (Verbose)	2026-02-24T01:19:58.8589947Z [1m[90m[DEBUG][39m[0m:   	gcc -shared build/temp.linux-x86_64-3.11/home/runner/work/APEXYX_ORI_AI/APEXYX_ORI_AI/.buildozer/android/platform/build-arm64-v8a/build/other_builds/hostpython3/desktop/hostpython3/Modules/cjkcodecs/_codecs_hk.o -L/usr/lib/x86_64-linux-gnu -L/usr/local/lib -o build/lib.linux-x86_64-3.11/_codecs_hk.cpython-311-x86_64-linux-gnu.so
build	Forge APK (Verbose)	2026-02-24T01:19:58.8864711Z [1m[90m[DEBUG][39m[0m:   	building '_multiprocessing' extension
build	Forge APK (Verbose)	2026-02-24T01:19:58.8871951Z [1m[90m[DEBUG][39m[0m:   	creating build/temp.linux-x86_64-3.11/home/runner/work/APEXYX_ORI_AI/APEXYX_ORI_AI/.buildozer/android/platform/build-arm64-v8a/build/other_builds/hostpython3/desktop/hostpython3/Modules/_multiprocessing
build	Forge APK (Verbose)	2026-02-24T01:19:58.8894935Z [1m[90m[DEBUG][39m[0m:   	gcc -fPIC -Wsign-compare -DNDEBUG -g -fwrapv -O3 -Wall -std=c11 -Wextra -Wno-unused-parameter -Wno-missing-field-initializers -Werror=implicit-function-declaration -fvisibility=hidden -I/home/runner/work/APEXYX_ORI_AI/APEXYX_ORI_AI/.buildozer/android/platform/build-arm64-v8a/build/other_builds/hostpython3/desktop/hostpython3/Include/internal -I/home/runner/work/APEXYX_ORI_AI/APEXYX_ORI_AI/.buildozer/android/platform/build-arm64-v8a/build/other_builds/hostpython3/desktop/hostpython3/Modules/_multiprocessing -I. -IObjects -IPython -I/usr/include/x86_64-linux-gnu -I/usr/local/include -I/home/runner/work/APEXYX_ORI_AI/APEXYX_ORI_AI/.buildozer/android/platform/build-arm64-v8a/build/other_builds/hostpython3/desktop/hostpython3/Include -I/home/runner/work/APEXYX_ORI_AI/APEXYX_ORI_AI/.buildozer/android/platform/build-arm64-v8a/build/other_builds/hostpython3/desktop/hostpython3/native-build -c /home/runner/work/APEXYX_ORI_AI/APEXYX_ORI_AI/.buildozer/android/platform/build-arm64-v8a/build/other_builds/hostpython3/desktop/hostpython3/Modules/_multiprocessing/multiprocessing.c -o build/temp.linux-x86_64-3.11/home/runner/work/APEXYX_ORI_AI/APEXYX_ORI_AI/.buildozer/android/platform/build-arm64-v8a/build/other_builds/hostpython3/desktop/hostpython3/Modules/_multiprocessing/multiprocessing.o
build	Forge APK (Verbose)	2026-02-24T01:19:59.0485221Z [1m[90m[DEBUG][39m[0m:   	gcc -fPIC -Wsign-compare -DNDEBUG -g -fwrapv -O3 -Wall -std=c11 -Wextra -Wno-unused-parameter -Wno-missing-field-initializers -Werror=implicit-function-declaration -fvisibility=hidden -I/home/runner/work/APEXYX_ORI_AI/APEXYX_ORI_AI/.buildozer/android/platform/build-arm64-v8a/build/other_builds/hostpython3/desktop/hostpython3/Include/internal -I/home/runner/work/APEXYX_ORI_AI/APEXYX_ORI_AI/.buildozer/android/platform/build-arm64-v8a/build/other_builds/hostpython3/desktop/hostpython3/Modules/_multiprocessing -I. -IObjects -IPython -I/usr/include/x86_64-linux-gnu -I/usr/local/include -I/home/runner/work/APEXYX_ORI_AI/APEXYX_ORI_AI/.buildozer/android/platform/build-arm64-v8a/build/other_builds/hostpython3/desktop/hostpython3/Include -I/home/runner/work/APEXYX_ORI_AI/APEXYX_ORI_AI/.buildozer/android/platform/build-arm64-v8a/build/other_builds/hostpython3/desktop/hostpython3/native-build -c /home/runner/work/APEXYX_ORI_AI/APEXYX_ORI_AI/.buildozer/android/platform/build-arm64-v8a/build/other_builds/hostpython3/desktop/hostpython3/Modules/_multiprocessing/semaphore.c -o build/temp.linux-x86_64-3.11/home/runner/work/APEXYX_ORI_AI/APEXYX_ORI_AI/.buildozer/android/platform/build-arm64-v8a/build/other_builds/hostpython3/desktop/hostpython3/Modules/_multiprocessing/semaphore.o
build	Forge APK (Verbose)	2026-02-24T01:19:59.1463927Z [1m[90m[DEBUG][39m[0m:   	gcc -shared build/temp.linux-x86_64-3.11/home/runner/work/APEXYX_ORI_AI/APEXYX_ORI_AI/.buildozer/android/platform/build-arm64-v8a/build/other_builds/hostpython3/desktop/hostpython3/Modules/_ctypes/_ctypes_test.o -L/usr/lib/x86_64-linux-gnu -L/usr/local/lib -lm -o build/lib.linux-x86_64-3.11/_ctypes_test.cpython-311-x86_64-linux-gnu.so
build	Forge APK (Verbose)	2026-02-24T01:19:59.1806374Z [1m[90m[DEBUG][39m[0m:   	building '_posixshmem' extension
build	Forge APK (Verbose)	2026-02-24T01:19:59.1831061Z [1m[90m[DEBUG][39m[0m:   	gcc -fPIC -Wsign-compare -DNDEBUG -g -fwrapv -O3 -Wall -std=c11 -Wextra -Wno-unused-parameter -Wno-missing-field-initializers -Werror=implicit-function-declaration -fvisibility=hidden -I/home/runner/work/APEXYX_ORI_AI/APEXYX_ORI_AI/.buildozer/android/platform/build-arm64-v8a/build/other_builds/hostpython3/desktop/hostpython3/Include/internal -I/home/runner/work/APEXYX_ORI_AI/APEXYX_ORI_AI/.buildozer/android/platform/build-arm64-v8a/build/other_builds/hostpython3/desktop/hostpython3/Modules/_multiprocessing -I. -IObjects -IPython -I/usr/include/x86_64-linux-gnu -I/usr/local/include -I/home/runner/work/APEXYX_ORI_AI/APEXYX_ORI_AI/.buildozer/android/platform/build-arm64-v8a/build/other_builds/hostpython3/desktop/hostpython3/Include -I/home/runner/work/APEXYX_ORI_AI/APEXYX_ORI_AI/.buildozer/android/platform/build-arm64-v8a/build/other_builds/hostpython3/desktop/hostpython3/native-build -c /home/runner/work/APEXYX_ORI_AI/APEXYX_ORI_AI/.buildozer/android/platform/build-arm64-v8a/build/other_builds/hostpython3/desktop/hostpython3/Modules/_multiprocessing/posixshmem.c -o build/temp.linux-x86_64-3.11/home/runner/work/APEXYX_ORI_AI/APEXYX_ORI_AI/.buildozer/android/platform/build-arm64-v8a/build/other_builds/hostpython3/desktop/hostpython3/Modules/_multiprocessing/posixshmem.o
build	Forge APK (Verbose)	2026-02-24T01:19:59.3099335Z [1m[90m[DEBUG][39m[0m:   	gcc -shared build/temp.linux-x86_64-3.11/home/runner/work/APEXYX_ORI_AI/APEXYX_ORI_AI/.buildozer/android/platform/build-arm64-v8a/build/other_builds/hostpython3/desktop/hostpython3/Modules/_multiprocessing/multiprocessing.o build/temp.linux-x86_64-3.11/home/runner/work/APEXYX_ORI_AI/APEXYX_ORI_AI/.buildozer/android/platform/build-arm64-v8a/build/other_builds/hostpython3/desktop/hostpython3/Modules/_multiprocessing/semaphore.o -L/usr/lib/x86_64-linux-gnu -L/usr/local/lib -o build/lib.linux-x86_64-3.11/_multiprocessing.cpython-311-x86_64-linux-gnu.so
build	Forge APK (Verbose)	2026-02-24T01:19:59.3379113Z [1m[90m[DEBUG][39m[0m:   	building 'xxlimited' extension
build	Forge APK (Verbose)	2026-02-24T01:19:59.3399398Z [1m[90m[DEBUG][39m[0m:   	gcc -fPIC -Wsign-compare -DNDEBUG -g -fwrapv -O3 -Wall -std=c11 -Wextra -Wno-unused-parameter -Wno-missing-field-initializers -Werror=implicit-function-declaration -fvisibility=hidden -I/home/runner/work/APEXYX_ORI_AI/APEXYX_ORI_AI/.buildozer/android/platform/build-arm64-v8a/build/other_builds/hostpython3/desktop/hostpython3/Include/internal -I. -IObjects -IPython -I/usr/include/x86_64-linux-gnu -I/usr/local/include -I/home/runner/work/APEXYX_ORI_AI/APEXYX_ORI_AI/.buildozer/android/platform/build-arm64-v8a/build/other_builds/hostpython3/desktop/hostpython3/Include -I/home/runner/work/APEXYX_ORI_AI/APEXYX_ORI_AI/.buildozer/android/platform/build-arm64-v8a/build/other_builds/hostpython3/desktop/hostpython3/native-build -c /home/runner/work/APEXYX_ORI_AI/APEXYX_ORI_AI/.buildozer/android/platform/build-arm64-v8a/build/other_builds/hostpython3/desktop/hostpython3/Modules/xxlimited.c -o build/temp.linux-x86_64-3.11/home/runner/work/APEXYX_ORI_AI/APEXYX_ORI_AI/.buildozer/android/platform/build-arm64-v8a/build/other_builds/hostpython3/desktop/hostpython3/Modules/xxlimited.o
build	Forge APK (Verbose)	2026-02-24T01:19:59.3476165Z [1m[90m[DEBUG][39m[0m:   	gcc -shared build/temp.linux-x86_64-3.11/home/runner/work/APEXYX_ORI_AI/APEXYX_ORI_AI/.buildozer/android/platform/build-arm64-v8a/build/other_builds/hostpython3/desktop/hostpython3/Modules/_multiprocessing/posixshmem.o -L/usr/lib/x86_64-linux-gnu -L/usr/local/lib -o build/lib.linux-x86_64-3.11/_posixshmem.cpython-311-x86_64-linux-gnu.so
build	Forge APK (Verbose)	2026-02-24T01:19:59.3749595Z [1m[90m[DEBUG][39m[0m:   	building 'xxlimited_35' extension
build	Forge APK (Verbose)	2026-02-24T01:19:59.3782212Z [1m[90m[DEBUG][39m[0m:   	gcc -fPIC -Wsign-compare -DNDEBUG -g -fwrapv -O3 -Wall -std=c11 -Wextra -Wno-unused-parameter -Wno-missing-field-initializers -Werror=implicit-function-declaration -fvisibility=hidden -I/home/runner/work/APEXYX_ORI_AI/APEXYX_ORI_AI/.buildozer/android/platform/build-arm64-v8a/build/other_builds/hostpython3/desktop/hostpython3/Include/internal -I. -IObjects -IPython -I/usr/include/x86_64-linux-gnu -I/usr/local/include -I/home/runner/work/APEXYX_ORI_AI/APEXYX_ORI_AI/.buildozer/android/platform/build-arm64-v8a/build/other_builds/hostpython3/desktop/hostpython3/Include -I/home/runner/work/APEXYX_ORI_AI/APEXYX_ORI_AI/.buildozer/android/platform/build-arm64-v8a/build/other_builds/hostpython3/desktop/hostpython3/native-build -c /home/runner/work/APEXYX_ORI_AI/APEXYX_ORI_AI/.buildozer/android/platform/build-arm64-v8a/build/other_builds/hostpython3/desktop/hostpython3/Modules/xxlimited_35.c -o build/temp.linux-x86_64-3.11/home/runner/work/APEXYX_ORI_AI/APEXYX_ORI_AI/.buildozer/android/platform/build-arm64-v8a/build/other_builds/hostpython3/desktop/hostpython3/Modules/xxlimited_35.o
build	Forge APK (Verbose)	2026-02-24T01:19:59.3815889Z [1m[90m[DEBUG][39m[0m:   	gcc -shared build/temp.linux-x86_64-3.11/home/runner/work/APEXYX_ORI_AI/APEXYX_ORI_AI/.buildozer/android/platform/build-arm64-v8a/build/other_builds/hostpython3/desktop/hostpython3/Modules/cjkcodecs/_codecs_iso2022.o -L/usr/lib/x86_64-linux-gnu -L/usr/local/lib -o build/lib.linux-x86_64-3.11/_codecs_iso2022.cpython-311-x86_64-linux-gnu.so
build	Forge APK (Verbose)	2026-02-24T01:19:59.4081408Z [1m[90m[DEBUG][39m[0m:   	building '_ctypes' extension
build	Forge APK (Verbose)	2026-02-24T01:19:59.4105590Z [1m[90m[DEBUG][39m[0m:   	gcc -fPIC -Wsign-compare -DNDEBUG -g -fwrapv -O3 -Wall -std=c11 -Wextra -Wno-unused-parameter -Wno-missing-field-initializers -Werror=implicit-function-declaration -fvisibility=hidden -I/home/runner/work/APEXYX_ORI_AI/APEXYX_ORI_AI/.buildozer/android/platform/build-arm64-v8a/build/other_builds/hostpython3/desktop/hostpython3/Include/internal -I/usr/include/x86_64-linux-gnu -I. -IObjects -IPython -I/usr/include/x86_64-linux-gnu -I/usr/local/include -I/home/runner/work/APEXYX_ORI_AI/APEXYX_ORI_AI/.buildozer/android/platform/build-arm64-v8a/build/other_builds/hostpython3/desktop/hostpython3/Include -I/home/runner/work/APEXYX_ORI_AI/APEXYX_ORI_AI/.buildozer/android/platform/build-arm64-v8a/build/other_builds/hostpython3/desktop/hostpython3/native-build -c /home/runner/work/APEXYX_ORI_AI/APEXYX_ORI_AI/.buildozer/android/platform/build-arm64-v8a/build/other_builds/hostpython3/desktop/hostpython3/Modules/_ctypes/_ctypes.c -o build/temp.linux-x86_64-3.11/home/runner/work/APEXYX_ORI_AI/APEXYX_ORI_AI/.buildozer/android/platform/build-arm64-v8a/build/other_builds/hostpython3/desktop/hostpython3/Modules/_ctypes/_ctypes.o -DHAVE_FFI_PREP_CIF_VAR=1 -DHAVE_FFI_PREP_CLOSURE_LOC=1 -DHAVE_FFI_CLOSURE_ALLOC=1
build	Forge APK (Verbose)	2026-02-24T01:19:59.4985858Z [1m[90m[DEBUG][39m[0m:   	gcc -shared build/temp.linux-x86_64-3.11/home/runner/work/APEXYX_ORI_AI/APEXYX_ORI_AI/.buildozer/android/platform/build-arm64-v8a/build/other_builds/hostpython3/desktop/hostpython3/Modules/xxlimited.o -L/usr/lib/x86_64-linux-gnu -L/usr/local/lib -o build/lib.linux-x86_64-3.11/xxlimited.cpython-311-x86_64-linux-gnu.so
build	Forge APK (Verbose)	2026-02-24T01:19:59.5319422Z [1m[90m[DEBUG][39m[0m:   	gcc -shared build/temp.linux-x86_64-3.11/home/runner/work/APEXYX_ORI_AI/APEXYX_ORI_AI/.buildozer/android/platform/build-arm64-v8a/build/other_builds/hostpython3/desktop/hostpython3/Modules/xxlimited_35.o -L/usr/lib/x86_64-linux-gnu -L/usr/local/lib -o build/lib.linux-x86_64-3.11/xxlimited_35.cpython-311-x86_64-linux-gnu.so
build	Forge APK (Verbose)	2026-02-24T01:20:00.5347236Z [1m[90m[DEBUG][39m[0m:   	gcc -fPIC -Wsign-compare -DNDEBUG -g -fwrapv -O3 -Wall -std=c11 -Wextra -Wno-unused-parameter -Wno-missing-field-initializers -Werror=implicit-function-declaration -fvisibility=hidden -I/home/runner/work/APEXYX_ORI_AI/APEXYX_ORI_AI/.buildozer/android/platform/build-arm64-v8a/build/other_builds/hostpython3/desktop/hostpython3/Include/internal -I/usr/include/x86_64-linux-gnu -I. -IObjects -IPython -I/usr/include/x86_64-linux-gnu -I/usr/local/include -I/home/runner/work/APEXYX_ORI_AI/APEXYX_ORI_AI/.buildozer/android/platform/build-arm64-v8a/build/other_builds/hostpython3/desktop/hostpython3/Include -I/home/runner/work/APEXYX_ORI_AI/APEXYX_ORI_AI/.buildozer/android/platform/build-arm64-v8a/build/other_builds/hostpython3/desktop/hostpython3/native-build -c /home/runner/work/APEXYX_ORI_AI/APEXYX_ORI_AI/.buildozer/android/platform/build-arm64-v8a/build/other_builds/hostpython3/desktop/hostpython3/Modules/_ctypes/callbacks.c -o build/temp.linux-x86_64-3.11/home/runner/work/APEXYX_ORI_AI/APEXYX_ORI_AI/.buildozer/android/platform/build-arm64-v8a/build/other_builds/hostpython3/desktop/hostpython3/Modules/_ctypes/callbacks.o -DHAVE_FFI_PREP_CIF_VAR=1 -DHAVE_FFI_PREP_CLOSURE_LOC=1 -DHAVE_FFI_CLOSURE_ALLOC=1
build	Forge APK (Verbose)	2026-02-24T01:20:00.7004865Z [1m[90m[DEBUG][39m[0m:   	gcc -fPIC -Wsign-compare -DNDEBUG -g -fwrapv -O3 -Wall -std=c11 -Wextra -Wno-unused-parameter -Wno-missing-field-initializers -Werror=implicit-function-declaration -fvisibility=hidden -I/home/runner/work/APEXYX_ORI_AI/APEXYX_ORI_AI/.buildozer/android/platform/build-arm64-v8a/build/other_builds/hostpython3/desktop/hostpython3/Include/internal -I/usr/include/x86_64-linux-gnu -I. -IObjects -IPython -I/usr/include/x86_64-linux-gnu -I/usr/local/include -I/home/runner/work/APEXYX_ORI_AI/APEXYX_ORI_AI/.buildozer/android/platform/build-arm64-v8a/build/other_builds/hostpython3/desktop/hostpython3/Include -I/home/runner/work/APEXYX_ORI_AI/APEXYX_ORI_AI/.buildozer/android/platform/build-arm64-v8a/build/other_builds/hostpython3/desktop/hostpython3/native-build -c /home/runner/work/APEXYX_ORI_AI/APEXYX_ORI_AI/.buildozer/android/platform/build-arm64-v8a/build/other_builds/hostpython3/desktop/hostpython3/Modules/_ctypes/callproc.c -o build/temp.linux-x86_64-3.11/home/runner/work/APEXYX_ORI_AI/APEXYX_ORI_AI/.buildozer/android/platform/build-arm64-v8a/build/other_builds/hostpython3/desktop/hostpython3/Modules/_ctypes/callproc.o -DHAVE_FFI_PREP_CIF_VAR=1 -DHAVE_FFI_PREP_CLOSURE_LOC=1 -DHAVE_FFI_CLOSURE_ALLOC=1
build	Forge APK (Verbose)	2026-02-24T01:20:00.9993129Z [1m[90m[DEBUG][39m[0m:   	gcc -fPIC -Wsign-compare -DNDEBUG -g -fwrapv -O3 -Wall -std=c11 -Wextra -Wno-unused-parameter -Wno-missing-field-initializers -Werror=implicit-function-declaration -fvisibility=hidden -I/home/runner/work/APEXYX_ORI_AI/APEXYX_ORI_AI/.buildozer/android/platform/build-arm64-v8a/build/other_builds/hostpython3/desktop/hostpython3/Include/internal -I/usr/include/x86_64-linux-gnu -I. -IObjects -IPython -I/usr/include/x86_64-linux-gnu -I/usr/local/include -I/home/runner/work/APEXYX_ORI_AI/APEXYX_ORI_AI/.buildozer/android/platform/build-arm64-v8a/build/other_builds/hostpython3/desktop/hostpython3/Include -I/home/runner/work/APEXYX_ORI_AI/APEXYX_ORI_AI/.buildozer/android/platform/build-arm64-v8a/build/other_builds/hostpython3/desktop/hostpython3/native-build -c /home/runner/work/APEXYX_ORI_AI/APEXYX_ORI_AI/.buildozer/android/platform/build-arm64-v8a/build/other_builds/hostpython3/desktop/hostpython3/Modules/_ctypes/cfield.c -o build/temp.linux-x86_64-3.11/home/runner/work/APEXYX_ORI_AI/APEXYX_ORI_AI/.buildozer/android/platform/build-arm64-v8a/build/other_builds/hostpython3/desktop/hostpython3/Modules/_ctypes/cfield.o -DHAVE_FFI_PREP_CIF_VAR=1 -DHAVE_FFI_PREP_CLOSURE_LOC=1 -DHAVE_FFI_CLOSURE_ALLOC=1
build	Forge APK (Verbose)	2026-02-24T01:20:01.4147961Z [1m[90m[DEBUG][39m[0m:   	gcc -fPIC -Wsign-compare -DNDEBUG -g -fwrapv -O3 -Wall -std=c11 -Wextra -Wno-unused-parameter -Wno-missing-field-initializers -Werror=implicit-function-declaration -fvisibility=hidden -I/home/runner/work/APEXYX_ORI_AI/APEXYX_ORI_AI/.buildozer/android/platform/build-arm64-v8a/build/other_builds/hostpython3/desktop/hostpython3/Include/internal -I/usr/include/x86_64-linux-gnu -I. -IObjects -IPython -I/usr/include/x86_64-linux-gnu -I/usr/local/include -I/home/runner/work/APEXYX_ORI_AI/APEXYX_ORI_AI/.buildozer/android/platform/build-arm64-v8a/build/other_builds/hostpython3/desktop/hostpython3/Include -I/home/runner/work/APEXYX_ORI_AI/APEXYX_ORI_AI/.buildozer/android/platform/build-arm64-v8a/build/other_builds/hostpython3/desktop/hostpython3/native-build -c /home/runner/work/APEXYX_ORI_AI/APEXYX_ORI_AI/.buildozer/android/platform/build-arm64-v8a/build/other_builds/hostpython3/desktop/hostpython3/Modules/_ctypes/stgdict.c -o build/temp.linux-x86_64-3.11/home/runner/work/APEXYX_ORI_AI/APEXYX_ORI_AI/.buildozer/android/platform/build-arm64-v8a/build/other_builds/hostpython3/desktop/hostpython3/Modules/_ctypes/stgdict.o -DHAVE_FFI_PREP_CIF_VAR=1 -DHAVE_FFI_PREP_CLOSURE_LOC=1 -DHAVE_FFI_CLOSURE_ALLOC=1
build	Forge APK (Verbose)	2026-02-24T01:20:01.4754862Z [1m[90m[DEBUG][39m[0m:   	gcc -shared build/temp.linux-x86_64-3.11/home/runner/work/APEXYX_ORI_AI/APEXYX_ORI_AI/.buildozer/android/platform/build-arm64-v8a/build/other_builds/hostpython3/desktop/hostpython3/Modules/_decimal/_decimal.o Modules/_decimal/libmpdec/libmpdec.a -L/usr/lib/x86_64-linux-gnu -L/usr/local/lib -lm -o build/lib.linux-x86_64-3.11/_decimal.cpython-311-x86_64-linux-gnu.so
build	Forge APK (Verbose)	2026-02-24T01:20:01.7075920Z [1m[90m[DEBUG][39m[0m:   	gcc -shared build/temp.linux-x86_64-3.11/home/runner/work/APEXYX_ORI_AI/APEXYX_ORI_AI/.buildozer/android/platform/build-arm64-v8a/build/other_builds/hostpython3/desktop/hostpython3/Modules/_ctypes/_ctypes.o build/temp.linux-x86_64-3.11/home/runner/work/APEXYX_ORI_AI/APEXYX_ORI_AI/.buildozer/android/platform/build-arm64-v8a/build/other_builds/hostpython3/desktop/hostpython3/Modules/_ctypes/callbacks.o build/temp.linux-x86_64-3.11/home/runner/work/APEXYX_ORI_AI/APEXYX_ORI_AI/.buildozer/android/platform/build-arm64-v8a/build/other_builds/hostpython3/desktop/hostpython3/Modules/_ctypes/callproc.o build/temp.linux-x86_64-3.11/home/runner/work/APEXYX_ORI_AI/APEXYX_ORI_AI/.buildozer/android/platform/build-arm64-v8a/build/other_builds/hostpython3/desktop/hostpython3/Modules/_ctypes/cfield.o build/temp.linux-x86_64-3.11/home/runner/work/APEXYX_ORI_AI/APEXYX_ORI_AI/.buildozer/android/platform/build-arm64-v8a/build/other_builds/hostpython3/desktop/hostpython3/Modules/_ctypes/stgdict.o -L/usr/lib/x86_64-linux-gnu -L/usr/local/lib -lffi -ldl -o build/lib.linux-x86_64-3.11/_ctypes.cpython-311-x86_64-linux-gnu.so
build	Forge APK (Verbose)	2026-02-24T01:20:01.8734417Z [1m[90m[DEBUG][39m[0m:   	
build	Forge APK (Verbose)	2026-02-24T01:20:01.8736141Z [1m[90m[DEBUG][39m[0m:   	The necessary bits to build these optional modules were not found:
build	Forge APK (Verbose)	2026-02-24T01:20:01.8737910Z [1m[90m[DEBUG][39m[0m:   	_bz2                  _dbm                  _gdbm
build	Forge APK (Verbose)	2026-02-24T01:20:01.8739186Z [1m[90m[DEBUG][39m[0m:   	_lzma                 _tkinter              _uuid
build	Forge APK (Verbose)	2026-02-24T01:20:01.8740326Z [1m[90m[DEBUG][39m[0m:   	nis                   readline
build	Forge APK (Verbose)	2026-02-24T01:20:01.8742260Z [1m[90m[DEBUG][39m[0m:   	To find the necessary bits, look in setup.py in detect_modules() for the module's name.
build	Forge APK (Verbose)	2026-02-24T01:20:01.8744283Z [1m[90m[DEBUG][39m[0m:   	
build	Forge APK (Verbose)	2026-02-24T01:20:01.8744827Z [1m[90m[DEBUG][39m[0m:   	running build_scripts
build	Forge APK (Verbose)	2026-02-24T01:20:01.8745463Z [1m[90m[DEBUG][39m[0m:   	creating build/scripts-3.11
build	Forge APK (Verbose)	2026-02-24T01:20:01.8747435Z [1m[90m[DEBUG][39m[0m:   	copying and adjusting /home/runner/work/APEXYX_ORI_AI/APEXYX_ORI_AI/.buildozer/android/platform/build-arm64-v8a/build/other_builds/hostpython3/desktop/hostpython3/Tools/scripts/pydoc3 -> build/scripts-3.11
build	Forge APK (Verbose)	2026-02-24T01:20:01.8749331Z [1m[90m[DEBUG][39m[0m:   	copying and adjusting /home/runner/work/APEXYX_ORI_AI/APEXYX_ORI_AI/.buildozer/android/platform/build-arm64-v8a/build/other_builds/hostpython3/desktop/hostpython3/Tools/scripts/idle3 -> build/scripts-3.11
build	Forge APK (Verbose)	2026-02-24T01:20:01.8751361Z [1m[90m[DEBUG][39m[0m:   	copying and adjusting /home/runner/work/APEXYX_ORI_AI/APEXYX_ORI_AI/.buildozer/android/platform/build-arm64-v8a/build/other_builds/hostpython3/desktop/hostpython3/Tools/scripts/2to3 -> build/scripts-3.11
build	Forge APK (Verbose)	2026-02-24T01:20:01.8752542Z [1m[90m[DEBUG][39m[0m:   	changing mode of build/scripts-3.11/pydoc3 from 644 to 755
build	Forge APK (Verbose)	2026-02-24T01:20:01.8753084Z [1m[90m[DEBUG][39m[0m:   	changing mode of build/scripts-3.11/idle3 from 644 to 755
build	Forge APK (Verbose)	2026-02-24T01:20:01.8753624Z [1m[90m[DEBUG][39m[0m:   	changing mode of build/scripts-3.11/2to3 from 644 to 755
build	Forge APK (Verbose)	2026-02-24T01:20:01.8754190Z [1m[90m[DEBUG][39m[0m:   	renaming build/scripts-3.11/pydoc3 to build/scripts-3.11/pydoc3.11
build	Forge APK (Verbose)	2026-02-24T01:20:01.8754793Z [1m[90m[DEBUG][39m[0m:   	renaming build/scripts-3.11/idle3 to build/scripts-3.11/idle3.11
build	Forge APK (Verbose)	2026-02-24T01:20:01.8755368Z [1m[90m[DEBUG][39m[0m:   	renaming build/scripts-3.11/2to3 to build/scripts-3.11/2to3-3.11
build	Forge APK (Verbose)	2026-02-24T01:20:01.8901819Z [1m[90m[DEBUG][39m[0m:   	make: Leaving directory '/home/runner/work/APEXYX_ORI_AI/APEXYX_ORI_AI/.buildozer/android/platform/build-arm64-v8a/build/other_builds/hostpython3/desktop/hostpython3/native-build'
build	Forge APK (Verbose)	2026-02-24T01:20:01.8944386Z stty: 'standard input': Inappropriate ioctl for device
build	Forge APK (Verbose)	2026-02-24T01:20:01.8949268Z [1m[90m[DEBUG][39m[0m:   [90m->[0m running cp /home/runner/work/APEXYX_ORI_AI/APEXYX_ORI_AI/.buildozer/android/platform/build-arm64-v8a/build/other_builds/hostpython3/desktop/hostpython3/native-build/python /home/runner/work/APEXYX_ORI_AI/APEXYX_ORI_AI/.buildozer/android/platform/build-arm64-v8a/build/other_builds/hostpython3/desktop/hostpython3/native-build/python3[0m
build	Forge APK (Verbose)	2026-02-24T01:20:02.9153007Z [1m[INFO][0m:    [36m<- directory context /home/runner/work/APEXYX_ORI_AI/APEXYX_ORI_AI/.buildozer/android/platform/python-for-android[39m
build	Forge APK (Verbose)	2026-02-24T01:20:02.9155107Z [1m[INFO][0m:    [1m[32mBuilding libffi for arm64-v8a[0m[39m
build	Forge APK (Verbose)	2026-02-24T01:20:02.9157059Z [1m[90m[DEBUG][39m[0m:   Create directory /home/runner/work/APEXYX_ORI_AI/APEXYX_ORI_AI/.buildozer/android/platform/build-arm64-v8a/build/python-installs
build	Forge APK (Verbose)	2026-02-24T01:20:02.9160109Z [1m[90m[DEBUG][39m[0m:   Create directory /home/runner/work/APEXYX_ORI_AI/APEXYX_ORI_AI/.buildozer/android/platform/build-arm64-v8a/build/libs_collections/reech_sovereign_v80
build	Forge APK (Verbose)	2026-02-24T01:20:02.9163127Z [1m[90m[DEBUG][39m[0m:   Create directory /home/runner/work/APEXYX_ORI_AI/APEXYX_ORI_AI/.buildozer/android/platform/build-arm64-v8a/build/libs_collections/reech_sovereign_v80/arm64-v8a
build	Forge APK (Verbose)	2026-02-24T01:20:02.9165663Z [1m[INFO][0m:    [36m-> directory context /home/runner/work/APEXYX_ORI_AI/APEXYX_ORI_AI/.buildozer/android/platform/build-arm64-v8a/build/other_builds/libffi/arm64-v8a__ndk_target_26/libffi[39m
build	Forge APK (Verbose)	2026-02-24T01:20:02.9183371Z stty: 'standard input': Inappropriate ioctl for device
build	Forge APK (Verbose)	2026-02-24T01:20:02.9186847Z [1m[90m[DEBUG][39m[0m:   [90m->[0m running autogen.sh[0m
build	Forge APK (Verbose)	2026-02-24T01:20:02.9718482Z [1m[90m[DEBUG][39m[0m:   	autoreconf: export WARNINGS=
build	Forge APK (Verbose)	2026-02-24T01:20:02.9735960Z [1m[90m[DEBUG][39m[0m:   	autoreconf: Entering directory '.'
build	Forge APK (Verbose)	2026-02-24T01:20:02.9741766Z [1m[90m[DEBUG][39m[0m:   	autoreconf: configure.ac: not using Gettext
build	Forge APK (Verbose)	2026-02-24T01:20:03.9748314Z [1m[90m[DEBUG][39m[0m:   	autoreconf: running: aclocal -I m4
build	Forge APK (Verbose)	2026-02-24T01:20:04.6955524Z [1m[90m[DEBUG][39m[0m:   	autoreconf: configure.ac: tracing
build	Forge APK (Verbose)	2026-02-24T01:20:05.0037865Z [1m[90m[DEBUG][39m[0m:   	autoreconf: running: libtoolize --copy
build	Forge APK (Verbose)	2026-02-24T01:20:05.0581138Z [1m[90m[DEBUG][39m[0m:   	libtoolize: putting auxiliary files in '.'.
build	Forge APK (Verbose)	2026-02-24T01:20:05.0582199Z [1m[90m[DEBUG][39m[0m:   	libtoolize: copying file './ltmain.sh'
build	Forge APK (Verbose)	2026-02-24T01:20:05.0750200Z [1m[90m[DEBUG][39m[0m:   	libtoolize: putting macros in AC_CONFIG_MACRO_DIRS, 'm4'.
build	Forge APK (Verbose)	2026-02-24T01:20:05.0751374Z [1m[90m[DEBUG][39m[0m:   	libtoolize: copying file 'm4/libtool.m4'
build	Forge APK (Verbose)	2026-02-24T01:20:05.1154675Z [1m[90m[DEBUG][39m[0m:   	libtoolize: copying file 'm4/ltoptions.m4'
build	Forge APK (Verbose)	2026-02-24T01:20:05.1565798Z [1m[90m[DEBUG][39m[0m:   	libtoolize: copying file 'm4/ltsugar.m4'
build	Forge APK (Verbose)	2026-02-24T01:20:05.1980835Z [1m[90m[DEBUG][39m[0m:   	libtoolize: copying file 'm4/ltversion.m4'
build	Forge APK (Verbose)	2026-02-24T01:20:05.2394965Z [1m[90m[DEBUG][39m[0m:   	libtoolize: copying file 'm4/lt~obsolete.m4'
build	Forge APK (Verbose)	2026-02-24T01:20:05.2823447Z [1m[90m[DEBUG][39m[0m:   	autoreconf: configure.ac: not using Intltool
build	Forge APK (Verbose)	2026-02-24T01:20:05.2824397Z [1m[90m[DEBUG][39m[0m:   	autoreconf: configure.ac: not using Gtkdoc
build	Forge APK (Verbose)	2026-02-24T01:20:05.2825176Z [1m[90m[DEBUG][39m[0m:   	autoreconf: running: aclocal -I m4
build	Forge APK (Verbose)	2026-02-24T01:20:05.9974160Z [1m[90m[DEBUG][39m[0m:   	autoreconf: running: /usr/bin/autoconf
build	Forge APK (Verbose)	2026-02-24T01:20:06.2644005Z [1m[90m[DEBUG][39m[0m:   	configure.ac:8: warning: The macro `AC_CANONICAL_SYSTEM' is obsolete.
build	Forge APK (Verbose)	2026-02-24T01:20:06.2646249Z [1m[90m[DEBUG][39m[0m:   	configure.ac:8: You should run autoupdate.
build	Forge APK (Verbose)	2026-02-24T01:20:06.2647324Z [1m[90m[DEBUG][39m[0m:   	./lib/autoconf/general.m4:2081: AC_CANONICAL_SYSTEM is expanded from...
build	Forge APK (Verbose)	2026-02-24T01:20:06.2648302Z [1m[90m[DEBUG][39m[0m:   	configure.ac:8: the top level
build	Forge APK (Verbose)	2026-02-24T01:20:06.2650996Z [1m[90m[DEBUG][39m[0m:   	configure.ac:41: warning: The macro `AC_PROG_LIBTOOL' is obsolete.
build	Forge APK (Verbose)	2026-02-24T01:20:06.2653066Z [1m[90m[DEBUG][39m[0m:   	configure.ac:41: You should run autoupdate.
build	Forge APK (Verbose)	2026-02-24T01:20:06.2654022Z [1m[90m[DEBUG][39m[0m:   	m4/libtool.m4:100: AC_PROG_LIBTOOL is expanded from...
build	Forge APK (Verbose)	2026-02-24T01:20:06.2654905Z [1m[90m[DEBUG][39m[0m:   	configure.ac:41: the top level
build	Forge APK (Verbose)	2026-02-24T01:20:06.2655880Z [1m[90m[DEBUG][39m[0m:   	configure.ac:74: warning: The macro `AC_TRY_COMPILE' is obsolete.
build	Forge APK (Verbose)	2026-02-24T01:20:06.2657031Z [1m[90m[DEBUG][39m[0m:   	configure.ac:74: You should run autoupdate.
build	Forge APK (Verbose)	2026-02-24T01:20:06.2658104Z [1m[90m[DEBUG][39m[0m:   	./lib/autoconf/general.m4:2847: AC_TRY_COMPILE is expanded from...
build	Forge APK (Verbose)	2026-02-24T01:20:06.2659508Z [1m[90m[DEBUG][39m[0m:   	lib/m4sugar/m4sh.m4:692: _AS_IF_ELSE is expanded from...
build	Forge APK (Verbose)	2026-02-24T01:20:06.2660469Z [1m[90m[DEBUG][39m[0m:   	lib/m4sugar/m4sh.m4:699: AS_IF is expanded from...
build	Forge APK (Verbose)	2026-02-24T01:20:06.2661726Z [1m[90m[DEBUG][39m[0m:   	./lib/autoconf/general.m4:2249: AC_CACHE_VAL is expanded from...
build	Forge APK (Verbose)	2026-02-24T01:20:06.2662886Z [1m[90m[DEBUG][39m[0m:   	./lib/autoconf/general.m4:2270: AC_CACHE_CHECK is expanded from...
build	Forge APK (Verbose)	2026-02-24T01:20:06.2664001Z [1m[90m[DEBUG][39m[0m:   	acinclude.m4:3: AC_FUNC_MMAP_BLACKLIST is expanded from...
build	Forge APK (Verbose)	2026-02-24T01:20:06.2664888Z [1m[90m[DEBUG][39m[0m:   	configure.ac:74: the top level
build	Forge APK (Verbose)	2026-02-24T01:20:06.2665820Z [1m[90m[DEBUG][39m[0m:   	configure.ac:91: warning: The macro `AC_HEADER_STDC' is obsolete.
build	Forge APK (Verbose)	2026-02-24T01:20:06.2666810Z [1m[90m[DEBUG][39m[0m:   	configure.ac:91: You should run autoupdate.
build	Forge APK (Verbose)	2026-02-24T01:20:06.2668261Z [1m[90m[DEBUG][39m[0m:   	./lib/autoconf/headers.m4:704: AC_HEADER_STDC is expanded from...
build	Forge APK (Verbose)	2026-02-24T01:20:06.2669206Z [1m[90m[DEBUG][39m[0m:   	configure.ac:91: the top level
build	Forge APK (Verbose)	2026-02-24T01:20:06.2670151Z [1m[90m[DEBUG][39m[0m:   	configure.ac:118: warning: The macro `AC_TRY_COMPILE' is obsolete.
build	Forge APK (Verbose)	2026-02-24T01:20:06.2671348Z [1m[90m[DEBUG][39m[0m:   	configure.ac:118: You should run autoupdate.
build	Forge APK (Verbose)	2026-02-24T01:20:06.2672377Z [1m[90m[DEBUG][39m[0m:   	./lib/autoconf/general.m4:2847: AC_TRY_COMPILE is expanded from...
build	Forge APK (Verbose)	2026-02-24T01:20:06.2673526Z [1m[90m[DEBUG][39m[0m:   	lib/m4sugar/m4sh.m4:692: _AS_IF_ELSE is expanded from...
build	Forge APK (Verbose)	2026-02-24T01:20:06.2674502Z [1m[90m[DEBUG][39m[0m:   	lib/m4sugar/m4sh.m4:699: AS_IF is expanded from...
build	Forge APK (Verbose)	2026-02-24T01:20:06.2675537Z [1m[90m[DEBUG][39m[0m:   	./lib/autoconf/general.m4:2249: AC_CACHE_VAL is expanded from...
build	Forge APK (Verbose)	2026-02-24T01:20:06.2676637Z [1m[90m[DEBUG][39m[0m:   	./lib/autoconf/general.m4:2270: AC_CACHE_CHECK is expanded from...
build	Forge APK (Verbose)	2026-02-24T01:20:06.2677239Z [1m[90m[DEBUG][39m[0m:   	m4/asmcfi.m4:1: GCC_AS_CFI_PSEUDO_OP is expanded from...
build	Forge APK (Verbose)	2026-02-24T01:20:06.2677702Z [1m[90m[DEBUG][39m[0m:   	configure.ac:118: the top level
build	Forge APK (Verbose)	2026-02-24T01:20:06.2678185Z [1m[90m[DEBUG][39m[0m:   	configure.ac:122: warning: The macro `AC_TRY_LINK' is obsolete.
build	Forge APK (Verbose)	2026-02-24T01:20:06.2678696Z [1m[90m[DEBUG][39m[0m:   	configure.ac:122: You should run autoupdate.
build	Forge APK (Verbose)	2026-02-24T01:20:06.2679531Z [1m[90m[DEBUG][39m[0m:   	./lib/autoconf/general.m4:2920: AC_TRY_LINK is expanded from...
build	Forge APK (Verbose)	2026-02-24T01:20:06.2680109Z [1m[90m[DEBUG][39m[0m:   	lib/m4sugar/m4sh.m4:692: _AS_IF_ELSE is expanded from...
build	Forge APK (Verbose)	2026-02-24T01:20:06.2680838Z [1m[90m[DEBUG][39m[0m:   	lib/m4sugar/m4sh.m4:699: AS_IF is expanded from...
build	Forge APK (Verbose)	2026-02-24T01:20:06.2681428Z [1m[90m[DEBUG][39m[0m:   	./lib/autoconf/general.m4:2249: AC_CACHE_VAL is expanded from...
build	Forge APK (Verbose)	2026-02-24T01:20:06.2681997Z [1m[90m[DEBUG][39m[0m:   	./lib/autoconf/general.m4:2270: AC_CACHE_CHECK is expanded from...
build	Forge APK (Verbose)	2026-02-24T01:20:06.2682477Z [1m[90m[DEBUG][39m[0m:   	configure.ac:122: the top level
build	Forge APK (Verbose)	2026-02-24T01:20:06.2682957Z [1m[90m[DEBUG][39m[0m:   	configure.ac:138: warning: The macro `AC_TRY_COMPILE' is obsolete.
build	Forge APK (Verbose)	2026-02-24T01:20:06.2683455Z [1m[90m[DEBUG][39m[0m:   	configure.ac:138: You should run autoupdate.
build	Forge APK (Verbose)	2026-02-24T01:20:06.2683966Z [1m[90m[DEBUG][39m[0m:   	./lib/autoconf/general.m4:2847: AC_TRY_COMPILE is expanded from...
build	Forge APK (Verbose)	2026-02-24T01:20:06.2684519Z [1m[90m[DEBUG][39m[0m:   	lib/m4sugar/m4sh.m4:692: _AS_IF_ELSE is expanded from...
build	Forge APK (Verbose)	2026-02-24T01:20:06.2684999Z [1m[90m[DEBUG][39m[0m:   	lib/m4sugar/m4sh.m4:699: AS_IF is expanded from...
build	Forge APK (Verbose)	2026-02-24T01:20:06.2685515Z [1m[90m[DEBUG][39m[0m:   	./lib/autoconf/general.m4:2249: AC_CACHE_VAL is expanded from...
build	Forge APK (Verbose)	2026-02-24T01:20:06.2686073Z [1m[90m[DEBUG][39m[0m:   	./lib/autoconf/general.m4:2270: AC_CACHE_CHECK is expanded from...
build	Forge APK (Verbose)	2026-02-24T01:20:06.2686547Z [1m[90m[DEBUG][39m[0m:   	configure.ac:138: the top level
build	Forge APK (Verbose)	2026-02-24T01:20:06.2687027Z [1m[90m[DEBUG][39m[0m:   	configure.ac:185: warning: The macro `AC_TRY_COMPILE' is obsolete.
build	Forge APK (Verbose)	2026-02-24T01:20:06.2687715Z [1m[90m[DEBUG][39m[0m:   	configure.ac:185: You should run autoupdate.
build	Forge APK (Verbose)	2026-02-24T01:20:06.2688227Z [1m[90m[DEBUG][39m[0m:   	./lib/autoconf/general.m4:2847: AC_TRY_COMPILE is expanded from...
build	Forge APK (Verbose)	2026-02-24T01:20:06.2688758Z [1m[90m[DEBUG][39m[0m:   	lib/m4sugar/m4sh.m4:692: _AS_IF_ELSE is expanded from...
build	Forge APK (Verbose)	2026-02-24T01:20:06.2689235Z [1m[90m[DEBUG][39m[0m:   	lib/m4sugar/m4sh.m4:699: AS_IF is expanded from...
build	Forge APK (Verbose)	2026-02-24T01:20:06.2689762Z [1m[90m[DEBUG][39m[0m:   	./lib/autoconf/general.m4:2249: AC_CACHE_VAL is expanded from...
build	Forge APK (Verbose)	2026-02-24T01:20:06.2690320Z [1m[90m[DEBUG][39m[0m:   	./lib/autoconf/general.m4:2270: AC_CACHE_CHECK is expanded from...
build	Forge APK (Verbose)	2026-02-24T01:20:06.2691181Z [1m[90m[DEBUG][39m[0m:   	configure.ac:185: the top level
build	Forge APK (Verbose)	2026-02-24T01:20:06.2691817Z [1m[90m[DEBUG][39m[0m:   	configure.ac:310: warning: The macro `AC_HELP_STRING' is obsolete.
build	Forge APK (Verbose)	2026-02-24T01:20:06.2692318Z [1m[90m[DEBUG][39m[0m:   	configure.ac:310: You should run autoupdate.
build	Forge APK (Verbose)	2026-02-24T01:20:06.2692833Z [1m[90m[DEBUG][39m[0m:   	./lib/autoconf/general.m4:204: AC_HELP_STRING is expanded from...
build	Forge APK (Verbose)	2026-02-24T01:20:06.2693290Z [1m[90m[DEBUG][39m[0m:   	configure.ac:310: the top level
build	Forge APK (Verbose)	2026-02-24T01:20:06.2693758Z [1m[90m[DEBUG][39m[0m:   	configure.ac:418: warning: The macro `AC_HELP_STRING' is obsolete.
build	Forge APK (Verbose)	2026-02-24T01:20:06.2694255Z [1m[90m[DEBUG][39m[0m:   	configure.ac:418: You should run autoupdate.
build	Forge APK (Verbose)	2026-02-24T01:20:06.2694752Z [1m[90m[DEBUG][39m[0m:   	./lib/autoconf/general.m4:204: AC_HELP_STRING is expanded from...
build	Forge APK (Verbose)	2026-02-24T01:20:06.2695299Z [1m[90m[DEBUG][39m[0m:   	acinclude.m4:353: LIBFFI_ENABLE_SYMVERS is expanded from...
build	Forge APK (Verbose)	2026-02-24T01:20:06.2695740Z [1m[90m[DEBUG][39m[0m:   	configure.ac:418: the top level
build	Forge APK (Verbose)	2026-02-24T01:20:06.2696199Z [1m[90m[DEBUG][39m[0m:   	configure.ac:418: warning: The macro `AC_PROG_LD' is obsolete.
build	Forge APK (Verbose)	2026-02-24T01:20:06.2696692Z [1m[90m[DEBUG][39m[0m:   	configure.ac:418: You should run autoupdate.
build	Forge APK (Verbose)	2026-02-24T01:20:06.2697142Z [1m[90m[DEBUG][39m[0m:   	m4/libtool.m4:3361: AC_PROG_LD is expanded from...
build	Forge APK (Verbose)	2026-02-24T01:20:06.2697666Z [1m[90m[DEBUG][39m[0m:   	acinclude.m4:251: LIBFFI_CHECK_LINKER_FEATURES is expanded from...
build	Forge APK (Verbose)	2026-02-24T01:20:06.2698211Z [1m[90m[DEBUG][39m[0m:   	acinclude.m4:353: LIBFFI_ENABLE_SYMVERS is expanded from...
build	Forge APK (Verbose)	2026-02-24T01:20:06.2698653Z [1m[90m[DEBUG][39m[0m:   	configure.ac:418: the top level
build	Forge APK (Verbose)	2026-02-24T01:20:06.2699106Z [1m[90m[DEBUG][39m[0m:   	configure.ac:418: warning: The macro `AC_TRY_RUN' is obsolete.
build	Forge APK (Verbose)	2026-02-24T01:20:06.2699595Z [1m[90m[DEBUG][39m[0m:   	configure.ac:418: You should run autoupdate.
build	Forge APK (Verbose)	2026-02-24T01:20:06.2700093Z [1m[90m[DEBUG][39m[0m:   	./lib/autoconf/general.m4:2997: AC_TRY_RUN is expanded from...
build	Forge APK (Verbose)	2026-02-24T01:20:06.2701074Z [1m[90m[DEBUG][39m[0m:   	acinclude.m4:251: LIBFFI_CHECK_LINKER_FEATURES is expanded from...
build	Forge APK (Verbose)	2026-02-24T01:20:06.2701663Z [1m[90m[DEBUG][39m[0m:   	acinclude.m4:353: LIBFFI_ENABLE_SYMVERS is expanded from...
build	Forge APK (Verbose)	2026-02-24T01:20:06.2702117Z [1m[90m[DEBUG][39m[0m:   	configure.ac:418: the top level
build	Forge APK (Verbose)	2026-02-24T01:20:06.2702586Z [1m[90m[DEBUG][39m[0m:   	configure.ac:418: warning: The macro `AC_TRY_LINK' is obsolete.
build	Forge APK (Verbose)	2026-02-24T01:20:06.2703084Z [1m[90m[DEBUG][39m[0m:   	configure.ac:418: You should run autoupdate.
build	Forge APK (Verbose)	2026-02-24T01:20:06.2703577Z [1m[90m[DEBUG][39m[0m:   	./lib/autoconf/general.m4:2920: AC_TRY_LINK is expanded from...
build	Forge APK (Verbose)	2026-02-24T01:20:06.2704117Z [1m[90m[DEBUG][39m[0m:   	acinclude.m4:353: LIBFFI_ENABLE_SYMVERS is expanded from...
build	Forge APK (Verbose)	2026-02-24T01:20:06.2704558Z [1m[90m[DEBUG][39m[0m:   	configure.ac:418: the top level
build	Forge APK (Verbose)	2026-02-24T01:20:06.4002950Z [1m[90m[DEBUG][39m[0m:   	configure.ac:215: error: possibly undefined macro: LT_SYS_SYMBOL_USCORE
build	Forge APK (Verbose)	2026-02-24T01:20:06.4003917Z [1m[90m[DEBUG][39m[0m:   	      If this token and others are legitimate, please use m4_pattern_allow.
build	Forge APK (Verbose)	2026-02-24T01:20:06.4004656Z [1m[90m[DEBUG][39m[0m:   	      See the Autoconf documentation.
build	Forge APK (Verbose)	2026-02-24T01:20:06.4034961Z [1m[90m[DEBUG][39m[0m:   	autoreconf: error: /usr/bin/autoconf failed with exit status: 1
build	Forge APK (Verbose)	2026-02-24T01:20:06.4056789Z Exception in thread background thread for pid 14764:
build	Forge APK (Verbose)	2026-02-24T01:20:06.4057346Z Traceback (most recent call last):
build	Forge APK (Verbose)	2026-02-24T01:20:06.4065137Z   File "/opt/hostedtoolcache/Python/3.11.14/x64/lib/python3.11/threading.py", line 1045, in _bootstrap_inner
build	Forge APK (Verbose)	2026-02-24T01:20:06.4119064Z     self.run()
build	Forge APK (Verbose)	2026-02-24T01:20:06.4119741Z   File "/opt/hostedtoolcache/Python/3.11.14/x64/lib/python3.11/threading.py", line 982, in run
build	Forge APK (Verbose)	2026-02-24T01:20:06.4121685Z     self._target(*self._args, **self._kwargs)
build	Forge APK (Verbose)	2026-02-24T01:20:06.4122681Z   File "/home/runner/.local/lib/python3.11/site-packages/sh.py", line 1641, in wrap
build	Forge APK (Verbose)	2026-02-24T01:20:06.4124903Z     fn(*rgs, **kwargs)
build	Forge APK (Verbose)	2026-02-24T01:20:06.4126001Z   File "/home/runner/.local/lib/python3.11/site-packages/sh.py", line 2569, in background_thread
build	Forge APK (Verbose)	2026-02-24T01:20:06.4129420Z     handle_exit_code(exit_code)
build	Forge APK (Verbose)	2026-02-24T01:20:06.4130149Z   File "/home/runner/.local/lib/python3.11/site-packages/sh.py", line 2269, in fn
build	Forge APK (Verbose)	2026-02-24T01:20:06.4133570Z     return self.command.handle_command_exit_code(exit_code)
build	Forge APK (Verbose)	2026-02-24T01:20:06.4134175Z            ^^^^^^^^^^^^^^^^^^^^^^^^^^^^^^^^^^^^^^^^^^^^^^^^
build	Forge APK (Verbose)	2026-02-24T01:20:06.4135082Z   File "/home/runner/.local/lib/python3.11/site-packages/sh.py", line 869, in handle_command_exit_code
build	Forge APK (Verbose)	2026-02-24T01:20:06.4135934Z     raise exc
build	Forge APK (Verbose)	2026-02-24T01:20:06.4136254Z sh.ErrorReturnCode_1: 
build	Forge APK (Verbose)	2026-02-24T01:20:06.4136477Z 
build	Forge APK (Verbose)	2026-02-24T01:20:06.4137344Z   RAN: /home/runner/work/APEXYX_ORI_AI/APEXYX_ORI_AI/.buildozer/android/platform/build-arm64-v8a/build/other_builds/libffi/arm64-v8a__ndk_target_26/libffi/autogen.sh
build	Forge APK (Verbose)	2026-02-24T01:20:06.4138423Z 
build	Forge APK (Verbose)	2026-02-24T01:20:06.4138552Z   STDOUT:
build	Forge APK (Verbose)	2026-02-24T01:20:06.4138862Z autoreconf: export WARNINGS=
build	Forge APK (Verbose)	2026-02-24T01:20:06.4139278Z autoreconf: Entering directory '.'
build	Forge APK (Verbose)	2026-02-24T01:20:06.4139731Z autoreconf: configure.ac: not using Gettext
build	Forge APK (Verbose)	2026-02-24T01:20:06.4140209Z autoreconf: running: aclocal -I m4
build	Forge APK (Verbose)	2026-02-24T01:20:06.4141117Z autoreconf: configure.ac: tracing
build	Forge APK (Verbose)	2026-02-24T01:20:06.4141593Z autoreconf: running: libtoolize --copy
build	Forge APK (Verbose)	2026-02-24T01:20:06.4142107Z libtoolize: putting auxiliary files in '.'.
build	Forge APK (Verbose)	2026-02-24T01:20:06.4142598Z libtoolize: copying file './ltmain.sh'
build	Forge APK (Verbose)	2026-02-24T01:20:06.4143161Z libtoolize: putting macros in AC_CONFIG_MACRO_DIRS, 'm4'.
build	Forge APK (Verbose)	2026-02-24T01:20:06.4143738Z libtoolize: copying file 'm4/libtool.m4'
build	Forge APK (Verbose)	2026-02-24T01:20:06.4144225Z libtoolize: copying file 'm4/ltoptions.m4'
build	Forge APK (Verbose)	2026-02-24T01:20:06.4144761Z libtoolize: copying file 'm4/ltsugar.m4'
build	Forge APK (Verbose)	2026-02-24T01:20:06.4145246Z libtoolize: copying file 'm4/ltversion.m4'
build	Forge APK (Verbose)	2026-02-24T01:20:06.4145771Z libtoolize: copying file 'm4/lt~obsolete.m4'
build	Forge APK (Verbose)	2026-02-24T01:20:06.4146289Z autoreconf: configure.ac: not using Intltool
build	Forge APK (Verbose)	2026-02-24T01:20:06.4146812Z autoreconf: configure.ac: not using Gtkdoc
build	Forge APK (Verbose)	2026-02-24T01:20:06.4147281Z autoreconf: running: aclocal -I m4
build	Forge APK (Verbose)	2026-02-24T01:20:06.4147728Z autoreconf: running: /usr/bin/autoconf
build	Forge APK (Verbose)	2026-02-24T01:20:06.4148337Z configure.ac:8: warning: The macro `AC_CANONICAL_SYSTEM' is obsolete.
build	Forge APK (Verbose)	2026-02-24T01:20:06.4148990Z configure.ac:8: You should run autoupdate.
build	Forge APK (Verbose)	2026-02-24T01:20:06.4149649Z ./lib/autoconf/general.m4:2081: AC_CANONICAL_SYSTEM is expanded from...
build	Forge APK (Verbose)	2026-02-24T01:20:06.4150304Z configure.ac:8: the top level
build	Forge APK (Verbose)	2026-02-24T01:20:06.4151083Z configure.ac:41: warning: The macro `AC_PROG_LIBTOOL' is obsolete.
build	Forge APK (Verbose)	2026-02-24T01:20:06.4151713Z configure.ac:41: You should run autoupdate.
build	Forge APK (Verbose)	2026-02-24T01:20:06.4152265Z m4/libtool.m4:100: AC_PROG_LIBTOOL is expanded from...
build	Forge APK (Verbose)	2026-02-24T01:20:06.4152800Z configure.ac:41: the top level
build	Forge APK (Verbose)	2026-02-24T01:20:06.4153332Z configure.ac:74: warning: The macro `AC_TRY_COMPILE' is obsolete.
build	Forge APK (Verbose)	2026-02-24T01:20:06.4153949Z configure.ac:74: You should run autoupdate.
build	Forge APK (Verbose)	2026-02-24T01:20:06.4154572Z ./lib/autoconf/general.m4:2847: AC_TRY_COMPILE is expanded from...
build	Forge APK (Verbose)	2026-02-24T01:20:06.4155268Z lib/m4sugar/m4sh.m4:692: _AS_IF_ELSE is expanded from...
build	Forge APK (Verbose)	2026-02-24T01:20:06.4156108Z lib/m4sugar/m4sh.m4:699: AS_IF is expanded from...
build	Forge APK (Verbose)	2026-02-24T01:20:06.4156739Z ./lib/autoconf/general.m4:2249: AC_CACHE_VAL is expanded from...
build	Forge APK (Verbose)	2026-02-24T01:20:06.4157428Z ./lib/autoconf/general.m4:2270: AC_CACHE_CHECK is expanded from...
build	Forge APK (Verbose)	2026-02-24T01:20:06.4158103Z acinclude.m4:3: AC_FUNC_MMAP_BLACKLIST is expanded from...
build	Forge APK (Verbose)	2026-02-24T01:20:06.4158622Z configure.ac:74: the top level
build	Forge APK (Verbose)	2026-02-24T01:20:06.4159113Z configure.ac:91: warning: The macro `AC_HEADER_STDC' is obsolete.
build	Forge APK (Verbose)	2026-02-24T01:20:06.4159691Z configure.ac:91: You should run autoupdate.
build	Forge APK (Verbose)	2026-02-24T01:20:06.4160232Z ./lib/autoconf/headers.m4:704: AC_HEADER_STDC is expanded from...
build	Forge APK (Verbose)	2026-02-24T01:20:06.4160969Z configure.ac:91: the top level
build	Forge APK (Verbose)	2026-02-24T01:20:06.4161462Z configure.ac:118: warning: The macro `AC_TRY_COMPILE' is obsolete.
build	Forge APK (Verbose)	2026-02-24T01:20:06.4162238Z configure.ac:118: You should run autoupdate.
build	Forge APK (Verbose)	2026-02-24T01:20:06.4162812Z ./lib/autoconf/general.m4:2847: AC_TRY_COMPILE is expanded from...
build	Forge APK (Verbose)	2026-02-24T01:20:06.4163450Z lib/m4sugar/m4sh.m4:692: _AS_IF_ELSE is expanded from...
build	Forge APK (Verbose)	2026-02-24T01:20:06.4164001Z lib/m4sugar/m4sh.m4:699: AS_IF is expanded from...
build	Forge APK (Verbose)	2026-02-24T01:20:06.4164584Z ./lib/autoconf/general.m4:2249: AC_CACHE_VAL is expanded from...
build	Forge APK (Verbose)	2026-02-24T01:20:06.4165268Z ./lib/autoconf/general.m4:2270: AC_CACHE_CHECK is expanded from...
build	Forge APK (Verbose)	2026-02-24T01:20:06.4165891Z m4/asmcfi.m4:1: GCC_AS_CFI_PSEUDO_OP is expanded from...
build	Forge APK (Verbose)	2026-02-24T01:20:06.4166394Z configure.ac:118: the top level
build	Forge APK (Verbose)	2026-02-24T01:20:06.4166887Z configure.ac:122: warning: The macro `AC_TRY_LINK' is obsolete.
build	Forge APK (Verbose)	2026-02-24T01:20:06.4167453Z configure.ac:122: You should run autoupdate.
build	Forge APK (Verbose)	2026-02-24T01:20:06.4168006Z ./lib/autoconf/general.m4:2920: AC_TRY_LINK is expanded from...
build	Forge APK (Verbose)	2026-02-24T01:20:06.4168616Z lib/m4sugar/m4sh.m4:692: _AS_IF_ELSE is expanded from...
build	Forge APK (Verbose)	2026-02-24T01:20:06.4169158Z lib/m4sugar/m4sh.m4:699: AS_IF is expanded from...
build	Forge APK (Verbose)	2026-02-24T01:20:06.4169750Z ./lib/autoconf/general.m4:2249: AC_CACHE_VAL is expanded from...
build	Forge APK (Verbose)	2026-02-24T01:20:06.4170436Z ./lib/autoconf/general.m4:2270: AC_CACHE_CHECK is expanded from...
build	Forge APK (Verbose)	2026-02-24T01:20:06.4171179Z configure.ac:122: the top level
build	Forge APK (Verbose)	2026-02-24T01:20:06.4171683Z configure.ac:138: warning: The macro `AC_TRY_COMPILE' is obsolete.
build	Forge APK (Verbose)	2026-02-24T01:20:06.4172270Z configure.ac:138: You should run autoupdate.
build	Forge APK (Verbose)	2026-02-24T01:20:06.4172821Z ./lib/autoconf/general.m4:2847: AC_TRY_COMPILE is expanded from...
build	Forge APK (Verbose)	2026-02-24T01:20:06.4173453Z lib/m4sugar/m4sh.m4:692: _AS_IF_ELSE is expanded from...
build	Forge APK (Verbose)	2026-02-24T01:20:06.4173978Z lib/m4sugar/m4sh.m4:699: AS_IF is expanded from...
build	Forge APK (Verbose)	2026-02-24T01:20:06.4174546Z ./lib/autoconf/general.m4:2249: AC_CACHE_VAL is expanded from...
build	Forge APK (Verbose)	2026-02-24T01:20:06.4175198Z ./lib/autoconf/general.m4:2270: AC_CACHE_CHECK is expanded from...
build	Forge APK (Verbose)	2026-02-24T01:20:06.4175736Z configure.ac:138: the top level
build	Forge APK (Verbose)	2026-02-24T01:20:06.4176216Z configure.ac:185: warning: The macro `AC_TRY_COMPILE' is obsolete.
build	Forge APK (Verbose)	2026-02-24T01:20:06.4176798Z configure.ac:185: You should run autoupdate.
build	Forge APK (Verbose)	2026-02-24T01:20:06.4177358Z ./lib/autoconf/general.m4:2847: AC_TRY_COMPILE is expanded from...
build	Forge APK (Verbose)	2026-02-24T01:20:06.4177973Z lib/m4sugar/m4sh.m4:692: _AS_IF_ELSE is expanded from...
build	Forge APK (Verbose)	2026-02-24T01:20:06.4178486Z lib/m4sugar/m4sh.m4:699: AS_IF is expanded from...
build	Forge APK (Verbose)	2026-02-24T01:20:06.4179037Z ./lib/autoconf/general.m4:2249: AC_CACHE_VAL is expanded from...
build	Forge APK (Verbose)	2026-02-24T01:20:06.4179672Z ./lib/autoconf/general.m4:2270: AC_CACHE_CHECK is expanded from...
build	Forge APK (Verbose)	2026-02-24T01:20:06.4180213Z configure.ac:185: the top level
build	Forge APK (Verbose)	2026-02-24T01:20:06.4180817Z configure.ac:310: warning: The macro `AC_HELP_STRING' is obsolete.
build	Forge APK (Verbose)	2026-02-24T01:20:06.4181379Z configure.ac:310: You should run autoupdate.
build	Forge APK (Verbose)	2026-02-24T01:20:06.4181912Z ./lib/autoconf/general.m4:204: AC_HELP_STRING is expanded from...
build	Forge APK (Verbose)	2026-02-24T01:20:06.4182437Z configure.ac:310: the top level
build	Forge APK (Verbose)	2026-02-24T01:20:06.4182904Z configure.ac:418: warning: The macro `AC_HELP_STRING' is obsolete.
build	Forge APK (Verbose)	2026-02-24T01:20:06.4183456Z configure.ac:418: You should run autoupdate.
build	Forge APK (Verbose)	2026-02-24T01:20:06.4183973Z ./lib/autoconf/general.m4:204: AC_HELP_STRING is expanded from...
build	Forge APK (Verbose)	2026-02-24T01:20:06.4184776Z acinclude.m4:353: LIBFFI_ENABLE_SYMVERS is expanded from...
build	Forge APK (Verbose)	2026-02-24T01:20:06.4185259Z configure.ac:418: the top level
build	Forge APK (Verbose)	2026-02-24T01:20:06.4185713Z configure.ac:418: warning: The macro `AC_PROG_LD' is obsolete.
build	Forge APK (Verbose)	2026-02-24T01:20:06.4186257Z configure.ac:418: You should run autoupdate.
build	Forge APK (Verbose)	2026-02-24T01:20:06.4186727Z m4/libtool.m4:3361: AC_PROG_LD is expanded from...
build	Forge APK (Verbose)	2026-02-24T01:20:06.4187315Z acinclude.m4:251: LIBFFI_CHECK_LINKER_FEATURES is expanded from...
build	Forge APK (Verbose)	2026-02-24T01:20:06.4187941Z acinclude.m4:353: LIBFFI_ENABLE_SYMVERS is expanded from...
build	Forge APK (Verbose)	2026-02-24T01:20:06.4188444Z configure.ac:418: the top level
build	Forge APK (Verbose)	2026-02-24T01:20:06.4188920Z configure.ac:418: warning: The macro `AC_TRY_RUN' is obsolete.
build	Forge APK (Verbose)	2026-02-24T01:20:06.4189460Z configure.ac:418: You should run autoupdate.
build	Forge APK (Verbose)	2026-02-24T01:20:06.4190153Z ./lib/autoconf/general.m4:2997: AC_TRY_RUN is expanded from...
build	Forge APK (Verbose)	2026-02-24T01:20:06.4190990Z acinclude.m4:251: LIBFFI_CHECK_LINKER_FEATURES is expanded from...
build	Forge APK (Verbose)	2026-02-24T01:20:06.4191632Z acinclude.m4:353: LIBFFI_ENABLE_SYMVERS is expanded from...
build	Forge APK (Verbose)	2026-02-24T01:20:06.4192118Z configure.ac:418: the top level
build	Forge APK (Verbose)	2026-02-24T01:20:06.4192566Z configure.ac:418: warning: The macro `AC_TRY_LINK' is obsolete.
build	Forge APK (Verbose)	2026-02-24T01:20:06.4193110Z configure.ac:418: You should run autoupdate.
build	Forge APK (Verbose)	2026-02-24T01:20:06.4193611Z ./lib/autoconf/general.m4:2920: AC_TRY_LINK is expanded from...
build	Forge APK (Verbose)	2026-02-24T01:20:06.4194202Z acinclude.m4:353: LIBFFI_ENABLE_SYMVERS is expanded from...
build	Forge APK (Verbose)	2026-02-24T01:20:06.4194646Z configure.ac:418: the top level
build	Forge APK (Verbose)	2026-02-24T01:20:06.4195127Z configure.ac:215: error: possibly undefined macro: LT_SYS_SYMBOL_USCORE
build	Forge APK (Verbose)	2026-02-24T01:20:06.4195794Z       If this token and others are legitimate, please use m4_pattern_allow.
build	Forge APK (Verbose)	2026-02-24T01:20:06.4196324Z       See the Autoconf documentation.
build	Forge APK (Verbose)	2026-02-24T01:20:06.4196819Z autoreconf: error: /usr/bin/autoconf failed with exit status: 1
build	Forge APK (Verbose)	2026-02-24T01:20:06.4197179Z 
build	Forge APK (Verbose)	2026-02-24T01:20:06.4197188Z 
build	Forge APK (Verbose)	2026-02-24T01:20:06.4197289Z   STDERR:
build	Forge APK (Verbose)	2026-02-24T01:20:06.4197424Z 
build	Forge APK (Verbose)	2026-02-24T01:20:06.4197610Z Traceback (most recent call last):
build	Forge APK (Verbose)	2026-02-24T01:20:06.4198119Z   File "<frozen runpy>", line 198, in _run_module_as_main
build	Forge APK (Verbose)	2026-02-24T01:20:06.4198626Z   File "<frozen runpy>", line 88, in _run_code
build	Forge APK (Verbose)	2026-02-24T01:20:06.4199700Z   File "/home/runner/work/APEXYX_ORI_AI/APEXYX_ORI_AI/.buildozer/android/platform/python-for-android/pythonforandroid/toolchain.py", line 1256, in <module>
build	Forge APK (Verbose)	2026-02-24T01:20:06.4200841Z     main()
build	Forge APK (Verbose)	2026-02-24T01:20:06.4201722Z   File "/home/runner/work/APEXYX_ORI_AI/APEXYX_ORI_AI/.buildozer/android/platform/python-for-android/pythonforandroid/entrypoints.py", line 18, in main
build	Forge APK (Verbose)	2026-02-24T01:20:06.4202699Z     ToolchainCL()
build	Forge APK (Verbose)	2026-02-24T01:20:06.4203629Z   File "/home/runner/work/APEXYX_ORI_AI/APEXYX_ORI_AI/.buildozer/android/platform/python-for-android/pythonforandroid/toolchain.py", line 685, in __init__
build	Forge APK (Verbose)	2026-02-24T01:20:06.4204639Z     getattr(self, command)(args)
build	Forge APK (Verbose)	2026-02-24T01:20:06.4205658Z   File "/home/runner/work/APEXYX_ORI_AI/APEXYX_ORI_AI/.buildozer/android/platform/python-for-android/pythonforandroid/toolchain.py", line 104, in wrapper_func
build	Forge APK (Verbose)	2026-02-24T01:20:06.4206707Z     build_dist_from_args(ctx, dist, args)
build	Forge APK (Verbose)	2026-02-24T01:20:06.4207810Z   File "/home/runner/work/APEXYX_ORI_AI/APEXYX_ORI_AI/.buildozer/android/platform/python-for-android/pythonforandroid/toolchain.py", line 163, in build_dist_from_args
build	Forge APK (Verbose)	2026-02-24T01:20:06.4208928Z     build_recipes(build_order, python_modules, ctx,
build	Forge APK (Verbose)	2026-02-24T01:20:06.4210036Z   File "/home/runner/work/APEXYX_ORI_AI/APEXYX_ORI_AI/.buildozer/android/platform/python-for-android/pythonforandroid/build.py", line 504, in build_recipes
build	Forge APK (Verbose)	2026-02-24T01:20:06.4211238Z     recipe.build_arch(arch)
build	Forge APK (Verbose)	2026-02-24T01:20:06.4212310Z   File "/home/runner/work/APEXYX_ORI_AI/APEXYX_ORI_AI/.buildozer/android/platform/python-for-android/pythonforandroid/recipes/libffi/__init__.py", line 28, in build_arch
build	Forge APK (Verbose)	2026-02-24T01:20:06.4213438Z     shprint(sh.Command('./autogen.sh'), _env=env)
build	Forge APK (Verbose)	2026-02-24T01:20:06.4214712Z   File "/home/runner/work/APEXYX_ORI_AI/APEXYX_ORI_AI/.buildozer/android/platform/python-for-android/pythonforandroid/logger.py", line 167, in shprint
build	Forge APK (Verbose)	2026-02-24T01:20:06.4215674Z     for line in output:
build	Forge APK (Verbose)	2026-02-24T01:20:06.4216190Z   File "/home/runner/.local/lib/python3.11/site-packages/sh.py", line 915, in next
build	Forge APK (Verbose)	2026-02-24T01:20:06.4216752Z     self.wait()
build	Forge APK (Verbose)	2026-02-24T01:20:06.4217244Z   File "/home/runner/.local/lib/python3.11/site-packages/sh.py", line 845, in wait
build	Forge APK (Verbose)	2026-02-24T01:20:06.4217851Z     self.handle_command_exit_code(exit_code)
build	Forge APK (Verbose)	2026-02-24T01:20:06.4218580Z   File "/home/runner/.local/lib/python3.11/site-packages/sh.py", line 869, in handle_command_exit_code
build	Forge APK (Verbose)	2026-02-24T01:20:06.4219238Z     raise exc
build	Forge APK (Verbose)	2026-02-24T01:20:06.4219501Z sh.ErrorReturnCode_1: 
build	Forge APK (Verbose)	2026-02-24T01:20:06.4219708Z 
build	Forge APK (Verbose)	2026-02-24T01:20:06.4220464Z   RAN: /home/runner/work/APEXYX_ORI_AI/APEXYX_ORI_AI/.buildozer/android/platform/build-arm64-v8a/build/other_builds/libffi/arm64-v8a__ndk_target_26/libffi/autogen.sh
build	Forge APK (Verbose)	2026-02-24T01:20:06.4221804Z 
build	Forge APK (Verbose)	2026-02-24T01:20:06.4221911Z   STDOUT:
build	Forge APK (Verbose)	2026-02-24T01:20:06.4222171Z autoreconf: export WARNINGS=
build	Forge APK (Verbose)	2026-02-24T01:20:06.4222530Z autoreconf: Entering directory '.'
build	Forge APK (Verbose)	2026-02-24T01:20:06.4222954Z autoreconf: configure.ac: not using Gettext
build	Forge APK (Verbose)	2026-02-24T01:20:06.4223390Z autoreconf: running: aclocal -I m4
build	Forge APK (Verbose)	2026-02-24T01:20:06.4223769Z autoreconf: configure.ac: tracing
build	Forge APK (Verbose)	2026-02-24T01:20:06.4224173Z autoreconf: running: libtoolize --copy
build	Forge APK (Verbose)	2026-02-24T01:20:06.4224608Z libtoolize: putting auxiliary files in '.'.
build	Forge APK (Verbose)	2026-02-24T01:20:06.4225042Z libtoolize: copying file './ltmain.sh'
build	Forge APK (Verbose)	2026-02-24T01:20:06.4225549Z libtoolize: putting macros in AC_CONFIG_MACRO_DIRS, 'm4'.
build	Forge APK (Verbose)	2026-02-24T01:20:06.4226064Z libtoolize: copying file 'm4/libtool.m4'
build	Forge APK (Verbose)	2026-02-24T01:20:06.4226503Z libtoolize: copying file 'm4/ltoptions.m4'
build	Forge APK (Verbose)	2026-02-24T01:20:06.4226941Z libtoolize: copying file 'm4/ltsugar.m4'
build	Forge APK (Verbose)	2026-02-24T01:20:06.4236024Z libtoolize: copying file 'm4/ltversion.m4'
build	Forge APK (Verbose)	2026-02-24T01:20:06.4236572Z libtoolize: copying file 'm4/lt~obsolete.m4'
build	Forge APK (Verbose)	2026-02-24T01:20:06.4237078Z autoreconf: configure.ac: not using Intltool
build	Forge APK (Verbose)	2026-02-24T01:20:06.4237543Z autoreconf: configure.ac: not using Gtkdoc
build	Forge APK (Verbose)	2026-02-24T01:20:06.4237996Z autoreconf: running: aclocal -I m4
build	Forge APK (Verbose)	2026-02-24T01:20:06.4238412Z autoreconf: running: /usr/bin/autoconf
build	Forge APK (Verbose)	2026-02-24T01:20:06.4238988Z configure.ac:8: warning: The macro `AC_CANONICAL_SYSTEM' is obsolete.
build	Forge APK (Verbose)	2026-02-24T01:20:06.4239603Z configure.ac:8: You should run autoupdate.
build	Forge APK (Verbose)	2026-02-24T01:20:06.4240208Z ./lib/autoconf/general.m4:2081: AC_CANONICAL_SYSTEM is expanded from...
build	Forge APK (Verbose)	2026-02-24T01:20:06.4240984Z configure.ac:8: the top level
build	Forge APK (Verbose)	2026-02-24T01:20:06.4241479Z configure.ac:41: warning: The macro `AC_PROG_LIBTOOL' is obsolete.
build	Forge APK (Verbose)	2026-02-24T01:20:06.4242071Z configure.ac:41: You should run autoupdate.
build	Forge APK (Verbose)	2026-02-24T01:20:06.4242585Z m4/libtool.m4:100: AC_PROG_LIBTOOL is expanded from...
build	Forge APK (Verbose)	2026-02-24T01:20:06.4243077Z configure.ac:41: the top level
build	Forge APK (Verbose)	2026-02-24T01:20:06.4243558Z configure.ac:74: warning: The macro `AC_TRY_COMPILE' is obsolete.
build	Forge APK (Verbose)	2026-02-24T01:20:06.4244131Z configure.ac:74: You should run autoupdate.
build	Forge APK (Verbose)	2026-02-24T01:20:06.4244746Z ./lib/autoconf/general.m4:2847: AC_TRY_COMPILE is expanded from...
build	Forge APK (Verbose)	2026-02-24T01:20:06.4245384Z lib/m4sugar/m4sh.m4:692: _AS_IF_ELSE is expanded from...
build	Forge APK (Verbose)	2026-02-24T01:20:06.4245939Z lib/m4sugar/m4sh.m4:699: AS_IF is expanded from...
build	Forge APK (Verbose)	2026-02-24T01:20:06.4246553Z ./lib/autoconf/general.m4:2249: AC_CACHE_VAL is expanded from...
build	Forge APK (Verbose)	2026-02-24T01:20:06.4247216Z ./lib/autoconf/general.m4:2270: AC_CACHE_CHECK is expanded from...
build	Forge APK (Verbose)	2026-02-24T01:20:06.4247771Z acinclude.m4:3: AC_FUNC_MMAP_BLACKLIST is expanded from...
build	Forge APK (Verbose)	2026-02-24T01:20:06.4248226Z configure.ac:74: the top level
build	Forge APK (Verbose)	2026-02-24T01:20:06.4248653Z configure.ac:91: warning: The macro `AC_HEADER_STDC' is obsolete.
build	Forge APK (Verbose)	2026-02-24T01:20:06.4249138Z configure.ac:91: You should run autoupdate.
build	Forge APK (Verbose)	2026-02-24T01:20:06.4249617Z ./lib/autoconf/headers.m4:704: AC_HEADER_STDC is expanded from...
build	Forge APK (Verbose)	2026-02-24T01:20:06.4250085Z configure.ac:91: the top level
build	Forge APK (Verbose)	2026-02-24T01:20:06.4250982Z configure.ac:118: warning: The macro `AC_TRY_COMPILE' is obsolete.
build	Forge APK (Verbose)	2026-02-24T01:20:06.4251568Z configure.ac:118: You should run autoupdate.
build	Forge APK (Verbose)	2026-02-24T01:20:06.4252131Z ./lib/autoconf/general.m4:2847: AC_TRY_COMPILE is expanded from...
build	Forge APK (Verbose)	2026-02-24T01:20:06.4252768Z lib/m4sugar/m4sh.m4:692: _AS_IF_ELSE is expanded from...
build	Forge APK (Verbose)	2026-02-24T01:20:06.4253284Z lib/m4sugar/m4sh.m4:699: AS_IF is expanded from...
build	Forge APK (Verbose)	2026-02-24T01:20:06.4253869Z ./lib/autoconf/general.m4:2249: AC_CACHE_VAL is expanded from...
build	Forge APK (Verbose)	2026-02-24T01:20:06.4254517Z ./lib/autoconf/general.m4:2270: AC_CACHE_CHECK is expanded from...
build	Forge APK (Verbose)	2026-02-24T01:20:06.4255132Z m4/asmcfi.m4:1: GCC_AS_CFI_PSEUDO_OP is expanded from...
build	Forge APK (Verbose)	2026-02-24T01:20:06.4255625Z configure.ac:118: the top level
build	Forge APK (Verbose)	2026-02-24T01:20:06.4256120Z configure.ac:122: warning: The macro `AC_TRY_LINK' is obsolete.
build	Forge APK (Verbose)	2026-02-24T01:20:06.4256893Z configure.ac:122: You should run autoupdate.
build	Forge APK (Verbose)	2026-02-24T01:20:06.4257464Z ./lib/autoconf/general.m4:2920: AC_TRY_LINK is expanded from...
build	Forge APK (Verbose)	2026-02-24T01:20:06.4258101Z lib/m4sugar/m4sh.m4:692: _AS_IF_ELSE is expanded from...
build	Forge APK (Verbose)	2026-02-24T01:20:06.4258610Z lib/m4sugar/m4sh.m4:699: AS_IF is expanded from...
build	Forge APK (Verbose)	2026-02-24T01:20:06.4259183Z ./lib/autoconf/general.m4:2249: AC_CACHE_VAL is expanded from...
build	Forge APK (Verbose)	2026-02-24T01:20:06.4259843Z ./lib/autoconf/general.m4:2270: AC_CACHE_CHECK is expanded from...
build	Forge APK (Verbose)	2026-02-24T01:20:06.4260392Z configure.ac:122: the top level
build	Forge APK (Verbose)	2026-02-24T01:20:06.4261114Z configure.ac:138: warning: The macro `AC_TRY_COMPILE' is obsolete.
build	Forge APK (Verbose)	2026-02-24T01:20:06.4261707Z configure.ac:138: You should run autoupdate.
build	Forge APK (Verbose)	2026-02-24T01:20:06.4262284Z ./lib/autoconf/general.m4:2847: AC_TRY_COMPILE is expanded from...
build	Forge APK (Verbose)	2026-02-24T01:20:06.4262923Z lib/m4sugar/m4sh.m4:692: _AS_IF_ELSE is expanded from...
build	Forge APK (Verbose)	2026-02-24T01:20:06.4263446Z lib/m4sugar/m4sh.m4:699: AS_IF is expanded from...
build	Forge APK (Verbose)	2026-02-24T01:20:06.4264003Z ./lib/autoconf/general.m4:2249: AC_CACHE_VAL is expanded from...
build	Forge APK (Verbose)	2026-02-24T01:20:06.4264677Z ./lib/autoconf/general.m4:2270: AC_CACHE_CHECK is expanded from...
build	Forge APK (Verbose)	2026-02-24T01:20:06.4265217Z configure.ac:138: the top level
build	Forge APK (Verbose)	2026-02-24T01:20:06.4265711Z configure.ac:185: warning: The macro `AC_TRY_COMPILE' is obsolete.
build	Forge APK (Verbose)	2026-02-24T01:20:06.4266316Z configure.ac:185: You should run autoupdate.
build	Forge APK (Verbose)	2026-02-24T01:20:06.4266893Z ./lib/autoconf/general.m4:2847: AC_TRY_COMPILE is expanded from...
build	Forge APK (Verbose)	2026-02-24T01:20:06.4267550Z lib/m4sugar/m4sh.m4:692: _AS_IF_ELSE is expanded from...
build	Forge APK (Verbose)	2026-02-24T01:20:06.4268093Z lib/m4sugar/m4sh.m4:699: AS_IF is expanded from...
build	Forge APK (Verbose)	2026-02-24T01:20:06.4268684Z ./lib/autoconf/general.m4:2249: AC_CACHE_VAL is expanded from...
build	Forge APK (Verbose)	2026-02-24T01:20:06.4269366Z ./lib/autoconf/general.m4:2270: AC_CACHE_CHECK is expanded from...
build	Forge APK (Verbose)	2026-02-24T01:20:06.4269937Z configure.ac:185: the top level
build	Forge APK (Verbose)	2026-02-24T01:20:06.4270446Z configure.ac:310: warning: The macro `AC_HELP_STRING' is obsolete.
build	Forge APK (Verbose)	2026-02-24T01:20:06.4271202Z configure.ac:310: You should run autoupdate.
build	Forge APK (Verbose)	2026-02-24T01:20:06.4271784Z ./lib/autoconf/general.m4:204: AC_HELP_STRING is expanded from...
build	Forge APK (Verbose)	2026-02-24T01:20:06.4272350Z configure.ac:310: the top level
build	Forge APK (Verbose)	2026-02-24T01:20:06.4272867Z configure.ac:418: warning: The macro `AC_HELP_STRING' is obsolete.
build	Forge APK (Verbose)	2026-02-24T01:20:06.4273458Z configure.ac:418: You should run autoupdate.
build	Forge APK (Verbose)	2026-02-24T01:20:06.4274055Z ./lib/autoconf/general.m4:204: AC_HELP_STRING is expanded from...
build	Forge APK (Verbose)	2026-02-24T01:20:06.4274724Z acinclude.m4:353: LIBFFI_ENABLE_SYMVERS is expanded from...
build	Forge APK (Verbose)	2026-02-24T01:20:06.4275266Z configure.ac:418: the top level
build	Forge APK (Verbose)	2026-02-24T01:20:06.4275770Z configure.ac:418: warning: The macro `AC_PROG_LD' is obsolete.
build	Forge APK (Verbose)	2026-02-24T01:20:06.4276353Z configure.ac:418: You should run autoupdate.
build	Forge APK (Verbose)	2026-02-24T01:20:06.4276860Z m4/libtool.m4:3361: AC_PROG_LD is expanded from...
build	Forge APK (Verbose)	2026-02-24T01:20:06.4277481Z acinclude.m4:251: LIBFFI_CHECK_LINKER_FEATURES is expanded from...
build	Forge APK (Verbose)	2026-02-24T01:20:06.4278161Z acinclude.m4:353: LIBFFI_ENABLE_SYMVERS is expanded from...
build	Forge APK (Verbose)	2026-02-24T01:20:06.4278697Z configure.ac:418: the top level
build	Forge APK (Verbose)	2026-02-24T01:20:06.4279205Z configure.ac:418: warning: The macro `AC_TRY_RUN' is obsolete.
build	Forge APK (Verbose)	2026-02-24T01:20:06.4280027Z configure.ac:418: You should run autoupdate.
build	Forge APK (Verbose)	2026-02-24T01:20:06.4280775Z ./lib/autoconf/general.m4:2997: AC_TRY_RUN is expanded from...
build	Forge APK (Verbose)	2026-02-24T01:20:06.4281358Z acinclude.m4:251: LIBFFI_CHECK_LINKER_FEATURES is expanded from...
build	Forge APK (Verbose)	2026-02-24T01:20:06.4281741Z acinclude.m4:353: LIBFFI_ENABLE_SYMVERS is expanded from...
build	Forge APK (Verbose)	2026-02-24T01:20:06.4282050Z configure.ac:418: the top level
build	Forge APK (Verbose)	2026-02-24T01:20:06.4282330Z configure.ac:418: warning: The macro `AC_TRY_LINK' is obsolete.
build	Forge APK (Verbose)	2026-02-24T01:20:06.4282669Z configure.ac:418: You should run autoupdate.
build	Forge APK (Verbose)	2026-02-24T01:20:06.4282989Z ./lib/autoconf/general.m4:2920: AC_TRY_LINK is expanded from...
build	Forge APK (Verbose)	2026-02-24T01:20:06.4283361Z acinclude.m4:353: LIBFFI_ENABLE_SYMVERS is expanded from...
build	Forge APK (Verbose)	2026-02-24T01:20:06.4283662Z configure.ac:418: the top level
build	Forge APK (Verbose)	2026-02-24T01:20:06.4284104Z configure.ac:215: error: possibly undefined macro: LT_SYS_SYMBOL_USCORE
build	Forge APK (Verbose)	2026-02-24T01:20:06.4284537Z       If this token and others are legitimate, please use m4_pattern_allow.
build	Forge APK (Verbose)	2026-02-24T01:20:06.4284880Z       See the Autoconf documentation.
build	Forge APK (Verbose)	2026-02-24T01:20:06.4285191Z autoreconf: error: /usr/bin/autoconf failed with exit status: 1
build	Forge APK (Verbose)	2026-02-24T01:20:06.4285429Z 
build	Forge APK (Verbose)	2026-02-24T01:20:06.4285436Z 
build	Forge APK (Verbose)	2026-02-24T01:20:06.4285498Z   STDERR:
build	Forge APK (Verbose)	2026-02-24T01:20:06.4285594Z 
build	Forge APK (Verbose)	2026-02-24T01:20:06.4458992Z [0m[1;31m# Command failed: ['/opt/hostedtoolcache/Python/3.11.14/x64/bin/python', '-m', 'pythonforandroid.toolchain', 'create', '--dist_name=reech_sovereign_v80', '--bootstrap=webview', '--requirements=python3,hostpython3', '--arch=arm64-v8a', '--copy-libs', '--color=always', '--storage-dir=/home/runner/work/APEXYX_ORI_AI/APEXYX_ORI_AI/.buildozer/android/platform/build-arm64-v8a', '--ndk-api=26', '--ignore-setup-py', '--debug'][0m
build	Forge APK (Verbose)	2026-02-24T01:20:06.4461897Z [0m[1;31m# ENVIRONMENT:[0m
build	Forge APK (Verbose)	2026-02-24T01:20:06.4462343Z [0m[1;31m#     SHELL = '/bin/bash'[0m
build	Forge APK (Verbose)	2026-02-24T01:20:06.4462959Z [0m[1;31m#     SELENIUM_JAR_PATH = '/usr/share/java/selenium-server.jar'[0m
build	Forge APK (Verbose)	2026-02-24T01:20:06.4463624Z [0m[1;31m#     CONDA = '/usr/share/miniconda'[0m
build	Forge APK (Verbose)	2026-02-24T01:20:06.4464323Z [0m[1;31m#     GITHUB_WORKSPACE = '/home/runner/work/APEXYX_ORI_AI/APEXYX_ORI_AI'[0m
build	Forge APK (Verbose)	2026-02-24T01:20:06.4465103Z [0m[1;31m#     JAVA_HOME_11_X64 = '/usr/lib/jvm/temurin-11-jdk-amd64'[0m
build	Forge APK (Verbose)	2026-02-24T01:20:06.4465809Z [0m[1;31m#     JAVA_HOME_25_X64 = '/usr/lib/jvm/temurin-25-jdk-amd64'[0m
build	Forge APK (Verbose)	2026-02-24T01:20:06.4466644Z [0m[1;31m#     PKG_CONFIG_PATH = '/opt/hostedtoolcache/Python/3.11.14/x64/lib/pkgconfig'[0m
build	Forge APK (Verbose)	2026-02-24T01:20:06.4467794Z [0m[1;31m#     GITHUB_PATH = '/home/runner/work/_temp/_runner_file_commands/add_path_c4391eda-858e-44d9-9a37-b055545f653e'[0m
build	Forge APK (Verbose)	2026-02-24T01:20:06.4468706Z [0m[1;31m#     GITHUB_ACTION = '__run_3'[0m
build	Forge APK (Verbose)	2026-02-24T01:20:06.4469292Z [0m[1;31m#     JAVA_HOME = '/usr/lib/jvm/temurin-17-jdk-amd64'[0m
build	Forge APK (Verbose)	2026-02-24T01:20:06.4469872Z [0m[1;31m#     GITHUB_RUN_NUMBER = '197'[0m
build	Forge APK (Verbose)	2026-02-24T01:20:06.4470406Z [0m[1;31m#     RUNNER_NAME = 'GitHub Actions 1000000646'[0m
build	Forge APK (Verbose)	2026-02-24T01:20:06.4471181Z [0m[1;31m#     GRADLE_HOME = '/usr/share/gradle-9.3.1'[0m
build	Forge APK (Verbose)	2026-02-24T01:20:06.4471763Z [0m[1;31m#     GITHUB_REPOSITORY_OWNER_ID = '246640854'[0m
build	Forge APK (Verbose)	2026-02-24T01:20:06.4472459Z [0m[1;31m#     ACTIONS_RUNNER_ACTION_ARCHIVE_CACHE = '/opt/actionarchivecache'[0m
build	Forge APK (Verbose)	2026-02-24T01:20:06.4473180Z [0m[1;31m#     XDG_CONFIG_HOME = '/home/runner/.config'[0m
build	Forge APK (Verbose)	2026-02-24T01:20:06.4473861Z [0m[1;31m#     Python_ROOT_DIR = '/opt/hostedtoolcache/Python/3.11.14/x64'[0m
build	Forge APK (Verbose)	2026-02-24T01:20:06.4474615Z [0m[1;31m#     MEMORY_PRESSURE_WRITE = 'c29tZSAyMDAwMDAgMjAwMDAwMAA='[0m
build	Forge APK (Verbose)	2026-02-24T01:20:06.4475277Z [0m[1;31m#     DOTNET_SKIP_FIRST_TIME_EXPERIENCE = '1'[0m
build	Forge APK (Verbose)	2026-02-24T01:20:06.4475814Z [0m[1;31m#     ANT_HOME = '/usr/share/ant'[0m
build	Forge APK (Verbose)	2026-02-24T01:20:06.4476398Z [0m[1;31m#     JAVA_HOME_8_X64 = '/usr/lib/jvm/temurin-8-jdk-amd64'[0m
build	Forge APK (Verbose)	2026-02-24T01:20:06.4477014Z [0m[1;31m#     GITHUB_TRIGGERING_ACTOR = 'xhall-beep'[0m
build	Forge APK (Verbose)	2026-02-24T01:20:06.4477690Z [0m[1;31m#     pythonLocation = '/opt/hostedtoolcache/Python/3.11.14/x64'[0m
build	Forge APK (Verbose)	2026-02-24T01:20:06.4478676Z [0m[1;31m#     GITHUB_REF_TYPE = 'branch'[0m
build	Forge APK (Verbose)	2026-02-24T01:20:06.4479235Z [0m[1;31m#     HOMEBREW_CLEANUP_PERIODIC_FULL_DAYS = '3650'[0m
build	Forge APK (Verbose)	2026-02-24T01:20:06.4479910Z [0m[1;31m#     ANDROID_NDK = '/usr/local/lib/android/sdk/ndk/27.3.13750724'[0m
build	Forge APK (Verbose)	2026-02-24T01:20:06.4480763Z [0m[1;31m#     BOOTSTRAP_HASKELL_NONINTERACTIVE = '1'[0m
build	Forge APK (Verbose)	2026-02-24T01:20:06.4481467Z [0m[1;31m#     PWD = '/home/runner/work/APEXYX_ORI_AI/APEXYX_ORI_AI'[0m
build	Forge APK (Verbose)	2026-02-24T01:20:06.4482055Z [0m[1;31m#     PIPX_BIN_DIR = '/opt/pipx_bin'[0m
build	Forge APK (Verbose)	2026-02-24T01:20:06.4482526Z [0m[1;31m#     LOGNAME = 'runner'[0m
build	Forge APK (Verbose)	2026-02-24T01:20:06.4482992Z [0m[1;31m#     GITHUB_REPOSITORY_ID = '1154284991'[0m
build	Forge APK (Verbose)	2026-02-24T01:20:06.4483474Z [0m[1;31m#     GITHUB_ACTIONS = 'true'[0m
build	Forge APK (Verbose)	2026-02-24T01:20:06.4483966Z [0m[1;31m#     USE_BAZEL_FALLBACK_VERSION = 'silent:'[0m
build	Forge APK (Verbose)	2026-02-24T01:20:06.4484917Z [0m[1;31m#     ANDROID_NDK_LATEST_HOME = '/usr/local/lib/android/sdk/ndk/29.0.14206865'[0m
build	Forge APK (Verbose)	2026-02-24T01:20:06.4485600Z [0m[1;31m#     SYSTEMD_EXEC_PID = '2022'[0m
build	Forge APK (Verbose)	2026-02-24T01:20:06.4486178Z [0m[1;31m#     GITHUB_SHA = '98dc99d70012ddcdc530e203b3b360a71aade786'[0m
build	Forge APK (Verbose)	2026-02-24T01:20:06.4487168Z [0m[1;31m#     GITHUB_WORKFLOW_REF = 'xhall-beep/APEXYX_ORI_AI/.github/workflows/apex_soul_forge.yml@refs/heads/main'[0m
build	Forge APK (Verbose)	2026-02-24T01:20:06.4488169Z [0m[1;31m#     POWERSHELL_DISTRIBUTION_CHANNEL = 'GitHub-Actions-ubuntu24'[0m
build	Forge APK (Verbose)	2026-02-24T01:20:06.4488843Z [0m[1;31m#     RUNNER_ENVIRONMENT = 'github-hosted'[0m
build	Forge APK (Verbose)	2026-02-24T01:20:06.4489373Z [0m[1;31m#     DOTNET_MULTILEVEL_LOOKUP = '0'[0m
build	Forge APK (Verbose)	2026-02-24T01:20:06.4489869Z [0m[1;31m#     GITHUB_REF = 'refs/heads/main'[0m
build	Forge APK (Verbose)	2026-02-24T01:20:06.4490334Z [0m[1;31m#     RUNNER_OS = 'Linux'[0m
build	Forge APK (Verbose)	2026-02-24T01:20:06.4490982Z [0m[1;31m#     GITHUB_REF_PROTECTED = 'false'[0m
build	Forge APK (Verbose)	2026-02-24T01:20:06.4491471Z [0m[1;31m#     HOME = '/home/runner'[0m
build	Forge APK (Verbose)	2026-02-24T01:20:06.4492017Z [0m[1;31m#     GITHUB_API_URL = 'https://api.github.com'[0m
build	Forge APK (Verbose)	2026-02-24T01:20:06.4492540Z [0m[1;31m#     LANG = 'C.UTF-8'[0m
build	Forge APK (Verbose)	2026-02-24T01:20:06.4493088Z [0m[1;31m#     GOROOT_1_25_X64 = '/opt/hostedtoolcache/go/1.25.6/x64'[0m
build	Forge APK (Verbose)	2026-02-24T01:20:06.4493892Z [0m[1;31m#     RUNNER_TRACKING_ID = 'github_2b30d182-8a0a-4ac2-bd46-204c2b840aa3'[0m
build	Forge APK (Verbose)	2026-02-24T01:20:06.4494567Z [0m[1;31m#     RUNNER_ARCH = 'X64'[0m
build	Forge APK (Verbose)	2026-02-24T01:20:06.4495461Z [0m[1;31m#     MEMORY_PRESSURE_WATCH = '/sys/fs/cgroup/system.slice/hosted-compute-agent.service/memory.pressure'[0m
build	Forge APK (Verbose)	2026-02-24T01:20:06.4496410Z [0m[1;31m#     RUNNER_TEMP = '/home/runner/work/_temp'[0m
build	Forge APK (Verbose)	2026-02-24T01:20:06.4497431Z [0m[1;31m#     GITHUB_STATE = '/home/runner/work/_temp/_runner_file_commands/save_state_c4391eda-858e-44d9-9a37-b055545f653e'[0m
build	Forge APK (Verbose)	2026-02-24T01:20:06.4498459Z [0m[1;31m#     EDGEWEBDRIVER = '/usr/local/share/edge_driver'[0m
build	Forge APK (Verbose)	2026-02-24T01:20:06.4499191Z [0m[1;31m#     JAVA_HOME_21_X64 = '/usr/lib/jvm/temurin-21-jdk-amd64'[0m
build	Forge APK (Verbose)	2026-02-24T01:20:06.4500223Z [0m[1;31m#     GITHUB_ENV = '/home/runner/work/_temp/_runner_file_commands/set_env_c4391eda-858e-44d9-9a37-b055545f653e'[0m
build	Forge APK (Verbose)	2026-02-24T01:20:06.4501542Z [0m[1;31m#     GITHUB_EVENT_PATH = '/home/runner/work/_temp/_github_workflow/event.json'[0m
build	Forge APK (Verbose)	2026-02-24T01:20:06.4502369Z [0m[1;31m#     INVOCATION_ID = '2ba5f8f915a946c2ab45262ccfe228bc'[0m
build	Forge APK (Verbose)	2026-02-24T01:20:06.4502971Z [0m[1;31m#     GITHUB_EVENT_NAME = 'push'[0m
build	Forge APK (Verbose)	2026-02-24T01:20:06.4503507Z [0m[1;31m#     GITHUB_RUN_ID = '22332343201'[0m
build	Forge APK (Verbose)	2026-02-24T01:20:06.4504146Z [0m[1;31m#     JAVA_HOME_17_X64 = '/usr/lib/jvm/temurin-17-jdk-amd64'[0m
build	Forge APK (Verbose)	2026-02-24T01:20:06.4504929Z [0m[1;31m#     ANDROID_NDK_HOME = '/usr/local/lib/android/sdk/ndk/27.3.13750724'[0m
build	Forge APK (Verbose)	2026-02-24T01:20:06.4506128Z [0m[1;31m#     GITHUB_STEP_SUMMARY = '/home/runner/work/_temp/_runner_file_commands/step_summary_c4391eda-858e-44d9-9a37-b055545f653e'[0m
build	Forge APK (Verbose)	2026-02-24T01:20:06.4507114Z [0m[1;31m#     HOMEBREW_NO_AUTO_UPDATE = '1'[0m
build	Forge APK (Verbose)	2026-02-24T01:20:06.4507635Z [0m[1;31m#     GITHUB_ACTOR = 'xhall-beep'[0m
build	Forge APK (Verbose)	2026-02-24T01:20:06.4508391Z [0m[1;31m#     NVM_DIR = '/home/runner/.nvm'[0m
build	Forge APK (Verbose)	2026-02-24T01:20:06.4508886Z [0m[1;31m#     SGX_AESM_ADDR = '1'[0m
build	Forge APK (Verbose)	2026-02-24T01:20:06.4509357Z [0m[1;31m#     GITHUB_RUN_ATTEMPT = '1'[0m
build	Forge APK (Verbose)	2026-02-24T01:20:06.4509934Z [0m[1;31m#     ANDROID_HOME = '/usr/local/lib/android/sdk'[0m
build	Forge APK (Verbose)	2026-02-24T01:20:06.4510999Z [0m[1;31m#     GITHUB_GRAPHQL_URL = 'https://api.github.com/graphql'[0m
build	Forge APK (Verbose)	2026-02-24T01:20:06.4511639Z [0m[1;31m#     ACCEPT_EULA = 'Y'[0m
build	Forge APK (Verbose)	2026-02-24T01:20:06.4512082Z [0m[1;31m#     USER = 'runner'[0m
build	Forge APK (Verbose)	2026-02-24T01:20:06.4513360Z [0m[1;31m#     PSModulePath = '/root/.local/share/powershell/Modules:/usr/local/share/powershell/Modules:/opt/microsoft/powershell/7/Modules:/usr/share/az_14.6.0'[0m
build	Forge APK (Verbose)	2026-02-24T01:20:06.4514675Z [0m[1;31m#     GITHUB_SERVER_URL = 'https://github.com'[0m
build	Forge APK (Verbose)	2026-02-24T01:20:06.4515480Z [0m[1;31m#     PIPX_HOME = '/opt/pipx'[0m
build	Forge APK (Verbose)	2026-02-24T01:20:06.4516128Z [0m[1;31m#     GECKOWEBDRIVER = '/usr/local/share/gecko_driver'[0m
build	Forge APK (Verbose)	2026-02-24T01:20:06.4516929Z [0m[1;31m#     CHROMEWEBDRIVER = '/usr/local/share/chromedriver-linux64'[0m
build	Forge APK (Verbose)	2026-02-24T01:20:06.4517564Z [0m[1;31m#     SHLVL = '1'[0m
build	Forge APK (Verbose)	2026-02-24T01:20:06.4518075Z [0m[1;31m#     ANDROID_SDK_ROOT = '/usr/local/lib/android/sdk'[0m
build	Forge APK (Verbose)	2026-02-24T01:20:06.4518713Z [0m[1;31m#     VCPKG_INSTALLATION_ROOT = '/usr/local/share/vcpkg'[0m
build	Forge APK (Verbose)	2026-02-24T01:20:06.4519262Z [0m[1;31m#     GITHUB_ACTOR_ID = '246640854'[0m
build	Forge APK (Verbose)	2026-02-24T01:20:06.4519977Z [0m[1;31m#     ACTIONS_ORCHESTRATION_ID = '0d10a8c4-1782-457a-b379-e63ca79a07a7.build.__default'[0m
build	Forge APK (Verbose)	2026-02-24T01:20:06.4520982Z [0m[1;31m#     RUNNER_TOOL_CACHE = '/opt/hostedtoolcache'[0m
build	Forge APK (Verbose)	2026-02-24T01:20:06.4521554Z [0m[1;31m#     ImageVersion = '20260201.15.1'[0m
build	Forge APK (Verbose)	2026-02-24T01:20:06.4522267Z [0m[1;31m#     Python3_ROOT_DIR = '/opt/hostedtoolcache/Python/3.11.14/x64'[0m
build	Forge APK (Verbose)	2026-02-24T01:20:06.4522922Z [0m[1;31m#     DOTNET_NOLOGO = '1'[0m
build	Forge APK (Verbose)	2026-02-24T01:20:06.4523535Z [0m[1;31m#     GOROOT_1_23_X64 = '/opt/hostedtoolcache/go/1.23.12/x64'[0m
build	Forge APK (Verbose)	2026-02-24T01:20:06.4524350Z [0m[1;31m#     GITHUB_WORKFLOW_SHA = '98dc99d70012ddcdc530e203b3b360a71aade786'[0m
build	Forge APK (Verbose)	2026-02-24T01:20:06.4525221Z [0m[1;31m#     GOROOT_1_24_X64 = '/opt/hostedtoolcache/go/1.24.12/x64'[0m
build	Forge APK (Verbose)	2026-02-24T01:20:06.4525875Z [0m[1;31m#     GITHUB_REF_NAME = 'main'[0m
build	Forge APK (Verbose)	2026-02-24T01:20:06.4526371Z [0m[1;31m#     GITHUB_JOB = 'build'[0m
build	Forge APK (Verbose)	2026-02-24T01:20:06.4527073Z [0m[1;31m#     LD_LIBRARY_PATH = '/opt/hostedtoolcache/Python/3.11.14/x64/lib'[0m
build	Forge APK (Verbose)	2026-02-24T01:20:06.4527820Z [0m[1;31m#     XDG_RUNTIME_DIR = '/run/user/1001'[0m
build	Forge APK (Verbose)	2026-02-24T01:20:06.4528501Z [0m[1;31m#     AZURE_EXTENSION_DIR = '/opt/az/azcliextensions'[0m
build	Forge APK (Verbose)	2026-02-24T01:20:06.4529243Z [0m[1;31m#     GITHUB_REPOSITORY = 'xhall-beep/APEXYX_ORI_AI'[0m
build	Forge APK (Verbose)	2026-02-24T01:20:06.4530055Z [0m[1;31m#     Python2_ROOT_DIR = '/opt/hostedtoolcache/Python/3.11.14/x64'[0m
build	Forge APK (Verbose)	2026-02-24T01:20:06.4531083Z [0m[1;31m#     GOROOT_1_22_X64 = '/opt/hostedtoolcache/go/1.22.12/x64'[0m
build	Forge APK (Verbose)	2026-02-24T01:20:06.4531946Z [0m[1;31m#     ANDROID_NDK_ROOT = '/usr/local/lib/android/sdk/ndk/27.3.13750724'[0m
build	Forge APK (Verbose)	2026-02-24T01:20:06.4532731Z [0m[1;31m#     CHROME_BIN = '/usr/bin/google-chrome'[0m
build	Forge APK (Verbose)	2026-02-24T01:20:06.4533333Z [0m[1;31m#     GITHUB_RETENTION_DAYS = '90'[0m
build	Forge APK (Verbose)	2026-02-24T01:20:06.4533891Z [0m[1;31m#     JOURNAL_STREAM = '9:14096'[0m
build	Forge APK (Verbose)	2026-02-24T01:20:06.4534579Z [0m[1;31m#     RUNNER_WORKSPACE = '/home/runner/work/APEXYX_ORI_AI'[0m
build	Forge APK (Verbose)	2026-02-24T01:20:06.4535315Z [0m[1;31m#     GITHUB_ACTION_REPOSITORY = ''[0m
build	Forge APK (Verbose)	2026-02-24T01:20:06.4538483Z [0m[1;31m#     PATH = '/home/runner/.buildozer/android/platform/apache-ant-1.9.4/bin:/opt/hostedtoolcache/Python/3.11.14/x64/bin:/opt/hostedtoolcache/Python/3.11.14/x64:/snap/bin:/home/runner/.local/bin:/opt/pipx_bin:/home/runner/.cargo/bin:/home/runner/.config/composer/vendor/bin:/usr/local/.ghcup/bin:/home/runner/.dotnet/tools:/usr/local/sbin:/usr/local/bin:/usr/sbin:/usr/bin:/sbin:/bin:/usr/games:/usr/local/games:/snap/bin'[0m
build	Forge APK (Verbose)	2026-02-24T01:20:06.4541357Z [0m[1;31m#     GITHUB_BASE_REF = ''[0m
build	Forge APK (Verbose)	2026-02-24T01:20:06.4542173Z [0m[1;31m#     GHCUP_INSTALL_BASE_PREFIX = '/usr/local'[0m
build	Forge APK (Verbose)	2026-02-24T01:20:06.4542743Z [0m[1;31m#     CI = 'true'[0m
build	Forge APK (Verbose)	2026-02-24T01:20:06.4543308Z [0m[1;31m#     SWIFT_PATH = '/usr/share/swift/usr/bin'[0m
build	Forge APK (Verbose)	2026-02-24T01:20:06.4543850Z [0m[1;31m#     ImageOS = 'ubuntu24'[0m
build	Forge APK (Verbose)	2026-02-24T01:20:06.4544418Z [0m[1;31m#     GITHUB_REPOSITORY_OWNER = 'xhall-beep'[0m
build	Forge APK (Verbose)	2026-02-24T01:20:06.4544957Z [0m[1;31m#     GITHUB_HEAD_REF = ''[0m
build	Forge APK (Verbose)	2026-02-24T01:20:06.4545391Z [0m[1;31m#     GITHUB_ACTION_REF = ''[0m
build	Forge APK (Verbose)	2026-02-24T01:20:06.4545827Z [0m[1;31m#     ENABLE_RUNNER_TRACING = 'true'[0m
build	Forge APK (Verbose)	2026-02-24T01:20:06.4546418Z [0m[1;31m#     GITHUB_WORKFLOW = 'Apexyx Soul Forge v80-STRIKE'[0m
build	Forge APK (Verbose)	2026-02-24T01:20:06.4547025Z [0m[1;31m#     DEBIAN_FRONTEND = 'noninteractive'[0m
build	Forge APK (Verbose)	2026-02-24T01:20:06.4548314Z [0m[1;31m#     GITHUB_OUTPUT = '/home/runner/work/_temp/_runner_file_commands/set_output_c4391eda-858e-44d9-9a37-b055545f653e'[0m
build	Forge APK (Verbose)	2026-02-24T01:20:06.4549447Z [0m[1;31m#     AGENT_TOOLSDIRECTORY = '/opt/hostedtoolcache'[0m
build	Forge APK (Verbose)	2026-02-24T01:20:06.4550327Z [0m[1;31m#     _ = '/opt/hostedtoolcache/Python/3.11.14/x64/bin/buildozer'[0m
build	Forge APK (Verbose)	2026-02-24T01:20:06.4551421Z [0m[1;31m#     PACKAGES_PATH = '/home/runner/.buildozer/android/packages'[0m
build	Forge APK (Verbose)	2026-02-24T01:20:06.4552247Z [0m[1;31m#     ANDROIDSDK = '/home/runner/.buildozer/android/platform/android-sdk'[0m
build	Forge APK (Verbose)	2026-02-24T01:20:06.4553172Z [0m[1;31m#     ANDROIDNDK = '/home/runner/.buildozer/android/platform/android-ndk-r27c'[0m
build	Forge APK (Verbose)	2026-02-24T01:20:06.4553883Z [0m[1;31m#     ANDROIDAPI = '35'[0m
build	Forge APK (Verbose)	2026-02-24T01:20:06.4554358Z [0m[1;31m#     ANDROIDMINAPI = '26'[0m
build	Forge APK (Verbose)	2026-02-24T01:20:06.4554800Z [0m[1;31m# [0m
build	Forge APK (Verbose)	2026-02-24T01:20:06.4555288Z [0m[1;31m# Buildozer failed to execute the last command[0m
build	Forge APK (Verbose)	2026-02-24T01:20:06.4556049Z [0m[1;31m# The error might be hidden in the log above this error[0m
build	Forge APK (Verbose)	2026-02-24T01:20:06.4556831Z [0m[1;31m# Please read the full log, and search for it before[0m
build	Forge APK (Verbose)	2026-02-24T01:20:06.4557543Z [0m[1;31m# raising an issue with buildozer itself.[0m
build	Forge APK (Verbose)	2026-02-24T01:20:06.4558335Z [0m[1;31m# In case of a bug report, please add a full log with log_level = 2[0m
build	Forge APK (Verbose)	2026-02-24T01:20:06.4663511Z yes: standard output: Broken pipe
build	Forge APK (Verbose)	2026-02-24T01:20:06.4679447Z ##[error]Process completed with exit code 1.
build	Upload Sovereign APK	﻿2026-02-24T01:20:06.4755537Z ##[group]Run actions/upload-artifact@v4
build	Upload Sovereign APK	2026-02-24T01:20:06.4755809Z with:
build	Upload Sovereign APK	2026-02-24T01:20:06.4755992Z   name: Apexyx-Sovereign-v80-Debug
build	Upload Sovereign APK	2026-02-24T01:20:06.4756225Z   path: bin/*.apk
build	Upload Sovereign APK	2026-02-24T01:20:06.4756413Z   if-no-files-found: warn
build	Upload Sovereign APK	2026-02-24T01:20:06.4756622Z   compression-level: 6
build	Upload Sovereign APK	2026-02-24T01:20:06.4756813Z   overwrite: false
build	Upload Sovereign APK	2026-02-24T01:20:06.4756993Z   include-hidden-files: false
build	Upload Sovereign APK	2026-02-24T01:20:06.4757195Z env:
build	Upload Sovereign APK	2026-02-24T01:20:06.4757429Z   pythonLocation: /opt/hostedtoolcache/Python/3.11.14/x64
build	Upload Sovereign APK	2026-02-24T01:20:06.4757847Z   PKG_CONFIG_PATH: /opt/hostedtoolcache/Python/3.11.14/x64/lib/pkgconfig
build	Upload Sovereign APK	2026-02-24T01:20:06.4758247Z   Python_ROOT_DIR: /opt/hostedtoolcache/Python/3.11.14/x64
build	Upload Sovereign APK	2026-02-24T01:20:06.4758590Z   Python2_ROOT_DIR: /opt/hostedtoolcache/Python/3.11.14/x64
build	Upload Sovereign APK	2026-02-24T01:20:06.4758938Z   Python3_ROOT_DIR: /opt/hostedtoolcache/Python/3.11.14/x64
build	Upload Sovereign APK	2026-02-24T01:20:06.4759316Z   LD_LIBRARY_PATH: /opt/hostedtoolcache/Python/3.11.14/x64/lib
build	Upload Sovereign APK	2026-02-24T01:20:06.4759617Z ##[endgroup]
build	Upload Sovereign APK	2026-02-24T01:20:06.6927764Z ##[warning]No files were found with the provided path: bin/*.apk. No artifacts will be uploaded.
build	Post Run actions/checkout@v4	﻿2026-02-24T01:20:06.7046783Z Post job cleanup.
build	Post Run actions/checkout@v4	2026-02-24T01:20:06.7991716Z [command]/usr/bin/git version
build	Post Run actions/checkout@v4	2026-02-24T01:20:06.8027832Z git version 2.52.0
build	Post Run actions/checkout@v4	2026-02-24T01:20:06.8072464Z Temporarily overriding HOME='/home/runner/work/_temp/1be14be1-c3d5-4fef-bd95-96fffd25e84e' before making global git config changes
build	Post Run actions/checkout@v4	2026-02-24T01:20:06.8073848Z Adding repository directory to the temporary git global config as a safe directory
build	Post Run actions/checkout@v4	2026-02-24T01:20:06.8078896Z [command]/usr/bin/git config --global --add safe.directory /home/runner/work/APEXYX_ORI_AI/APEXYX_ORI_AI
build	Post Run actions/checkout@v4	2026-02-24T01:20:06.8115003Z [command]/usr/bin/git config --local --name-only --get-regexp core\.sshCommand
build	Post Run actions/checkout@v4	2026-02-24T01:20:06.8147464Z [command]/usr/bin/git submodule foreach --recursive sh -c "git config --local --name-only --get-regexp 'core\.sshCommand' && git config --local --unset-all 'core.sshCommand' || :"
build	Post Run actions/checkout@v4	2026-02-24T01:20:06.8375233Z [command]/usr/bin/git config --local --name-only --get-regexp http\.https\:\/\/github\.com\/\.extraheader
build	Post Run actions/checkout@v4	2026-02-24T01:20:06.8396077Z http.https://github.com/.extraheader
build	Post Run actions/checkout@v4	2026-02-24T01:20:06.8409226Z [command]/usr/bin/git config --local --unset-all http.https://github.com/.extraheader
build	Post Run actions/checkout@v4	2026-02-24T01:20:06.8439899Z [command]/usr/bin/git submodule foreach --recursive sh -c "git config --local --name-only --get-regexp 'http\.https\:\/\/github\.com\/\.extraheader' && git config --local --unset-all 'http.https://github.com/.extraheader' || :"
build	Post Run actions/checkout@v4	2026-02-24T01:20:06.8657930Z [command]/usr/bin/git config --local --name-only --get-regexp ^includeIf\.gitdir:
build	Post Run actions/checkout@v4	2026-02-24T01:20:06.8688958Z [command]/usr/bin/git submodule foreach --recursive git config --local --show-origin --name-only --get-regexp remote.origin.url
build	Complete job	﻿2026-02-24T01:20:06.9016887Z Cleaning up orphan processes
